[2025-03-29T03:52:18.340+0000][7][gc] Using G1
[2025-03-29T03:52:21.033+0000][7][gc,init] Version: 17.0.1+12 (release)
[2025-03-29T03:52:21.035+0000][7][gc,init] CPUs: 10 total, 2 available
[2025-03-29T03:52:21.037+0000][7][gc,init] Memory: 2048M
[2025-03-29T03:52:21.043+0000][7][gc,init] Large Page Support: Disabled
[2025-03-29T03:52:21.047+0000][7][gc,init] NUMA Support: Disabled
[2025-03-29T03:52:21.048+0000][7][gc,init] Compressed Oops: Enabled (32-bit)
[2025-03-29T03:52:21.050+0000][7][gc,init] Heap Region Size: 4M
[2025-03-29T03:52:21.051+0000][7][gc,init] Heap Min Capacity: 1G
[2025-03-29T03:52:21.052+0000][7][gc,init] Heap Initial Capacity: 1G
[2025-03-29T03:52:21.053+0000][7][gc,init] Heap Max Capacity: 1G
[2025-03-29T03:52:21.057+0000][7][gc,init] Pre-touch: Enabled
[2025-03-29T03:52:21.058+0000][7][gc,init] Parallel Workers: 2
[2025-03-29T03:52:21.060+0000][7][gc,init] Concurrent Workers: 1
[2025-03-29T03:52:21.066+0000][7][gc,init] Concurrent Refinement Workers: 2
[2025-03-29T03:52:21.067+0000][7][gc,init] Periodic GC: Disabled
[2025-03-29T03:52:21.069+0000][7][gc,metaspace] CDS archive(s) mapped at: [0x0000000800000000-0x0000000800bd1000-0x0000000800bd1000), size 12390400, SharedBaseAddress: 0x0000000800000000, ArchiveRelocationMode: 0.
[2025-03-29T03:52:21.076+0000][7][gc,metaspace] Compressed class space mapped at: 0x0000000800c00000-0x0000000840c00000, reserved size: 1073741824
[2025-03-29T03:52:21.076+0000][7][gc,metaspace] Narrow klass base: 0x0000000800000000, Narrow klass shift: 0, Narrow klass range: 0x100000000
[2025-03-29T03:52:22.497+0000][7][safepoint   ] Safepoint "Cleanup", Time since last: 1293672209 ns, Reaching safepoint: 1288042 ns, At safepoint: 7708 ns, Total: 1295750 ns
[2025-03-29T03:52:23.067+0000][7][safepoint   ] Safepoint "ICBufferFull", Time since last: 570429209 ns, Reaching safepoint: 142375 ns, At safepoint: 2125 ns, Total: 144500 ns
[2025-03-29T03:52:23.454+0000][7][safepoint   ] Safepoint "ICBufferFull", Time since last: 385500625 ns, Reaching safepoint: 574208 ns, At safepoint: 6917 ns, Total: 581125 ns
[2025-03-29T03:52:24.651+0000][7][safepoint   ] Safepoint "ICBufferFull", Time since last: 1197210792 ns, Reaching safepoint: 368417 ns, At safepoint: 13083 ns, Total: 381500 ns
[2025-03-29T03:52:25.227+0000][7][gc,start    ] GC(0) Pause Young (Normal) (G1 Evacuation Pause)
[2025-03-29T03:52:25.227+0000][7][gc,task     ] GC(0) Using 2 workers of 2 for evacuation
[2025-03-29T03:52:25.228+0000][7][gc,age      ] GC(0) Desired survivor size 4194304 bytes, new threshold 15 (max threshold 15)
[2025-03-29T03:52:25.280+0000][7][gc,age      ] GC(0) Age table with threshold 15 (max threshold 15)
[2025-03-29T03:52:25.283+0000][7][gc,age      ] GC(0) - age   1:    5864856 bytes,    5864856 total
[2025-03-29T03:52:25.289+0000][7][gc,phases   ] GC(0)   Pre Evacuate Collection Set: 0.3ms
[2025-03-29T03:52:25.302+0000][7][gc,phases   ] GC(0)   Merge Heap Roots: 0.1ms
[2025-03-29T03:52:25.305+0000][7][gc,phases   ] GC(0)   Evacuate Collection Set: 37.7ms
[2025-03-29T03:52:25.308+0000][7][gc,phases   ] GC(0)   Post Evacuate Collection Set: 9.7ms
[2025-03-29T03:52:25.309+0000][7][gc,phases   ] GC(0)   Other: 14.0ms
[2025-03-29T03:52:25.310+0000][7][gc,heap     ] GC(0) Eden regions: 12->0(10)
[2025-03-29T03:52:25.311+0000][7][gc,heap     ] GC(0) Survivor regions: 0->2(2)
[2025-03-29T03:52:25.313+0000][7][gc,heap     ] GC(0) Old regions: 0->0
[2025-03-29T03:52:25.314+0000][7][gc,heap     ] GC(0) Archive regions: 2->2
[2025-03-29T03:52:25.317+0000][7][gc,heap     ] GC(0) Humongous regions: 0->0
[2025-03-29T03:52:25.317+0000][7][gc,metaspace] GC(0) Metaspace: 11056K(11264K)->11056K(11264K) NonClass: 9680K(9792K)->9680K(9792K) Class: 1376K(1472K)->1376K(1472K)
[2025-03-29T03:52:25.322+0000][7][gc          ] GC(0) Pause Young (Normal) (G1 Evacuation Pause) 51M->9M(1024M) 94.449ms
[2025-03-29T03:52:25.325+0000][7][gc,cpu      ] GC(0) User=0.04s Sys=0.02s Real=0.09s
[2025-03-29T03:52:25.325+0000][7][safepoint   ] Safepoint "G1CollectForAllocation", Time since last: 575572292 ns, Reaching safepoint: 208500 ns, At safepoint: 97892125 ns, Total: 98100625 ns
[2025-03-29T03:52:26.375+0000][7][safepoint   ] Safepoint "Cleanup", Time since last: 1049560876 ns, Reaching safepoint: 123916 ns, At safepoint: 102167 ns, Total: 226083 ns
[2025-03-29T03:52:27.442+0000][7][safepoint   ] Safepoint "Cleanup", Time since last: 1060223667 ns, Reaching safepoint: 4914375 ns, At safepoint: 2222292 ns, Total: 7136667 ns
[2025-03-29T03:52:28.448+0000][7][safepoint   ] Safepoint "Cleanup", Time since last: 1004530042 ns, Reaching safepoint: 1522625 ns, At safepoint: 17667 ns, Total: 1540292 ns
[2025-03-29T03:52:29.087+0000][7][gc,start    ] GC(1) Pause Young (Normal) (G1 Evacuation Pause)
[2025-03-29T03:52:29.093+0000][7][gc,task     ] GC(1) Using 2 workers of 2 for evacuation
[2025-03-29T03:52:29.096+0000][7][gc,age      ] GC(1) Desired survivor size 4194304 bytes, new threshold 1 (max threshold 15)
[2025-03-29T03:52:29.168+0000][7][gc,age      ] GC(1) Age table with threshold 1 (max threshold 15)
[2025-03-29T03:52:29.172+0000][7][gc,age      ] GC(1) - age   1:    1603920 bytes,    1603920 total
[2025-03-29T03:52:29.203+0000][7][gc,phases   ] GC(1)   Pre Evacuate Collection Set: 0.4ms
[2025-03-29T03:52:29.206+0000][7][gc,phases   ] GC(1)   Merge Heap Roots: 0.2ms
[2025-03-29T03:52:29.208+0000][7][gc,phases   ] GC(1)   Evacuate Collection Set: 60.1ms
[2025-03-29T03:52:29.212+0000][7][gc,phases   ] GC(1)   Post Evacuate Collection Set: 10.6ms
[2025-03-29T03:52:29.224+0000][7][gc,phases   ] GC(1)   Other: 39.7ms
[2025-03-29T03:52:29.226+0000][7][gc,heap     ] GC(1) Eden regions: 10->0(11)
[2025-03-29T03:52:29.226+0000][7][gc,heap     ] GC(1) Survivor regions: 2->1(2)
[2025-03-29T03:52:29.231+0000][7][gc,heap     ] GC(1) Old regions: 0->2
[2025-03-29T03:52:29.237+0000][7][gc,heap     ] GC(1) Archive regions: 2->2
[2025-03-29T03:52:29.242+0000][7][gc,heap     ] GC(1) Humongous regions: 0->0
[2025-03-29T03:52:29.243+0000][7][gc,metaspace] GC(1) Metaspace: 14728K(14976K)->14728K(14976K) NonClass: 12976K(13120K)->12976K(13120K) Class: 1752K(1856K)->1752K(1856K)
[2025-03-29T03:52:29.244+0000][7][gc          ] GC(1) Pause Young (Normal) (G1 Evacuation Pause) 49M->11M(1024M) 157.658ms
[2025-03-29T03:52:29.256+0000][7][gc,cpu      ] GC(1) User=0.05s Sys=0.00s Real=0.17s
[2025-03-29T03:52:29.257+0000][7][safepoint   ] Safepoint "G1CollectForAllocation", Time since last: 637172625 ns, Reaching safepoint: 50250 ns, At safepoint: 172027000 ns, Total: 172077250 ns
[2025-03-29T03:52:30.264+0000][7][safepoint   ] Safepoint "Cleanup", Time since last: 1005534625 ns, Reaching safepoint: 1188959 ns, At safepoint: 15583 ns, Total: 1204542 ns
[2025-03-29T03:52:30.674+0000][7][gc,start    ] GC(2) Pause Young (Normal) (G1 Evacuation Pause)
[2025-03-29T03:52:30.675+0000][7][gc,task     ] GC(2) Using 2 workers of 2 for evacuation
[2025-03-29T03:52:30.675+0000][7][gc,age      ] GC(2) Desired survivor size 4194304 bytes, new threshold 15 (max threshold 15)
[2025-03-29T03:52:30.821+0000][7][gc,age      ] GC(2) Age table with threshold 15 (max threshold 15)
[2025-03-29T03:52:30.822+0000][7][gc,age      ] GC(2) - age   1:    1524944 bytes,    1524944 total
[2025-03-29T03:52:30.824+0000][7][gc,age      ] GC(2) - age   2:    1556192 bytes,    3081136 total
[2025-03-29T03:52:30.828+0000][7][gc,phases   ] GC(2)   Pre Evacuate Collection Set: 16.8ms
[2025-03-29T03:52:30.831+0000][7][gc,phases   ] GC(2)   Merge Heap Roots: 0.3ms
[2025-03-29T03:52:30.832+0000][7][gc,phases   ] GC(2)   Evacuate Collection Set: 121.4ms
[2025-03-29T03:52:30.835+0000][7][gc,phases   ] GC(2)   Post Evacuate Collection Set: 1.7ms
[2025-03-29T03:52:30.839+0000][7][gc,phases   ] GC(2)   Other: 13.3ms
[2025-03-29T03:52:30.851+0000][7][gc,heap     ] GC(2) Eden regions: 11->0(11)
[2025-03-29T03:52:30.852+0000][7][gc,heap     ] GC(2) Survivor regions: 1->1(2)
[2025-03-29T03:52:30.853+0000][7][gc,heap     ] GC(2) Old regions: 2->2
[2025-03-29T03:52:30.853+0000][7][gc,heap     ] GC(2) Archive regions: 2->2
[2025-03-29T03:52:30.854+0000][7][gc,heap     ] GC(2) Humongous regions: 0->0
[2025-03-29T03:52:30.855+0000][7][gc,metaspace] GC(2) Metaspace: 15816K(16128K)->15816K(16128K) NonClass: 13946K(14080K)->13946K(14080K) Class: 1869K(2048K)->1869K(2048K)
[2025-03-29T03:52:30.864+0000][7][gc          ] GC(2) Pause Young (Normal) (G1 Evacuation Pause) 55M->12M(1024M) 189.723ms
[2025-03-29T03:52:30.865+0000][7][gc,cpu      ] GC(2) User=0.06s Sys=0.01s Real=0.19s
[2025-03-29T03:52:30.866+0000][7][safepoint   ] Safepoint "G1CollectForAllocation", Time since last: 396228250 ns, Reaching safepoint: 13877459 ns, At safepoint: 191568958 ns, Total: 205446417 ns
[2025-03-29T03:52:31.868+0000][7][safepoint   ] Safepoint "Cleanup", Time since last: 1002101251 ns, Reaching safepoint: 129458 ns, At safepoint: 3000 ns, Total: 132458 ns
[2025-03-29T03:52:32.876+0000][7][safepoint   ] Safepoint "Cleanup", Time since last: 1007643959 ns, Reaching safepoint: 189541 ns, At safepoint: 7500 ns, Total: 197041 ns
[2025-03-29T03:52:33.084+0000][7][safepoint   ] Safepoint "ICBufferFull", Time since last: 202168667 ns, Reaching safepoint: 5862917 ns, At safepoint: 16916 ns, Total: 5879833 ns
[2025-03-29T03:52:33.086+0000][7][safepoint   ] Safepoint "ICBufferFull", Time since last: 2242500 ns, Reaching safepoint: 30459 ns, At safepoint: 1833 ns, Total: 32292 ns
[2025-03-29T03:52:33.087+0000][7][safepoint   ] Safepoint "ICBufferFull", Time since last: 350708 ns, Reaching safepoint: 60667 ns, At safepoint: 1833 ns, Total: 62500 ns
[2025-03-29T03:52:33.087+0000][7][safepoint   ] Safepoint "ICBufferFull", Time since last: 293084 ns, Reaching safepoint: 19458 ns, At safepoint: 958 ns, Total: 20416 ns
[2025-03-29T03:52:33.093+0000][7][safepoint   ] Safepoint "ICBufferFull", Time since last: 5935500 ns, Reaching safepoint: 40709 ns, At safepoint: 1958 ns, Total: 42667 ns
[2025-03-29T03:52:33.106+0000][7][safepoint   ] Safepoint "ICBufferFull", Time since last: 7969583 ns, Reaching safepoint: 5233000 ns, At safepoint: 9292 ns, Total: 5242292 ns
[2025-03-29T03:52:33.204+0000][7][safepoint   ] Safepoint "ICBufferFull", Time since last: 95123459 ns, Reaching safepoint: 2970833 ns, At safepoint: 7875 ns, Total: 2978708 ns
[2025-03-29T03:52:33.239+0000][7][safepoint   ] Safepoint "ICBufferFull", Time since last: 34449167 ns, Reaching safepoint: 707000 ns, At safepoint: 6375 ns, Total: 713375 ns
[2025-03-29T03:52:33.247+0000][7][safepoint   ] Safepoint "ICBufferFull", Time since last: 7110333 ns, Reaching safepoint: 121542 ns, At safepoint: 4125 ns, Total: 125667 ns
[2025-03-29T03:52:33.257+0000][7][safepoint   ] Safepoint "ICBufferFull", Time since last: 8876291 ns, Reaching safepoint: 1390667 ns, At safepoint: 7125 ns, Total: 1397792 ns
[2025-03-29T03:52:33.710+0000][7][gc,start    ] GC(3) Pause Young (Normal) (G1 Evacuation Pause)
[2025-03-29T03:52:33.711+0000][7][gc,task     ] GC(3) Using 2 workers of 2 for evacuation
[2025-03-29T03:52:33.718+0000][7][gc,age      ] GC(3) Desired survivor size 4194304 bytes, new threshold 15 (max threshold 15)
[2025-03-29T03:52:33.757+0000][7][gc,age      ] GC(3) Age table with threshold 15 (max threshold 15)
[2025-03-29T03:52:33.761+0000][7][gc,age      ] GC(3) - age   1:    1803792 bytes,    1803792 total
[2025-03-29T03:52:33.786+0000][7][gc,age      ] GC(3) - age   2:     630944 bytes,    2434736 total
[2025-03-29T03:52:33.786+0000][7][gc,age      ] GC(3) - age   3:    1556040 bytes,    3990776 total
[2025-03-29T03:52:33.787+0000][7][gc,phases   ] GC(3)   Pre Evacuate Collection Set: 1.1ms
[2025-03-29T03:52:33.816+0000][7][gc,phases   ] GC(3)   Merge Heap Roots: 0.1ms
[2025-03-29T03:52:33.817+0000][7][gc,phases   ] GC(3)   Evacuate Collection Set: 25.2ms
[2025-03-29T03:52:33.817+0000][7][gc,phases   ] GC(3)   Post Evacuate Collection Set: 5.8ms
[2025-03-29T03:52:33.818+0000][7][gc,phases   ] GC(3)   Other: 44.8ms
[2025-03-29T03:52:33.818+0000][7][gc,heap     ] GC(3) Eden regions: 11->0(13)
[2025-03-29T03:52:33.818+0000][7][gc,heap     ] GC(3) Survivor regions: 1->1(2)
[2025-03-29T03:52:33.818+0000][7][gc,heap     ] GC(3) Old regions: 2->2
[2025-03-29T03:52:33.818+0000][7][gc,heap     ] GC(3) Archive regions: 2->2
[2025-03-29T03:52:33.818+0000][7][gc,heap     ] GC(3) Humongous regions: 0->0
[2025-03-29T03:52:33.818+0000][7][gc,metaspace] GC(3) Metaspace: 17190K(17472K)->17190K(17472K) NonClass: 15152K(15296K)->15152K(15296K) Class: 2037K(2176K)->2037K(2176K)
[2025-03-29T03:52:33.818+0000][7][gc          ] GC(3) Pause Young (Normal) (G1 Evacuation Pause) 56M->13M(1024M) 107.754ms
[2025-03-29T03:52:33.818+0000][7][gc,cpu      ] GC(3) User=0.03s Sys=0.00s Real=0.11s
[2025-03-29T03:52:33.818+0000][7][safepoint   ] Safepoint "G1CollectForAllocation", Time since last: 452727833 ns, Reaching safepoint: 134584 ns, At safepoint: 108683750 ns, Total: 108818334 ns
[2025-03-29T03:52:34.717+0000][7][gc,start    ] GC(4) Pause Young (Normal) (G1 Evacuation Pause)
[2025-03-29T03:52:34.724+0000][7][gc,task     ] GC(4) Using 2 workers of 2 for evacuation
[2025-03-29T03:52:34.725+0000][7][gc,age      ] GC(4) Desired survivor size 4194304 bytes, new threshold 15 (max threshold 15)
[2025-03-29T03:52:34.763+0000][7][gc,age      ] GC(4) Age table with threshold 15 (max threshold 15)
[2025-03-29T03:52:34.763+0000][7][gc,age      ] GC(4) - age   1:    1675224 bytes,    1675224 total
[2025-03-29T03:52:34.764+0000][7][gc,age      ] GC(4) - age   2:    1349792 bytes,    3025016 total
[2025-03-29T03:52:34.764+0000][7][gc,age      ] GC(4) - age   3:     630944 bytes,    3655960 total
[2025-03-29T03:52:34.764+0000][7][gc,age      ] GC(4) - age   4:    1556040 bytes,    5212000 total
[2025-03-29T03:52:34.764+0000][7][gc,phases   ] GC(4)   Pre Evacuate Collection Set: 0.1ms
[2025-03-29T03:52:34.764+0000][7][gc,phases   ] GC(4)   Merge Heap Roots: 0.0ms
[2025-03-29T03:52:34.764+0000][7][gc,phases   ] GC(4)   Evacuate Collection Set: 34.3ms
[2025-03-29T03:52:34.764+0000][7][gc,phases   ] GC(4)   Post Evacuate Collection Set: 2.0ms
[2025-03-29T03:52:34.764+0000][7][gc,phases   ] GC(4)   Other: 10.3ms
[2025-03-29T03:52:34.773+0000][7][gc,heap     ] GC(4) Eden regions: 13->0(151)
[2025-03-29T03:52:34.776+0000][7][gc,heap     ] GC(4) Survivor regions: 1->2(2)
[2025-03-29T03:52:34.794+0000][7][gc,heap     ] GC(4) Old regions: 2->2
[2025-03-29T03:52:34.794+0000][7][gc,heap     ] GC(4) Archive regions: 2->2
[2025-03-29T03:52:34.794+0000][7][gc,heap     ] GC(4) Humongous regions: 0->0
[2025-03-29T03:52:34.800+0000][7][gc,metaspace] GC(4) Metaspace: 17319K(17600K)->17319K(17600K) NonClass: 15273K(15424K)->15273K(15424K) Class: 2046K(2176K)->2046K(2176K)
[2025-03-29T03:52:34.800+0000][7][gc          ] GC(4) Pause Young (Normal) (G1 Evacuation Pause) 65M->14M(1024M) 83.159ms
[2025-03-29T03:52:34.801+0000][7][gc,cpu      ] GC(4) User=0.03s Sys=0.00s Real=0.08s
[2025-03-29T03:52:34.801+0000][7][safepoint   ] Safepoint "G1CollectForAllocation", Time since last: 898478500 ns, Reaching safepoint: 382042 ns, At safepoint: 83767500 ns, Total: 84149542 ns
[2025-03-29T03:52:36.300+0000][7][safepoint   ] Safepoint "Cleanup", Time since last: 1497817792 ns, Reaching safepoint: 1580125 ns, At safepoint: 11125 ns, Total: 1591250 ns
[2025-03-29T03:52:37.311+0000][7][safepoint   ] Safepoint "Cleanup", Time since last: 1010053917 ns, Reaching safepoint: 150250 ns, At safepoint: 2709 ns, Total: 152959 ns
[2025-03-29T03:52:38.326+0000][7][safepoint   ] Safepoint "Cleanup", Time since last: 1012529417 ns, Reaching safepoint: 2961042 ns, At safepoint: 88250 ns, Total: 3049292 ns
[2025-03-29T03:52:39.336+0000][7][safepoint   ] Safepoint "Cleanup", Time since last: 1007517792 ns, Reaching safepoint: 2201916 ns, At safepoint: 5042 ns, Total: 2206958 ns
[2025-03-29T03:52:40.311+0000][7][gc,start    ] GC(5) Pause Young (Normal) (G1 Evacuation Pause)
[2025-03-29T03:52:40.312+0000][7][gc,task     ] GC(5) Using 2 workers of 2 for evacuation
[2025-03-29T03:52:40.312+0000][7][gc,age      ] GC(5) Desired survivor size 41943040 bytes, new threshold 15 (max threshold 15)
[2025-03-29T03:52:40.410+0000][7][gc,age      ] GC(5) Age table with threshold 15 (max threshold 15)
[2025-03-29T03:52:40.410+0000][7][gc,age      ] GC(5) - age   1:    7975576 bytes,    7975576 total
[2025-03-29T03:52:40.410+0000][7][gc,age      ] GC(5) - age   2:      65608 bytes,    8041184 total
[2025-03-29T03:52:40.410+0000][7][gc,age      ] GC(5) - age   3:    1346560 bytes,    9387744 total
[2025-03-29T03:52:40.411+0000][7][gc,age      ] GC(5) - age   4:     630120 bytes,   10017864 total
[2025-03-29T03:52:40.411+0000][7][gc,age      ] GC(5) - age   5:    1555584 bytes,   11573448 total
[2025-03-29T03:52:40.412+0000][7][gc,phases   ] GC(5)   Pre Evacuate Collection Set: 0.3ms
[2025-03-29T03:52:40.412+0000][7][gc,phases   ] GC(5)   Merge Heap Roots: 0.2ms
[2025-03-29T03:52:40.413+0000][7][gc,phases   ] GC(5)   Evacuate Collection Set: 94.0ms
[2025-03-29T03:52:40.413+0000][7][gc,phases   ] GC(5)   Post Evacuate Collection Set: 2.5ms
[2025-03-29T03:52:40.413+0000][7][gc,phases   ] GC(5)   Other: 15.8ms
[2025-03-29T03:52:40.413+0000][7][gc,heap     ] GC(5) Eden regions: 151->0(75)
[2025-03-29T03:52:40.413+0000][7][gc,heap     ] GC(5) Survivor regions: 2->3(20)
[2025-03-29T03:52:40.413+0000][7][gc,heap     ] GC(5) Old regions: 2->2
[2025-03-29T03:52:40.413+0000][7][gc,heap     ] GC(5) Archive regions: 2->2
[2025-03-29T03:52:40.413+0000][7][gc,heap     ] GC(5) Humongous regions: 0->0
[2025-03-29T03:52:40.413+0000][7][gc,metaspace] GC(5) Metaspace: 19504K(19968K)->19504K(19968K) NonClass: 17118K(17408K)->17118K(17408K) Class: 2386K(2560K)->2386K(2560K)
[2025-03-29T03:52:40.413+0000][7][gc          ] GC(5) Pause Young (Normal) (G1 Evacuation Pause) 618M->21M(1024M) 102.492ms
[2025-03-29T03:52:40.413+0000][7][gc,cpu      ] GC(5) User=0.09s Sys=0.00s Real=0.10s
[2025-03-29T03:52:40.417+0000][7][safepoint   ] Safepoint "G1CollectForAllocation", Time since last: 963567501 ns, Reaching safepoint: 73500 ns, At safepoint: 117213666 ns, Total: 117287166 ns
[2025-03-29T03:52:41.426+0000][7][safepoint   ] Safepoint "Cleanup", Time since last: 1008172334 ns, Reaching safepoint: 1219833 ns, At safepoint: 26042 ns, Total: 1245875 ns
[2025-03-29T03:52:42.445+0000][7][safepoint   ] Safepoint "Cleanup", Time since last: 1017188667 ns, Reaching safepoint: 996292 ns, At safepoint: 5417 ns, Total: 1001709 ns
[2025-03-29T03:52:43.452+0000][7][safepoint   ] Safepoint "Cleanup", Time since last: 1007367000 ns, Reaching safepoint: 187292 ns, At safepoint: 16583 ns, Total: 203875 ns
[2025-03-29T03:52:43.882+0000][7][gc,start    ] GC(6) Pause Young (Normal) (G1 Evacuation Pause)
[2025-03-29T03:52:43.883+0000][7][gc,task     ] GC(6) Using 2 workers of 2 for evacuation
[2025-03-29T03:52:43.883+0000][7][gc,age      ] GC(6) Desired survivor size 20971520 bytes, new threshold 15 (max threshold 15)
[2025-03-29T03:52:43.909+0000][7][gc,age      ] GC(6) Age table with threshold 15 (max threshold 15)
[2025-03-29T03:52:43.909+0000][7][gc,age      ] GC(6) - age   1:    1815648 bytes,    1815648 total
[2025-03-29T03:52:43.909+0000][7][gc,age      ] GC(6) - age   2:    6233160 bytes,    8048808 total
[2025-03-29T03:52:43.916+0000][7][gc,age      ] GC(6) - age   3:      65192 bytes,    8114000 total
[2025-03-29T03:52:43.916+0000][7][gc,age      ] GC(6) - age   4:    1345520 bytes,    9459520 total
[2025-03-29T03:52:43.917+0000][7][gc,age      ] GC(6) - age   5:     629976 bytes,   10089496 total
[2025-03-29T03:52:43.917+0000][7][gc,age      ] GC(6) - age   6:    1554808 bytes,   11644304 total
[2025-03-29T03:52:43.924+0000][7][gc,phases   ] GC(6)   Pre Evacuate Collection Set: 0.4ms
[2025-03-29T03:52:43.925+0000][7][gc,phases   ] GC(6)   Merge Heap Roots: 0.2ms
[2025-03-29T03:52:43.925+0000][7][gc,phases   ] GC(6)   Evacuate Collection Set: 23.0ms
[2025-03-29T03:52:43.925+0000][7][gc,phases   ] GC(6)   Post Evacuate Collection Set: 1.8ms
[2025-03-29T03:52:43.925+0000][7][gc,phases   ] GC(6)   Other: 10.4ms
[2025-03-29T03:52:43.925+0000][7][gc,heap     ] GC(6) Eden regions: 75->0(75)
[2025-03-29T03:52:43.925+0000][7][gc,heap     ] GC(6) Survivor regions: 3->3(10)
[2025-03-29T03:52:43.925+0000][7][gc,heap     ] GC(6) Old regions: 2->2
[2025-03-29T03:52:43.925+0000][7][gc,heap     ] GC(6) Archive regions: 2->2
[2025-03-29T03:52:43.926+0000][7][gc,heap     ] GC(6) Humongous regions: 0->0
[2025-03-29T03:52:43.926+0000][7][gc,metaspace] GC(6) Metaspace: 20634K(21056K)->20634K(21056K) NonClass: 18091K(18368K)->18091K(18368K) Class: 2543K(2688K)->2543K(2688K)
[2025-03-29T03:52:43.927+0000][7][gc          ] GC(6) Pause Young (Normal) (G1 Evacuation Pause) 321M->21M(1024M) 44.795ms
[2025-03-29T03:52:43.927+0000][7][gc,cpu      ] GC(6) User=0.05s Sys=0.00s Real=0.05s
[2025-03-29T03:52:43.927+0000][7][safepoint   ] Safepoint "G1CollectForAllocation", Time since last: 429678834 ns, Reaching safepoint: 84291 ns, At safepoint: 45132750 ns, Total: 45217041 ns
[2025-03-29T03:52:44.886+0000][7][gc,start    ] GC(7) Pause Young (Normal) (G1 Evacuation Pause)
[2025-03-29T03:52:44.887+0000][7][gc,task     ] GC(7) Using 2 workers of 2 for evacuation
[2025-03-29T03:52:44.887+0000][7][gc,age      ] GC(7) Desired survivor size 20971520 bytes, new threshold 15 (max threshold 15)
[2025-03-29T03:52:44.925+0000][7][gc,age      ] GC(7) Age table with threshold 15 (max threshold 15)
[2025-03-29T03:52:44.926+0000][7][gc,age      ] GC(7) - age   1:    1829840 bytes,    1829840 total
[2025-03-29T03:52:44.926+0000][7][gc,age      ] GC(7) - age   2:    1794104 bytes,    3623944 total
[2025-03-29T03:52:44.928+0000][7][gc,age      ] GC(7) - age   3:    6231512 bytes,    9855456 total
[2025-03-29T03:52:44.928+0000][7][gc,age      ] GC(7) - age   4:      65064 bytes,    9920520 total
[2025-03-29T03:52:44.928+0000][7][gc,age      ] GC(7) - age   5:    1345264 bytes,   11265784 total
[2025-03-29T03:52:44.929+0000][7][gc,age      ] GC(7) - age   6:     629976 bytes,   11895760 total
[2025-03-29T03:52:44.930+0000][7][gc,age      ] GC(7) - age   7:    1554808 bytes,   13450568 total
[2025-03-29T03:52:44.934+0000][7][gc,phases   ] GC(7)   Pre Evacuate Collection Set: 1.3ms
[2025-03-29T03:52:44.936+0000][7][gc,phases   ] GC(7)   Merge Heap Roots: 0.4ms
[2025-03-29T03:52:44.939+0000][7][gc,phases   ] GC(7)   Evacuate Collection Set: 29.5ms
[2025-03-29T03:52:44.940+0000][7][gc,phases   ] GC(7)   Post Evacuate Collection Set: 2.1ms
[2025-03-29T03:52:44.941+0000][7][gc,phases   ] GC(7)   Other: 14.6ms
[2025-03-29T03:52:44.941+0000][7][gc,heap     ] GC(7) Eden regions: 75->0(149)
[2025-03-29T03:52:44.942+0000][7][gc,heap     ] GC(7) Survivor regions: 3->4(10)
[2025-03-29T03:52:44.942+0000][7][gc,heap     ] GC(7) Old regions: 2->2
[2025-03-29T03:52:44.942+0000][7][gc,heap     ] GC(7) Archive regions: 2->2
[2025-03-29T03:52:44.943+0000][7][gc,heap     ] GC(7) Humongous regions: 0->0
[2025-03-29T03:52:44.944+0000][7][gc,metaspace] GC(7) Metaspace: 20969K(21504K)->20969K(21504K) NonClass: 18376K(18688K)->18376K(18688K) Class: 2593K(2816K)->2593K(2816K)
[2025-03-29T03:52:44.944+0000][7][gc          ] GC(7) Pause Young (Normal) (G1 Evacuation Pause) 321M->23M(1024M) 57.681ms
[2025-03-29T03:52:44.945+0000][7][gc,cpu      ] GC(7) User=0.05s Sys=0.00s Real=0.05s
[2025-03-29T03:52:44.945+0000][7][safepoint   ] Safepoint "G1CollectForAllocation", Time since last: 959429209 ns, Reaching safepoint: 98542 ns, At safepoint: 59016916 ns, Total: 59115458 ns
[2025-03-29T03:52:45.132+0000][7][gc,start    ] GC(8) Pause Young (Concurrent Start) (Metadata GC Threshold)
[2025-03-29T03:52:45.135+0000][7][gc,task     ] GC(8) Using 2 workers of 2 for evacuation
[2025-03-29T03:52:45.135+0000][7][gc,age      ] GC(8) Desired survivor size 41943040 bytes, new threshold 15 (max threshold 15)
[2025-03-29T03:52:45.172+0000][7][gc,age      ] GC(8) Age table with threshold 15 (max threshold 15)
[2025-03-29T03:52:45.174+0000][7][gc,age      ] GC(8) - age   1:     299888 bytes,     299888 total
[2025-03-29T03:52:45.174+0000][7][gc,age      ] GC(8) - age   2:     791344 bytes,    1091232 total
[2025-03-29T03:52:45.174+0000][7][gc,age      ] GC(8) - age   3:    1794104 bytes,    2885336 total
[2025-03-29T03:52:45.174+0000][7][gc,age      ] GC(8) - age   4:    6231272 bytes,    9116608 total
[2025-03-29T03:52:45.175+0000][7][gc,age      ] GC(8) - age   5:      65064 bytes,    9181672 total
[2025-03-29T03:52:45.175+0000][7][gc,age      ] GC(8) - age   6:    1345264 bytes,   10526936 total
[2025-03-29T03:52:45.175+0000][7][gc,age      ] GC(8) - age   7:     629976 bytes,   11156912 total
[2025-03-29T03:52:45.178+0000][7][gc,age      ] GC(8) - age   8:    1554808 bytes,   12711720 total
[2025-03-29T03:52:45.179+0000][7][gc,phases   ] GC(8)   Pre Evacuate Collection Set: 0.8ms
[2025-03-29T03:52:45.179+0000][7][gc,phases   ] GC(8)   Merge Heap Roots: 0.7ms
[2025-03-29T03:52:45.179+0000][7][gc,phases   ] GC(8)   Evacuate Collection Set: 18.3ms
[2025-03-29T03:52:45.179+0000][7][gc,phases   ] GC(8)   Post Evacuate Collection Set: 0.7ms
[2025-03-29T03:52:45.179+0000][7][gc,phases   ] GC(8)   Other: 26.2ms
[2025-03-29T03:52:45.180+0000][7][gc,heap     ] GC(8) Eden regions: 27->0(149)
[2025-03-29T03:52:45.181+0000][7][gc,heap     ] GC(8) Survivor regions: 4->4(20)
[2025-03-29T03:52:45.181+0000][7][gc,heap     ] GC(8) Old regions: 2->2
[2025-03-29T03:52:45.181+0000][7][gc,heap     ] GC(8) Archive regions: 2->2
[2025-03-29T03:52:45.181+0000][7][gc,heap     ] GC(8) Humongous regions: 0->0
[2025-03-29T03:52:45.181+0000][7][gc,metaspace] GC(8) Metaspace: 21001K(21504K)->21001K(21504K) NonClass: 18400K(18688K)->18400K(18688K) Class: 2601K(2816K)->2601K(2816K)
[2025-03-29T03:52:45.182+0000][7][gc          ] GC(8) Pause Young (Concurrent Start) (Metadata GC Threshold) 131M->22M(1024M) 49.622ms
[2025-03-29T03:52:45.182+0000][7][gc,cpu      ] GC(8) User=0.03s Sys=0.00s Real=0.05s
[2025-03-29T03:52:45.183+0000][7][safepoint   ] Safepoint "CollectForMetadataAllocation", Time since last: 186406334 ns, Reaching safepoint: 52792 ns, At safepoint: 50976291 ns, Total: 51029083 ns
[2025-03-29T03:52:45.183+0000][7][gc          ] GC(9) Concurrent Mark Cycle
[2025-03-29T03:52:45.188+0000][7][gc,marking  ] GC(9) Concurrent Clear Claimed Marks
[2025-03-29T03:52:45.194+0000][7][gc,marking  ] GC(9) Concurrent Clear Claimed Marks 8.148ms
[2025-03-29T03:52:45.194+0000][7][gc,marking  ] GC(9) Concurrent Scan Root Regions
[2025-03-29T03:52:45.220+0000][7][gc,marking  ] GC(9) Concurrent Scan Root Regions 25.728ms
[2025-03-29T03:52:45.220+0000][7][gc,marking  ] GC(9) Concurrent Mark
[2025-03-29T03:52:45.220+0000][7][gc,marking  ] GC(9) Concurrent Mark From Roots
[2025-03-29T03:52:45.220+0000][7][gc,task     ] GC(9) Using 1 workers of 1 for marking
[2025-03-29T03:52:45.321+0000][7][gc,marking  ] GC(9) Concurrent Mark From Roots 101.429ms
[2025-03-29T03:52:45.321+0000][7][gc,marking  ] GC(9) Concurrent Preclean
[2025-03-29T03:52:45.322+0000][7][gc,marking  ] GC(9) Concurrent Preclean 0.125ms
[2025-03-29T03:52:45.322+0000][7][gc,start    ] GC(9) Pause Remark
[2025-03-29T03:52:45.381+0000][7][gc          ] GC(9) Pause Remark 68M->68M(1024M) 59.297ms
[2025-03-29T03:52:45.382+0000][7][gc,cpu      ] GC(9) User=0.05s Sys=0.01s Real=0.06s
[2025-03-29T03:52:45.382+0000][7][safepoint   ] Safepoint "G1Concurrent", Time since last: 138890709 ns, Reaching safepoint: 89333 ns, At safepoint: 60058042 ns, Total: 60147375 ns
[2025-03-29T03:52:45.390+0000][7][gc,marking  ] GC(9) Concurrent Mark 170.069ms
[2025-03-29T03:52:45.393+0000][7][gc,marking  ] GC(9) Concurrent Rebuild Remembered Sets
[2025-03-29T03:52:45.414+0000][7][gc,marking  ] GC(9) Concurrent Rebuild Remembered Sets 21.457ms
[2025-03-29T03:52:45.414+0000][7][gc,start    ] GC(9) Pause Cleanup
[2025-03-29T03:52:45.414+0000][7][gc          ] GC(9) Pause Cleanup 80M->80M(1024M) 0.173ms
[2025-03-29T03:52:45.414+0000][7][gc,cpu      ] GC(9) User=0.00s Sys=0.00s Real=0.00s
[2025-03-29T03:52:45.415+0000][7][safepoint   ] Safepoint "G1Concurrent", Time since last: 32368125 ns, Reaching safepoint: 46250 ns, At safepoint: 292291 ns, Total: 338541 ns
[2025-03-29T03:52:45.415+0000][7][gc,marking  ] GC(9) Concurrent Cleanup for Next Mark
[2025-03-29T03:52:45.448+0000][7][gc,marking  ] GC(9) Concurrent Cleanup for Next Mark 33.589ms
[2025-03-29T03:52:45.449+0000][7][gc          ] GC(9) Concurrent Mark Cycle 265.568ms
[2025-03-29T03:52:46.435+0000][7][safepoint   ] Safepoint "Cleanup", Time since last: 1020613292 ns, Reaching safepoint: 246959 ns, At safepoint: 10916 ns, Total: 257875 ns
[2025-03-29T03:52:47.505+0000][7][safepoint   ] Safepoint "ICBufferFull", Time since last: 1061482626 ns, Reaching safepoint: 7808667 ns, At safepoint: 15166 ns, Total: 7823833 ns
[2025-03-29T03:52:47.919+0000][7][safepoint   ] Safepoint "ICBufferFull", Time since last: 419710125 ns, Reaching safepoint: 669584 ns, At safepoint: 7625 ns, Total: 677209 ns
[2025-03-29T03:52:47.919+0000][7][safepoint   ] Safepoint "ICBufferFull", Time since last: 594333 ns, Reaching safepoint: 19625 ns, At safepoint: 750 ns, Total: 20375 ns
[2025-03-29T03:52:47.920+0000][7][safepoint   ] Safepoint "ICBufferFull", Time since last: 355667 ns, Reaching safepoint: 15833 ns, At safepoint: 2000 ns, Total: 17833 ns
[2025-03-29T03:52:47.920+0000][7][safepoint   ] Safepoint "ICBufferFull", Time since last: 322917 ns, Reaching safepoint: 16958 ns, At safepoint: 708 ns, Total: 17666 ns
[2025-03-29T03:52:47.922+0000][7][safepoint   ] Safepoint "ICBufferFull", Time since last: 2311042 ns, Reaching safepoint: 29583 ns, At safepoint: 1625 ns, Total: 31208 ns
[2025-03-29T03:52:47.923+0000][7][safepoint   ] Safepoint "ICBufferFull", Time since last: 446167 ns, Reaching safepoint: 58583 ns, At safepoint: 750 ns, Total: 59333 ns
[2025-03-29T03:52:47.923+0000][7][safepoint   ] Safepoint "ICBufferFull", Time since last: 290584 ns, Reaching safepoint: 55458 ns, At safepoint: 792 ns, Total: 56250 ns
[2025-03-29T03:52:48.056+0000][7][safepoint   ] Safepoint "ICBufferFull", Time since last: 131862083 ns, Reaching safepoint: 1024500 ns, At safepoint: 8625 ns, Total: 1033125 ns
[2025-03-29T03:52:48.064+0000][7][safepoint   ] Safepoint "ICBufferFull", Time since last: 8232708 ns, Reaching safepoint: 29334 ns, At safepoint: 1750 ns, Total: 31084 ns
[2025-03-29T03:52:48.066+0000][7][safepoint   ] Safepoint "ICBufferFull", Time since last: 1264833 ns, Reaching safepoint: 50500 ns, At safepoint: 1375 ns, Total: 51875 ns
[2025-03-29T03:52:48.066+0000][7][safepoint   ] Safepoint "ICBufferFull", Time since last: 255458 ns, Reaching safepoint: 40042 ns, At safepoint: 750 ns, Total: 40792 ns
[2025-03-29T03:52:48.145+0000][7][safepoint   ] Safepoint "ICBufferFull", Time since last: 78615250 ns, Reaching safepoint: 43750 ns, At safepoint: 2208 ns, Total: 45958 ns
[2025-03-29T03:52:48.157+0000][7][safepoint   ] Safepoint "ICBufferFull", Time since last: 12234500 ns, Reaching safepoint: 44584 ns, At safepoint: 2458 ns, Total: 47042 ns
[2025-03-29T03:52:48.159+0000][7][safepoint   ] Safepoint "ICBufferFull", Time since last: 1741917 ns, Reaching safepoint: 19625 ns, At safepoint: 2833 ns, Total: 22458 ns
[2025-03-29T03:52:48.160+0000][7][safepoint   ] Safepoint "ICBufferFull", Time since last: 802208 ns, Reaching safepoint: 24250 ns, At safepoint: 2084 ns, Total: 26334 ns
[2025-03-29T03:52:48.170+0000][7][safepoint   ] Safepoint "ICBufferFull", Time since last: 10068791 ns, Reaching safepoint: 22125 ns, At safepoint: 1667 ns, Total: 23792 ns
[2025-03-29T03:52:48.267+0000][7][safepoint   ] Safepoint "ICBufferFull", Time since last: 96959958 ns, Reaching safepoint: 81834 ns, At safepoint: 6625 ns, Total: 88459 ns
[2025-03-29T03:52:49.350+0000][7][safepoint   ] Safepoint "Cleanup", Time since last: 1082401584 ns, Reaching safepoint: 502500 ns, At safepoint: 10625 ns, Total: 513125 ns
[2025-03-29T03:52:50.373+0000][7][safepoint   ] Safepoint "Cleanup", Time since last: 1020759958 ns, Reaching safepoint: 2331959 ns, At safepoint: 18000 ns, Total: 2349959 ns
[2025-03-29T03:52:51.387+0000][7][safepoint   ] Safepoint "Cleanup", Time since last: 1012669834 ns, Reaching safepoint: 1488208 ns, At safepoint: 8167 ns, Total: 1496375 ns
[2025-03-29T03:52:51.996+0000][7][safepoint   ] Safepoint "ICBufferFull", Time since last: 608430958 ns, Reaching safepoint: 197250 ns, At safepoint: 3750 ns, Total: 201000 ns
[2025-03-29T03:52:52.743+0000][7][safepoint   ] Safepoint "ICBufferFull", Time since last: 747003667 ns, Reaching safepoint: 167292 ns, At safepoint: 2125 ns, Total: 169417 ns
[2025-03-29T03:52:53.393+0000][7][gc,start    ] GC(10) Pause Young (Concurrent Start) (Metadata GC Threshold)
[2025-03-29T03:52:53.394+0000][7][gc,task     ] GC(10) Using 2 workers of 2 for evacuation
[2025-03-29T03:52:53.395+0000][7][gc,age      ] GC(10) Desired survivor size 41943040 bytes, new threshold 15 (max threshold 15)
[2025-03-29T03:52:53.528+0000][7][gc,age      ] GC(10) Age table with threshold 15 (max threshold 15)
[2025-03-29T03:52:53.534+0000][7][gc,age      ] GC(10) - age   1:   27630344 bytes,   27630344 total
[2025-03-29T03:52:53.536+0000][7][gc,age      ] GC(10) - age   2:     282416 bytes,   27912760 total
[2025-03-29T03:52:53.540+0000][7][gc,age      ] GC(10) - age   3:     771000 bytes,   28683760 total
[2025-03-29T03:52:53.540+0000][7][gc,age      ] GC(10) - age   4:    1770144 bytes,   30453904 total
[2025-03-29T03:52:53.540+0000][7][gc,age      ] GC(10) - age   5:    6191512 bytes,   36645416 total
[2025-03-29T03:52:53.540+0000][7][gc,age      ] GC(10) - age   6:      62112 bytes,   36707528 total
[2025-03-29T03:52:53.541+0000][7][gc,age      ] GC(10) - age   7:    1336064 bytes,   38043592 total
[2025-03-29T03:52:53.541+0000][7][gc,age      ] GC(10) - age   8:     563792 bytes,   38607384 total
[2025-03-29T03:52:53.541+0000][7][gc,age      ] GC(10) - age   9:    1509336 bytes,   40116720 total
[2025-03-29T03:52:53.542+0000][7][gc,phases   ] GC(10)   Pre Evacuate Collection Set: 0.9ms
[2025-03-29T03:52:53.542+0000][7][gc,phases   ] GC(10)   Merge Heap Roots: 0.1ms
[2025-03-29T03:52:53.545+0000][7][gc,phases   ] GC(10)   Evacuate Collection Set: 125.2ms
[2025-03-29T03:52:53.545+0000][7][gc,phases   ] GC(10)   Post Evacuate Collection Set: 6.4ms
[2025-03-29T03:52:53.545+0000][7][gc,phases   ] GC(10)   Other: 16.8ms
[2025-03-29T03:52:53.545+0000][7][gc,heap     ] GC(10) Eden regions: 93->0(45)
[2025-03-29T03:52:53.545+0000][7][gc,heap     ] GC(10) Survivor regions: 4->10(20)
[2025-03-29T03:52:53.545+0000][7][gc,heap     ] GC(10) Old regions: 2->2
[2025-03-29T03:52:53.546+0000][7][gc,heap     ] GC(10) Archive regions: 2->2
[2025-03-29T03:52:53.546+0000][7][gc,heap     ] GC(10) Humongous regions: 0->0
[2025-03-29T03:52:53.547+0000][7][gc,metaspace] GC(10) Metaspace: 35098K(35968K)->35098K(35968K) NonClass: 30447K(30976K)->30447K(30976K) Class: 4650K(4992K)->4650K(4992K)
[2025-03-29T03:52:53.547+0000][7][gc          ] GC(10) Pause Young (Concurrent Start) (Metadata GC Threshold) 394M->49M(1024M) 153.947ms
[2025-03-29T03:52:53.547+0000][7][gc,cpu      ] GC(10) User=0.26s Sys=0.01s Real=0.15s
[2025-03-29T03:52:53.547+0000][7][gc          ] GC(11) Concurrent Mark Cycle
[2025-03-29T03:52:53.547+0000][7][gc,marking  ] GC(11) Concurrent Clear Claimed Marks
[2025-03-29T03:52:53.547+0000][7][gc,marking  ] GC(11) Concurrent Clear Claimed Marks 0.138ms
[2025-03-29T03:52:53.547+0000][7][gc,marking  ] GC(11) Concurrent Scan Root Regions
[2025-03-29T03:52:53.551+0000][7][safepoint   ] Safepoint "CollectForMetadataAllocation", Time since last: 649018250 ns, Reaching safepoint: 144500 ns, At safepoint: 158613292 ns, Total: 158757792 ns
[2025-03-29T03:52:53.578+0000][7][gc,marking  ] GC(11) Concurrent Scan Root Regions 30.155ms
[2025-03-29T03:52:53.578+0000][7][gc,marking  ] GC(11) Concurrent Mark
[2025-03-29T03:52:53.578+0000][7][gc,marking  ] GC(11) Concurrent Mark From Roots
[2025-03-29T03:52:53.578+0000][7][gc,task     ] GC(11) Using 1 workers of 1 for marking
[2025-03-29T03:52:53.585+0000][7][gc,marking  ] GC(11) Concurrent Mark From Roots 7.411ms
[2025-03-29T03:52:53.589+0000][7][gc,marking  ] GC(11) Concurrent Preclean
[2025-03-29T03:52:53.595+0000][7][gc,marking  ] GC(11) Concurrent Preclean 6.168ms
[2025-03-29T03:52:53.600+0000][7][gc,start    ] GC(11) Pause Remark
[2025-03-29T03:52:53.606+0000][7][gc          ] GC(11) Pause Remark 51M->51M(1024M) 6.392ms
[2025-03-29T03:52:53.606+0000][7][gc,cpu      ] GC(11) User=0.01s Sys=0.00s Real=0.00s
[2025-03-29T03:52:53.608+0000][7][safepoint   ] Safepoint "G1Concurrent", Time since last: 46301250 ns, Reaching safepoint: 2641500 ns, At safepoint: 8647458 ns, Total: 11288958 ns
[2025-03-29T03:52:53.611+0000][7][gc,marking  ] GC(11) Concurrent Mark 33.316ms
[2025-03-29T03:52:53.611+0000][7][gc,marking  ] GC(11) Concurrent Rebuild Remembered Sets
[2025-03-29T03:52:53.614+0000][7][gc,marking  ] GC(11) Concurrent Rebuild Remembered Sets 2.293ms
[2025-03-29T03:52:53.615+0000][7][gc,start    ] GC(11) Pause Cleanup
[2025-03-29T03:52:53.615+0000][7][gc          ] GC(11) Pause Cleanup 51M->51M(1024M) 0.171ms
[2025-03-29T03:52:53.615+0000][7][gc,cpu      ] GC(11) User=0.00s Sys=0.00s Real=0.00s
[2025-03-29T03:52:53.615+0000][7][safepoint   ] Safepoint "G1Concurrent", Time since last: 5647209 ns, Reaching safepoint: 887166 ns, At safepoint: 682125 ns, Total: 1569291 ns
[2025-03-29T03:52:53.615+0000][7][gc,marking  ] GC(11) Concurrent Cleanup for Next Mark
[2025-03-29T03:52:53.625+0000][7][gc,marking  ] GC(11) Concurrent Cleanup for Next Mark 9.278ms
[2025-03-29T03:52:53.625+0000][7][gc          ] GC(11) Concurrent Mark Cycle 77.925ms
[2025-03-29T03:52:53.927+0000][7][safepoint   ] Safepoint "ICBufferFull", Time since last: 311156792 ns, Reaching safepoint: 117792 ns, At safepoint: 32208 ns, Total: 150000 ns
[2025-03-29T03:52:54.974+0000][7][safepoint   ] Safepoint "Cleanup", Time since last: 1046837209 ns, Reaching safepoint: 166750 ns, At safepoint: 12125 ns, Total: 178875 ns
[2025-03-29T03:52:55.363+0000][7][gc,start    ] GC(12) Pause Young (Normal) (G1 Evacuation Pause)
[2025-03-29T03:52:55.363+0000][7][gc,task     ] GC(12) Using 2 workers of 2 for evacuation
[2025-03-29T03:52:55.363+0000][7][gc,age      ] GC(12) Desired survivor size 16777216 bytes, new threshold 1 (max threshold 15)
[2025-03-29T03:52:55.419+0000][7][gc,age      ] GC(12) Age table with threshold 1 (max threshold 15)
[2025-03-29T03:52:55.419+0000][7][gc,age      ] GC(12) - age   1:    6127344 bytes,    6127344 total
[2025-03-29T03:52:55.419+0000][7][gc,phases   ] GC(12)   Pre Evacuate Collection Set: 0.2ms
[2025-03-29T03:52:55.419+0000][7][gc,phases   ] GC(12)   Merge Heap Roots: 0.1ms
[2025-03-29T03:52:55.419+0000][7][gc,phases   ] GC(12)   Evacuate Collection Set: 54.5ms
[2025-03-29T03:52:55.419+0000][7][gc,phases   ] GC(12)   Post Evacuate Collection Set: 0.9ms
[2025-03-29T03:52:55.419+0000][7][gc,phases   ] GC(12)   Other: 0.6ms
[2025-03-29T03:52:55.419+0000][7][gc,heap     ] GC(12) Eden regions: 54->0(151)
[2025-03-29T03:52:55.420+0000][7][gc,heap     ] GC(12) Survivor regions: 10->2(8)
[2025-03-29T03:52:55.420+0000][7][gc,heap     ] GC(12) Old regions: 2->11
[2025-03-29T03:52:55.420+0000][7][gc,heap     ] GC(12) Archive regions: 2->2
[2025-03-29T03:52:55.420+0000][7][gc,heap     ] GC(12) Humongous regions: 0->0
[2025-03-29T03:52:55.420+0000][7][gc,metaspace] GC(12) Metaspace: 52184K(53376K)->52184K(53376K) NonClass: 45103K(45824K)->45103K(45824K) Class: 7081K(7552K)->7081K(7552K)
[2025-03-29T03:52:55.420+0000][7][gc          ] GC(12) Pause Young (Normal) (G1 Evacuation Pause) 265M->55M(1024M) 56.896ms
[2025-03-29T03:52:55.420+0000][7][gc,cpu      ] GC(12) User=0.13s Sys=0.00s Real=0.06s
[2025-03-29T03:52:55.420+0000][7][safepoint   ] Safepoint "G1CollectForAllocation", Time since last: 389071333 ns, Reaching safepoint: 118667 ns, At safepoint: 57027542 ns, Total: 57146209 ns
[2025-03-29T03:52:55.961+0000][7][safepoint   ] Safepoint "ICBufferFull", Time since last: 540770917 ns, Reaching safepoint: 199500 ns, At safepoint: 17875 ns, Total: 217375 ns
[2025-03-29T03:52:55.995+0000][7][safepoint   ] Safepoint "ICBufferFull", Time since last: 33139083 ns, Reaching safepoint: 518542 ns, At safepoint: 4500 ns, Total: 523042 ns
[2025-03-29T03:52:56.557+0000][7][gc,start    ] GC(13) Pause Young (Concurrent Start) (Metadata GC Threshold)
[2025-03-29T03:52:56.557+0000][7][gc,task     ] GC(13) Using 2 workers of 2 for evacuation
[2025-03-29T03:52:56.557+0000][7][gc,age      ] GC(13) Desired survivor size 41943040 bytes, new threshold 15 (max threshold 15)
[2025-03-29T03:52:56.564+0000][7][gc,age      ] GC(13) Age table with threshold 15 (max threshold 15)
[2025-03-29T03:52:56.564+0000][7][gc,age      ] GC(13) - age   1:    4098440 bytes,    4098440 total
[2025-03-29T03:52:56.564+0000][7][gc,age      ] GC(13) - age   2:    5932928 bytes,   10031368 total
[2025-03-29T03:52:56.564+0000][7][gc,phases   ] GC(13)   Pre Evacuate Collection Set: 0.1ms
[2025-03-29T03:52:56.564+0000][7][gc,phases   ] GC(13)   Merge Heap Roots: 0.1ms
[2025-03-29T03:52:56.564+0000][7][gc,phases   ] GC(13)   Evacuate Collection Set: 5.7ms
[2025-03-29T03:52:56.564+0000][7][gc,phases   ] GC(13)   Post Evacuate Collection Set: 0.6ms
[2025-03-29T03:52:56.564+0000][7][gc,phases   ] GC(13)   Other: 0.4ms
[2025-03-29T03:52:56.564+0000][7][gc,heap     ] GC(13) Eden regions: 43->0(150)
[2025-03-29T03:52:56.564+0000][7][gc,heap     ] GC(13) Survivor regions: 2->3(20)
[2025-03-29T03:52:56.564+0000][7][gc,heap     ] GC(13) Old regions: 11->11
[2025-03-29T03:52:56.564+0000][7][gc,heap     ] GC(13) Archive regions: 2->2
[2025-03-29T03:52:56.564+0000][7][gc,heap     ] GC(13) Humongous regions: 0->0
[2025-03-29T03:52:56.564+0000][7][gc,metaspace] GC(13) Metaspace: 59240K(60480K)->59240K(60480K) NonClass: 51171K(51968K)->51171K(51968K) Class: 8069K(8512K)->8069K(8512K)
[2025-03-29T03:52:56.564+0000][7][gc          ] GC(13) Pause Young (Concurrent Start) (Metadata GC Threshold) 227M->58M(1024M) 7.178ms
[2025-03-29T03:52:56.564+0000][7][gc,cpu      ] GC(13) User=0.01s Sys=0.01s Real=0.01s
[2025-03-29T03:52:56.564+0000][7][safepoint   ] Safepoint "CollectForMetadataAllocation", Time since last: 562141625 ns, Reaching safepoint: 398458 ns, At safepoint: 7348709 ns, Total: 7747167 ns
[2025-03-29T03:52:56.564+0000][7][gc          ] GC(14) Concurrent Mark Cycle
[2025-03-29T03:52:56.565+0000][7][gc,marking  ] GC(14) Concurrent Clear Claimed Marks
[2025-03-29T03:52:56.565+0000][7][gc,marking  ] GC(14) Concurrent Clear Claimed Marks 0.289ms
[2025-03-29T03:52:56.565+0000][7][gc,marking  ] GC(14) Concurrent Scan Root Regions
[2025-03-29T03:52:56.569+0000][7][gc,marking  ] GC(14) Concurrent Scan Root Regions 4.075ms
[2025-03-29T03:52:56.569+0000][7][gc,marking  ] GC(14) Concurrent Mark
[2025-03-29T03:52:56.569+0000][7][gc,marking  ] GC(14) Concurrent Mark From Roots
[2025-03-29T03:52:56.569+0000][7][gc,task     ] GC(14) Using 1 workers of 1 for marking
[2025-03-29T03:52:56.604+0000][7][gc,marking  ] GC(14) Concurrent Mark From Roots 34.640ms
[2025-03-29T03:52:56.607+0000][7][gc,marking  ] GC(14) Concurrent Preclean
[2025-03-29T03:52:56.609+0000][7][gc,marking  ] GC(14) Concurrent Preclean 2.178ms
[2025-03-29T03:52:56.610+0000][7][gc,start    ] GC(14) Pause Remark
[2025-03-29T03:52:56.612+0000][7][gc          ] GC(14) Pause Remark 74M->74M(1024M) 2.765ms
[2025-03-29T03:52:56.612+0000][7][gc,cpu      ] GC(14) User=0.01s Sys=0.00s Real=0.00s
[2025-03-29T03:52:56.613+0000][7][safepoint   ] Safepoint "G1Concurrent", Time since last: 44868291 ns, Reaching safepoint: 304084 ns, At safepoint: 2919541 ns, Total: 3223625 ns
[2025-03-29T03:52:56.613+0000][7][gc,marking  ] GC(14) Concurrent Mark 43.519ms
[2025-03-29T03:52:56.613+0000][7][gc,marking  ] GC(14) Concurrent Rebuild Remembered Sets
[2025-03-29T03:52:56.613+0000][7][gc,marking  ] GC(14) Concurrent Rebuild Remembered Sets 0.062ms
[2025-03-29T03:52:56.614+0000][7][gc,start    ] GC(14) Pause Cleanup
[2025-03-29T03:52:56.614+0000][7][gc          ] GC(14) Pause Cleanup 74M->74M(1024M) 0.054ms
[2025-03-29T03:52:56.614+0000][7][gc,cpu      ] GC(14) User=0.00s Sys=0.00s Real=0.00s
[2025-03-29T03:52:56.614+0000][7][safepoint   ] Safepoint "G1Concurrent", Time since last: 300750 ns, Reaching safepoint: 691459 ns, At safepoint: 159416 ns, Total: 850875 ns
[2025-03-29T03:52:56.614+0000][7][gc,marking  ] GC(14) Concurrent Cleanup for Next Mark
[2025-03-29T03:52:56.647+0000][7][gc,marking  ] GC(14) Concurrent Cleanup for Next Mark 32.782ms
[2025-03-29T03:52:56.647+0000][7][gc          ] GC(14) Concurrent Mark Cycle 82.158ms
[2025-03-29T03:52:57.009+0000][7][safepoint   ] Safepoint "ICBufferFull", Time since last: 395479959 ns, Reaching safepoint: 160458 ns, At safepoint: 2084 ns, Total: 162542 ns
[2025-03-29T03:52:57.506+0000][7][safepoint   ] Safepoint "ICBufferFull", Time since last: 496377250 ns, Reaching safepoint: 187750 ns, At safepoint: 6291 ns, Total: 194041 ns
[2025-03-29T03:52:57.634+0000][7][safepoint   ] Safepoint "ICBufferFull", Time since last: 127647875 ns, Reaching safepoint: 640500 ns, At safepoint: 3792 ns, Total: 644292 ns
[2025-03-29T03:52:57.924+0000][7][safepoint   ] Safepoint "ICBufferFull", Time since last: 289958334 ns, Reaching safepoint: 251666 ns, At safepoint: 5500 ns, Total: 257166 ns
[2025-03-29T03:52:58.337+0000][7][safepoint   ] Safepoint "ICBufferFull", Time since last: 412300625 ns, Reaching safepoint: 526334 ns, At safepoint: 9375 ns, Total: 535709 ns
[2025-03-29T03:52:58.583+0000][7][safepoint   ] Safepoint "ICBufferFull", Time since last: 244460750 ns, Reaching safepoint: 1079583 ns, At safepoint: 6750 ns, Total: 1086333 ns
[2025-03-29T03:52:58.702+0000][7][safepoint   ] Safepoint "ICBufferFull", Time since last: 119416959 ns, Reaching safepoint: 192958 ns, At safepoint: 4667 ns, Total: 197625 ns
[2025-03-29T03:52:58.961+0000][7][safepoint   ] Safepoint "ICBufferFull", Time since last: 258518250 ns, Reaching safepoint: 171583 ns, At safepoint: 6333 ns, Total: 177916 ns
[2025-03-29T03:52:59.218+0000][7][safepoint   ] Safepoint "ICBufferFull", Time since last: 255987667 ns, Reaching safepoint: 947084 ns, At safepoint: 10333 ns, Total: 957417 ns
[2025-03-29T03:52:59.466+0000][7][safepoint   ] Safepoint "ICBufferFull", Time since last: 246033500 ns, Reaching safepoint: 2133958 ns, At safepoint: 11250 ns, Total: 2145208 ns
[2025-03-29T03:53:00.100+0000][7][safepoint   ] Safepoint "ICBufferFull", Time since last: 633920917 ns, Reaching safepoint: 329459 ns, At safepoint: 7833 ns, Total: 337292 ns
[2025-03-29T03:53:00.416+0000][7][safepoint   ] Safepoint "ICBufferFull", Time since last: 314625667 ns, Reaching safepoint: 640500 ns, At safepoint: 12041 ns, Total: 652541 ns
[2025-03-29T03:53:00.587+0000][7][safepoint   ] Safepoint "ICBufferFull", Time since last: 170573751 ns, Reaching safepoint: 222958 ns, At safepoint: 8250 ns, Total: 231208 ns
[2025-03-29T03:53:00.789+0000][7][safepoint   ] Safepoint "CollectForMetadataAllocation", Time since last: 202496667 ns, Reaching safepoint: 202416 ns, At safepoint: 71584 ns, Total: 274000 ns
[2025-03-29T03:53:00.791+0000][7][gc,start    ] GC(15) Pause Young (Concurrent Start) (GCLocker Initiated GC)
[2025-03-29T03:53:00.791+0000][7][gc,task     ] GC(15) Using 2 workers of 2 for evacuation
[2025-03-29T03:53:00.791+0000][7][gc,age      ] GC(15) Desired survivor size 41943040 bytes, new threshold 15 (max threshold 15)
[2025-03-29T03:53:00.929+0000][7][gc,age      ] GC(15) Age table with threshold 15 (max threshold 15)
[2025-03-29T03:53:00.929+0000][7][gc,age      ] GC(15) - age   1:   18047752 bytes,   18047752 total
[2025-03-29T03:53:00.929+0000][7][gc,age      ] GC(15) - age   2:    3959440 bytes,   22007192 total
[2025-03-29T03:53:00.929+0000][7][gc,age      ] GC(15) - age   3:    5689816 bytes,   27697008 total
[2025-03-29T03:53:00.930+0000][7][gc,phases   ] GC(15)   Pre Evacuate Collection Set: 0.5ms
[2025-03-29T03:53:00.930+0000][7][gc,phases   ] GC(15)   Merge Heap Roots: 0.2ms
[2025-03-29T03:53:00.930+0000][7][gc,phases   ] GC(15)   Evacuate Collection Set: 132.9ms
[2025-03-29T03:53:00.930+0000][7][gc,phases   ] GC(15)   Post Evacuate Collection Set: 4.0ms
[2025-03-29T03:53:00.930+0000][7][gc,phases   ] GC(15)   Other: 1.1ms
[2025-03-29T03:53:00.930+0000][7][gc,heap     ] GC(15) Eden regions: 100->0(42)
[2025-03-29T03:53:00.930+0000][7][gc,heap     ] GC(15) Survivor regions: 3->7(20)
[2025-03-29T03:53:00.930+0000][7][gc,heap     ] GC(15) Old regions: 11->11
[2025-03-29T03:53:00.930+0000][7][gc,heap     ] GC(15) Archive regions: 2->2
[2025-03-29T03:53:00.930+0000][7][gc,heap     ] GC(15) Humongous regions: 2->2
[2025-03-29T03:53:00.931+0000][7][gc,metaspace] GC(15) Metaspace: 99738K(101312K)->99738K(101312K) NonClass: 85659K(86592K)->85659K(86592K) Class: 14078K(14720K)->14078K(14720K)
[2025-03-29T03:53:00.931+0000][7][gc          ] GC(15) Pause Young (Concurrent Start) (GCLocker Initiated GC) 466M->83M(1024M) 140.140ms
[2025-03-29T03:53:00.931+0000][7][gc,cpu      ] GC(15) User=0.21s Sys=0.00s Real=0.14s
[2025-03-29T03:53:00.931+0000][7][safepoint   ] Safepoint "G1CollectForAllocation", Time since last: 242750 ns, Reaching safepoint: 1185750 ns, At safepoint: 140538166 ns, Total: 141723916 ns
[2025-03-29T03:53:00.931+0000][7][gc          ] GC(16) Concurrent Mark Cycle
[2025-03-29T03:53:00.932+0000][7][gc,marking  ] GC(16) Concurrent Clear Claimed Marks
[2025-03-29T03:53:00.934+0000][7][gc,marking  ] GC(16) Concurrent Clear Claimed Marks 1.348ms
[2025-03-29T03:53:00.935+0000][7][gc,marking  ] GC(16) Concurrent Scan Root Regions
[2025-03-29T03:53:00.975+0000][7][gc,marking  ] GC(16) Concurrent Scan Root Regions 40.709ms
[2025-03-29T03:53:00.977+0000][7][gc,marking  ] GC(16) Concurrent Mark
[2025-03-29T03:53:00.980+0000][7][gc,marking  ] GC(16) Concurrent Mark From Roots
[2025-03-29T03:53:00.980+0000][7][gc,task     ] GC(16) Using 1 workers of 1 for marking
[2025-03-29T03:53:00.990+0000][7][safepoint   ] Safepoint "CollectForMetadataAllocation", Time since last: 46905375 ns, Reaching safepoint: 11562792 ns, At safepoint: 373167 ns, Total: 11935959 ns
[2025-03-29T03:53:01.082+0000][7][safepoint   ] Safepoint "CollectForMetadataAllocation", Time since last: 90139916 ns, Reaching safepoint: 1045667 ns, At safepoint: 411625 ns, Total: 1457292 ns
[2025-03-29T03:53:01.161+0000][7][gc,marking  ] GC(16) Concurrent Mark From Roots 181.127ms
[2025-03-29T03:53:01.161+0000][7][gc,marking  ] GC(16) Concurrent Preclean
[2025-03-29T03:53:01.161+0000][7][gc,marking  ] GC(16) Concurrent Preclean 0.164ms
[2025-03-29T03:53:01.162+0000][7][gc,start    ] GC(16) Pause Remark
[2025-03-29T03:53:01.168+0000][7][gc          ] GC(16) Pause Remark 98M->98M(1024M) 6.206ms
[2025-03-29T03:53:01.168+0000][7][gc,cpu      ] GC(16) User=0.02s Sys=0.00s Real=0.00s
[2025-03-29T03:53:01.168+0000][7][safepoint   ] Safepoint "G1Concurrent", Time since last: 79372167 ns, Reaching safepoint: 466958 ns, At safepoint: 6360750 ns, Total: 6827708 ns
[2025-03-29T03:53:01.168+0000][7][gc,marking  ] GC(16) Concurrent Mark 191.254ms
[2025-03-29T03:53:01.168+0000][7][gc,marking  ] GC(16) Concurrent Rebuild Remembered Sets
[2025-03-29T03:53:01.168+0000][7][gc,marking  ] GC(16) Concurrent Rebuild Remembered Sets 0.055ms
[2025-03-29T03:53:01.169+0000][7][gc,start    ] GC(16) Pause Cleanup
[2025-03-29T03:53:01.169+0000][7][gc          ] GC(16) Pause Cleanup 98M->98M(1024M) 0.038ms
[2025-03-29T03:53:01.169+0000][7][gc,cpu      ] GC(16) User=0.00s Sys=0.00s Real=0.00s
[2025-03-29T03:53:01.169+0000][7][safepoint   ] Safepoint "G1Concurrent", Time since last: 328917 ns, Reaching safepoint: 255750 ns, At safepoint: 109750 ns, Total: 365500 ns
[2025-03-29T03:53:01.169+0000][7][gc,marking  ] GC(16) Concurrent Cleanup for Next Mark
[2025-03-29T03:53:01.175+0000][7][gc,marking  ] GC(16) Concurrent Cleanup for Next Mark 6.683ms
[2025-03-29T03:53:01.176+0000][7][gc          ] GC(16) Concurrent Mark Cycle 244.085ms
[2025-03-29T03:53:01.573+0000][7][safepoint   ] Safepoint "ICBufferFull", Time since last: 403637917 ns, Reaching safepoint: 333208 ns, At safepoint: 11083 ns, Total: 344291 ns
[2025-03-29T03:53:01.780+0000][7][safepoint   ] Safepoint "ICBufferFull", Time since last: 206022417 ns, Reaching safepoint: 982583 ns, At safepoint: 7959 ns, Total: 990542 ns
[2025-03-29T03:53:02.021+0000][7][safepoint   ] Safepoint "ICBufferFull", Time since last: 241637583 ns, Reaching safepoint: 94584 ns, At safepoint: 23500 ns, Total: 118084 ns
[2025-03-29T03:53:02.549+0000][7][safepoint   ] Safepoint "ICBufferFull", Time since last: 526919667 ns, Reaching safepoint: 330375 ns, At safepoint: 18750 ns, Total: 349125 ns
[2025-03-29T03:53:02.608+0000][7][gc,start    ] GC(17) Pause Young (Concurrent Start) (G1 Evacuation Pause)
[2025-03-29T03:53:02.609+0000][7][gc,task     ] GC(17) Using 2 workers of 2 for evacuation
[2025-03-29T03:53:02.609+0000][7][gc,age      ] GC(17) Desired survivor size 14680064 bytes, new threshold 1 (max threshold 15)
[2025-03-29T03:53:02.662+0000][7][gc,age      ] GC(17) Age table with threshold 1 (max threshold 15)
[2025-03-29T03:53:02.662+0000][7][gc,age      ] GC(17) - age   1:    3628560 bytes,    3628560 total
[2025-03-29T03:53:02.662+0000][7][gc,phases   ] GC(17)   Pre Evacuate Collection Set: 0.6ms
[2025-03-29T03:53:02.662+0000][7][gc,phases   ] GC(17)   Merge Heap Roots: 0.2ms
[2025-03-29T03:53:02.662+0000][7][gc,phases   ] GC(17)   Evacuate Collection Set: 50.9ms
[2025-03-29T03:53:02.662+0000][7][gc,phases   ] GC(17)   Post Evacuate Collection Set: 1.1ms
[2025-03-29T03:53:02.662+0000][7][gc,phases   ] GC(17)   Other: 2.0ms
[2025-03-29T03:53:02.663+0000][7][gc,heap     ] GC(17) Eden regions: 46->0(151)
[2025-03-29T03:53:02.663+0000][7][gc,heap     ] GC(17) Survivor regions: 7->2(7)
[2025-03-29T03:53:02.663+0000][7][gc,heap     ] GC(17) Old regions: 11->18
[2025-03-29T03:53:02.663+0000][7][gc,heap     ] GC(17) Archive regions: 2->2
[2025-03-29T03:53:02.663+0000][7][gc,heap     ] GC(17) Humongous regions: 2->2
[2025-03-29T03:53:02.663+0000][7][gc,metaspace] GC(17) Metaspace: 103759K(105216K)->103759K(105216K) NonClass: 89159K(90048K)->89159K(90048K) Class: 14600K(15168K)->14600K(15168K)
[2025-03-29T03:53:02.663+0000][7][gc          ] GC(17) Pause Young (Concurrent Start) (G1 Evacuation Pause) 267M->87M(1024M) 54.445ms
[2025-03-29T03:53:02.663+0000][7][gc,cpu      ] GC(17) User=0.06s Sys=0.00s Real=0.06s
[2025-03-29T03:53:02.663+0000][7][safepoint   ] Safepoint "G1CollectForAllocation", Time since last: 58500166 ns, Reaching safepoint: 117750 ns, At safepoint: 55658584 ns, Total: 55776334 ns
[2025-03-29T03:53:02.663+0000][7][gc          ] GC(18) Concurrent Mark Cycle
[2025-03-29T03:53:02.664+0000][7][gc,marking  ] GC(18) Concurrent Clear Claimed Marks
[2025-03-29T03:53:02.664+0000][7][gc,marking  ] GC(18) Concurrent Clear Claimed Marks 0.203ms
[2025-03-29T03:53:02.664+0000][7][gc,marking  ] GC(18) Concurrent Scan Root Regions
[2025-03-29T03:53:02.679+0000][7][gc,marking  ] GC(18) Concurrent Scan Root Regions 15.515ms
[2025-03-29T03:53:02.680+0000][7][gc,marking  ] GC(18) Concurrent Mark
[2025-03-29T03:53:02.680+0000][7][gc,marking  ] GC(18) Concurrent Mark From Roots
[2025-03-29T03:53:02.680+0000][7][gc,task     ] GC(18) Using 1 workers of 1 for marking
[2025-03-29T03:53:02.869+0000][7][gc,marking  ] GC(18) Concurrent Mark From Roots 189.796ms
[2025-03-29T03:53:02.871+0000][7][gc,marking  ] GC(18) Concurrent Preclean
[2025-03-29T03:53:02.872+0000][7][gc,marking  ] GC(18) Concurrent Preclean 1.249ms
[2025-03-29T03:53:02.874+0000][7][gc,start    ] GC(18) Pause Remark
[2025-03-29T03:53:02.884+0000][7][gc          ] GC(18) Pause Remark 102M->102M(1024M) 9.605ms
[2025-03-29T03:53:02.884+0000][7][gc,cpu      ] GC(18) User=0.02s Sys=0.00s Real=0.01s
[2025-03-29T03:53:02.884+0000][7][safepoint   ] Safepoint "G1Concurrent", Time since last: 209763375 ns, Reaching safepoint: 1221166 ns, At safepoint: 9974292 ns, Total: 11195458 ns
[2025-03-29T03:53:02.884+0000][7][gc,marking  ] GC(18) Concurrent Mark 204.562ms
[2025-03-29T03:53:02.884+0000][7][gc,marking  ] GC(18) Concurrent Rebuild Remembered Sets
[2025-03-29T03:53:03.074+0000][7][gc,marking  ] GC(18) Concurrent Rebuild Remembered Sets 189.960ms
[2025-03-29T03:53:03.077+0000][7][gc,start    ] GC(18) Pause Cleanup
[2025-03-29T03:53:03.077+0000][7][gc          ] GC(18) Pause Cleanup 114M->114M(1024M) 0.997ms
[2025-03-29T03:53:03.077+0000][7][gc,cpu      ] GC(18) User=0.00s Sys=0.00s Real=0.00s
[2025-03-29T03:53:03.078+0000][7][safepoint   ] Safepoint "G1Concurrent", Time since last: 191769833 ns, Reaching safepoint: 511917 ns, At safepoint: 1687333 ns, Total: 2199250 ns
[2025-03-29T03:53:03.079+0000][7][gc,marking  ] GC(18) Concurrent Cleanup for Next Mark
[2025-03-29T03:53:03.092+0000][7][gc,marking  ] GC(18) Concurrent Cleanup for Next Mark 13.597ms
[2025-03-29T03:53:03.093+0000][7][gc          ] GC(18) Concurrent Mark Cycle 429.765ms
[2025-03-29T03:53:04.349+0000][7][safepoint   ] Safepoint "Cleanup", Time since last: 1269637709 ns, Reaching safepoint: 1359042 ns, At safepoint: 6167 ns, Total: 1365209 ns
[2025-03-29T03:53:05.367+0000][7][safepoint   ] Safepoint "Cleanup", Time since last: 1017936167 ns, Reaching safepoint: 509708 ns, At safepoint: 26584 ns, Total: 536292 ns
[2025-03-29T03:53:06.370+0000][7][safepoint   ] Safepoint "Cleanup", Time since last: 1001381542 ns, Reaching safepoint: 721291 ns, At safepoint: 8584 ns, Total: 729875 ns
[2025-03-29T03:53:07.375+0000][7][safepoint   ] Safepoint "Cleanup", Time since last: 1004054208 ns, Reaching safepoint: 1360500 ns, At safepoint: 16875 ns, Total: 1377375 ns
[2025-03-29T03:53:08.377+0000][7][safepoint   ] Safepoint "Cleanup", Time since last: 1000930084 ns, Reaching safepoint: 1117000 ns, At safepoint: 23792 ns, Total: 1140792 ns
[2025-03-29T03:53:09.380+0000][7][safepoint   ] Safepoint "Cleanup", Time since last: 1002696875 ns, Reaching safepoint: 291834 ns, At safepoint: 16416 ns, Total: 308250 ns
[2025-03-29T03:53:10.085+0000][7][safepoint   ] Safepoint "ICBufferFull", Time since last: 704585792 ns, Reaching safepoint: 471084 ns, At safepoint: 7541 ns, Total: 478625 ns
[2025-03-29T03:53:10.851+0000][7][safepoint   ] Safepoint "ICBufferFull", Time since last: 764346709 ns, Reaching safepoint: 1420000 ns, At safepoint: 18542 ns, Total: 1438542 ns
[2025-03-29T03:53:11.649+0000][7][safepoint   ] Safepoint "ICBufferFull", Time since last: 796462084 ns, Reaching safepoint: 1581583 ns, At safepoint: 5083 ns, Total: 1586666 ns
[2025-03-29T03:53:12.653+0000][7][safepoint   ] Safepoint "Cleanup", Time since last: 1003806376 ns, Reaching safepoint: 200583 ns, At safepoint: 6583 ns, Total: 207166 ns
[2025-03-29T03:53:13.654+0000][7][safepoint   ] Safepoint "Cleanup", Time since last: 1000992084 ns, Reaching safepoint: 144625 ns, At safepoint: 14583 ns, Total: 159208 ns
[2025-03-29T03:53:15.657+0000][7][safepoint   ] Safepoint "Cleanup", Time since last: 2002666168 ns, Reaching safepoint: 142417 ns, At safepoint: 10875 ns, Total: 153292 ns
[2025-03-29T03:53:16.658+0000][7][safepoint   ] Safepoint "Cleanup", Time since last: 1000821209 ns, Reaching safepoint: 75125 ns, At safepoint: 5666 ns, Total: 80791 ns
[2025-03-29T03:53:17.659+0000][7][safepoint   ] Safepoint "Cleanup", Time since last: 1000934667 ns, Reaching safepoint: 103792 ns, At safepoint: 3375 ns, Total: 107167 ns
[2025-03-29T03:53:21.670+0000][7][safepoint   ] Safepoint "Cleanup", Time since last: 4003871418 ns, Reaching safepoint: 82916 ns, At safepoint: 3375 ns, Total: 86291 ns
[2025-03-29T03:53:23.671+0000][7][safepoint   ] Safepoint "Cleanup", Time since last: 2001012626 ns, Reaching safepoint: 346459 ns, At safepoint: 9291 ns, Total: 355750 ns
[2025-03-29T03:53:24.672+0000][7][safepoint   ] Safepoint "Cleanup", Time since last: 1001431834 ns, Reaching safepoint: 127167 ns, At safepoint: 4791 ns, Total: 131958 ns
[2025-03-29T03:53:29.676+0000][7][safepoint   ] Safepoint "Cleanup", Time since last: 5003390753 ns, Reaching safepoint: 535791 ns, At safepoint: 33959 ns, Total: 569750 ns
[2025-03-29T03:53:30.679+0000][7][safepoint   ] Safepoint "Cleanup", Time since last: 1002063417 ns, Reaching safepoint: 280333 ns, At safepoint: 21375 ns, Total: 301708 ns
[2025-03-29T03:53:33.682+0000][7][safepoint   ] Safepoint "Cleanup", Time since last: 3003495710 ns, Reaching safepoint: 119792 ns, At safepoint: 7708 ns, Total: 127500 ns
[2025-03-29T03:53:39.691+0000][7][safepoint   ] Safepoint "Cleanup", Time since last: 6008191961 ns, Reaching safepoint: 500917 ns, At safepoint: 15000 ns, Total: 515917 ns
[2025-03-29T03:53:42.701+0000][7][safepoint   ] Safepoint "Cleanup", Time since last: 3009920960 ns, Reaching safepoint: 402041 ns, At safepoint: 9459 ns, Total: 411500 ns
[2025-03-29T03:53:43.707+0000][7][safepoint   ] Safepoint "Cleanup", Time since last: 1001313667 ns, Reaching safepoint: 3904041 ns, At safepoint: 140167 ns, Total: 4044208 ns
[2025-03-29T03:53:45.709+0000][7][safepoint   ] Safepoint "Cleanup", Time since last: 2001714084 ns, Reaching safepoint: 79709 ns, At safepoint: 3375 ns, Total: 83084 ns
[2025-03-29T03:53:46.710+0000][7][safepoint   ] Safepoint "Cleanup", Time since last: 1000846042 ns, Reaching safepoint: 144542 ns, At safepoint: 6000 ns, Total: 150542 ns
[2025-03-29T03:53:52.718+0000][7][safepoint   ] Safepoint "Cleanup", Time since last: 6006366419 ns, Reaching safepoint: 868458 ns, At safepoint: 18583 ns, Total: 887041 ns
[2025-03-29T03:53:53.719+0000][7][safepoint   ] Safepoint "Cleanup", Time since last: 1001648668 ns, Reaching safepoint: 249375 ns, At safepoint: 22291 ns, Total: 271666 ns
[2025-03-29T03:53:57.726+0000][7][safepoint   ] Safepoint "Cleanup", Time since last: 4006093836 ns, Reaching safepoint: 404958 ns, At safepoint: 43000 ns, Total: 447958 ns
[2025-03-29T03:53:59.729+0000][7][safepoint   ] Safepoint "Cleanup", Time since last: 2002991751 ns, Reaching safepoint: 262958 ns, At safepoint: 15833 ns, Total: 278791 ns
[2025-03-29T03:54:00.732+0000][7][safepoint   ] Safepoint "Cleanup", Time since last: 1001896959 ns, Reaching safepoint: 288959 ns, At safepoint: 12500 ns, Total: 301459 ns
[2025-03-29T03:54:01.733+0000][7][safepoint   ] Safepoint "Cleanup", Time since last: 1001032833 ns, Reaching safepoint: 217084 ns, At safepoint: 11791 ns, Total: 228875 ns
[2025-03-29T03:54:03.735+0000][7][safepoint   ] Safepoint "Cleanup", Time since last: 2002393710 ns, Reaching safepoint: 165041 ns, At safepoint: 6167 ns, Total: 171208 ns
[2025-03-29T03:54:05.738+0000][7][safepoint   ] Safepoint "Cleanup", Time since last: 2001969668 ns, Reaching safepoint: 632625 ns, At safepoint: 59250 ns, Total: 691875 ns
[2025-03-29T03:54:06.739+0000][7][safepoint   ] Safepoint "Cleanup", Time since last: 1001073542 ns, Reaching safepoint: 206750 ns, At safepoint: 6500 ns, Total: 213250 ns
[2025-03-29T03:54:10.745+0000][7][safepoint   ] Safepoint "Cleanup", Time since last: 4004310460 ns, Reaching safepoint: 871958 ns, At safepoint: 32625 ns, Total: 904583 ns
[2025-03-29T03:54:22.762+0000][7][safepoint   ] Safepoint "Cleanup", Time since last: 12015752089 ns, Reaching safepoint: 717042 ns, At safepoint: 16666 ns, Total: 733708 ns
[2025-03-29T03:54:27.769+0000][7][safepoint   ] Safepoint "Cleanup", Time since last: 5006405711 ns, Reaching safepoint: 519500 ns, At safepoint: 29209 ns, Total: 548709 ns
[2025-03-29T03:54:29.772+0000][7][safepoint   ] Safepoint "Cleanup", Time since last: 2002649459 ns, Reaching safepoint: 157916 ns, At safepoint: 6834 ns, Total: 164750 ns
[2025-03-29T03:54:30.772+0000][7][safepoint   ] Safepoint "Cleanup", Time since last: 1000488834 ns, Reaching safepoint: 115833 ns, At safepoint: 5750 ns, Total: 121583 ns
[2025-03-29T03:54:34.777+0000][7][safepoint   ] Safepoint "Cleanup", Time since last: 4004663252 ns, Reaching safepoint: 309542 ns, At safepoint: 19875 ns, Total: 329417 ns
[2025-03-29T03:54:41.784+0000][7][safepoint   ] Safepoint "Cleanup", Time since last: 7006283878 ns, Reaching safepoint: 235792 ns, At safepoint: 7083 ns, Total: 242875 ns
[2025-03-29T03:54:42.786+0000][7][safepoint   ] Safepoint "Cleanup", Time since last: 1001800334 ns, Reaching safepoint: 352291 ns, At safepoint: 39834 ns, Total: 392125 ns
[2025-03-29T03:54:44.790+0000][7][safepoint   ] Safepoint "Cleanup", Time since last: 2002853501 ns, Reaching safepoint: 525708 ns, At safepoint: 23000 ns, Total: 548708 ns
[2025-03-29T03:54:49.793+0000][7][safepoint   ] Safepoint "Cleanup", Time since last: 5003885001 ns, Reaching safepoint: 173459 ns, At safepoint: 19458 ns, Total: 192917 ns
[2025-03-29T03:54:54.802+0000][7][safepoint   ] Safepoint "Cleanup", Time since last: 5007785544 ns, Reaching safepoint: 881917 ns, At safepoint: 15166 ns, Total: 897083 ns
[2025-03-29T03:54:58.808+0000][7][safepoint   ] Safepoint "Cleanup", Time since last: 4005194586 ns, Reaching safepoint: 756041 ns, At safepoint: 21667 ns, Total: 777708 ns
[2025-03-29T03:54:59.810+0000][7][safepoint   ] Safepoint "Cleanup", Time since last: 1002296584 ns, Reaching safepoint: 94833 ns, At safepoint: 3875 ns, Total: 98708 ns
[2025-03-29T03:55:00.811+0000][7][safepoint   ] Safepoint "Cleanup", Time since last: 1000523001 ns, Reaching safepoint: 92625 ns, At safepoint: 5500 ns, Total: 98125 ns
[2025-03-29T03:55:04.815+0000][7][safepoint   ] Safepoint "Cleanup", Time since last: 4003437627 ns, Reaching safepoint: 69333 ns, At safepoint: 3708 ns, Total: 73041 ns
[2025-03-29T03:55:06.818+0000][7][safepoint   ] Safepoint "Cleanup", Time since last: 2002707459 ns, Reaching safepoint: 435667 ns, At safepoint: 26458 ns, Total: 462125 ns
[2025-03-29T03:55:08.823+0000][7][safepoint   ] Safepoint "Cleanup", Time since last: 2004354376 ns, Reaching safepoint: 1062792 ns, At safepoint: 38208 ns, Total: 1101000 ns
[2025-03-29T03:55:11.827+0000][7][safepoint   ] Safepoint "Cleanup", Time since last: 3003858044 ns, Reaching safepoint: 317208 ns, At safepoint: 18750 ns, Total: 335958 ns
[2025-03-29T03:55:14.833+0000][7][safepoint   ] Safepoint "Cleanup", Time since last: 3003581168 ns, Reaching safepoint: 1760000 ns, At safepoint: 23458 ns, Total: 1783458 ns
[2025-03-29T03:55:18.837+0000][7][safepoint   ] Safepoint "Cleanup", Time since last: 4004501043 ns, Reaching safepoint: 625125 ns, At safepoint: 19208 ns, Total: 644333 ns
[2025-03-29T03:55:29.848+0000][7][safepoint   ] Safepoint "Cleanup", Time since last: 11010967631 ns, Reaching safepoint: 241250 ns, At safepoint: 16041 ns, Total: 257291 ns
[2025-03-29T03:55:32.852+0000][7][safepoint   ] Safepoint "Cleanup", Time since last: 3003291543 ns, Reaching safepoint: 246417 ns, At safepoint: 18625 ns, Total: 265042 ns
[2025-03-29T03:55:34.854+0000][7][safepoint   ] Safepoint "Cleanup", Time since last: 2002313709 ns, Reaching safepoint: 72875 ns, At safepoint: 3667 ns, Total: 76542 ns
[2025-03-29T03:55:36.857+0000][7][safepoint   ] Safepoint "Cleanup", Time since last: 2002620334 ns, Reaching safepoint: 141334 ns, At safepoint: 6291 ns, Total: 147625 ns
[2025-03-29T03:55:41.863+0000][7][safepoint   ] Safepoint "Cleanup", Time since last: 5006044878 ns, Reaching safepoint: 504083 ns, At safepoint: 16833 ns, Total: 520916 ns
[2025-03-29T03:55:48.874+0000][7][safepoint   ] Safepoint "Cleanup", Time since last: 7009088503 ns, Reaching safepoint: 482834 ns, At safepoint: 13666 ns, Total: 496500 ns
[2025-03-29T03:55:55.883+0000][7][safepoint   ] Safepoint "Cleanup", Time since last: 7008010129 ns, Reaching safepoint: 585000 ns, At safepoint: 8916 ns, Total: 593916 ns
[2025-03-29T03:55:57.886+0000][7][safepoint   ] Safepoint "Cleanup", Time since last: 2003254293 ns, Reaching safepoint: 116375 ns, At safepoint: 6208 ns, Total: 122583 ns
[2025-03-29T03:55:58.887+0000][7][safepoint   ] Safepoint "Cleanup", Time since last: 1000973834 ns, Reaching safepoint: 167958 ns, At safepoint: 10875 ns, Total: 178833 ns
[2025-03-29T03:55:59.888+0000][7][safepoint   ] Safepoint "Cleanup", Time since last: 1000784084 ns, Reaching safepoint: 107459 ns, At safepoint: 9166 ns, Total: 116625 ns
[2025-03-29T03:56:02.891+0000][7][safepoint   ] Safepoint "Cleanup", Time since last: 3003261127 ns, Reaching safepoint: 206166 ns, At safepoint: 11459 ns, Total: 217625 ns
[2025-03-29T03:56:03.893+0000][7][safepoint   ] Safepoint "Cleanup", Time since last: 1001522917 ns, Reaching safepoint: 127083 ns, At safepoint: 10417 ns, Total: 137500 ns
[2025-03-29T03:56:05.897+0000][7][safepoint   ] Safepoint "Cleanup", Time since last: 2002089917 ns, Reaching safepoint: 1482750 ns, At safepoint: 18084 ns, Total: 1500834 ns
[2025-03-29T03:56:15.946+0000][7][safepoint   ] Safepoint "Cleanup", Time since last: 10020964379 ns, Reaching safepoint: 27614376 ns, At safepoint: 33833 ns, Total: 27648209 ns
[2025-03-29T03:56:25.958+0000][7][safepoint   ] Safepoint "Cleanup", Time since last: 10012055212 ns, Reaching safepoint: 438917 ns, At safepoint: 19417 ns, Total: 458334 ns
[2025-03-29T03:56:29.963+0000][7][safepoint   ] Safepoint "Cleanup", Time since last: 4004010168 ns, Reaching safepoint: 82917 ns, At safepoint: 390667 ns, Total: 473584 ns
[2025-03-29T03:56:30.964+0000][7][safepoint   ] Safepoint "Cleanup", Time since last: 1000932667 ns, Reaching safepoint: 153375 ns, At safepoint: 3208 ns, Total: 156583 ns
[2025-03-29T03:56:31.964+0000][7][safepoint   ] Safepoint "Cleanup", Time since last: 1000526542 ns, Reaching safepoint: 167125 ns, At safepoint: 18834 ns, Total: 185959 ns
[2025-03-29T03:56:35.970+0000][7][safepoint   ] Safepoint "Cleanup", Time since last: 4004787710 ns, Reaching safepoint: 427666 ns, At safepoint: 16625 ns, Total: 444291 ns
[2025-03-29T03:56:45.984+0000][7][safepoint   ] Safepoint "Cleanup", Time since last: 10013546797 ns, Reaching safepoint: 370292 ns, At safepoint: 17708 ns, Total: 388000 ns
[2025-03-29T03:56:50.991+0000][7][safepoint   ] Safepoint "Cleanup", Time since last: 5007341418 ns, Reaching safepoint: 208917 ns, At safepoint: 9083 ns, Total: 218000 ns
[2025-03-29T03:56:55.997+0000][7][safepoint   ] Safepoint "Cleanup", Time since last: 5005191711 ns, Reaching safepoint: 778916 ns, At safepoint: 15625 ns, Total: 794541 ns
[2025-03-29T03:57:00.005+0000][7][safepoint   ] Safepoint "Cleanup", Time since last: 4008133627 ns, Reaching safepoint: 169125 ns, At safepoint: 5875 ns, Total: 175000 ns
[2025-03-29T03:57:16.020+0000][7][safepoint   ] Safepoint "Cleanup", Time since last: 16014771341 ns, Reaching safepoint: 261417 ns, At safepoint: 11708 ns, Total: 273125 ns
[2025-03-29T03:57:23.027+0000][7][safepoint   ] Safepoint "Cleanup", Time since last: 7007024753 ns, Reaching safepoint: 214250 ns, At safepoint: 16334 ns, Total: 230584 ns
[2025-03-29T03:57:37.073+0000][7][safepoint   ] Safepoint "Cleanup", Time since last: 14033758756 ns, Reaching safepoint: 11592125 ns, At safepoint: 68042 ns, Total: 11660167 ns
[2025-03-29T03:57:53.099+0000][7][safepoint   ] Safepoint "Cleanup", Time since last: 16025374923 ns, Reaching safepoint: 1670792 ns, At safepoint: 60583 ns, Total: 1731375 ns
[2025-03-29T03:57:58.105+0000][7][safepoint   ] Safepoint "Cleanup", Time since last: 5005830211 ns, Reaching safepoint: 155125 ns, At safepoint: 6667 ns, Total: 161792 ns
[2025-03-29T03:58:00.111+0000][7][safepoint   ] Safepoint "Cleanup", Time since last: 2005838126 ns, Reaching safepoint: 348000 ns, At safepoint: 18916 ns, Total: 366916 ns
[2025-03-29T03:58:01.114+0000][7][safepoint   ] Safepoint "Cleanup", Time since last: 1001630417 ns, Reaching safepoint: 1262750 ns, At safepoint: 9000 ns, Total: 1271750 ns
[2025-03-29T03:58:07.122+0000][7][safepoint   ] Safepoint "Cleanup", Time since last: 6006409503 ns, Reaching safepoint: 971917 ns, At safepoint: 22000 ns, Total: 993917 ns
[2025-03-29T03:58:08.127+0000][7][safepoint   ] Safepoint "Cleanup", Time since last: 1003986459 ns, Reaching safepoint: 1523291 ns, At safepoint: 41375 ns, Total: 1564666 ns
[2025-03-29T03:58:10.131+0000][7][safepoint   ] Safepoint "Cleanup", Time since last: 2003272501 ns, Reaching safepoint: 279125 ns, At safepoint: 7625 ns, Total: 286750 ns
[2025-03-29T03:58:17.147+0000][7][safepoint   ] Safepoint "Cleanup", Time since last: 7015561337 ns, Reaching safepoint: 449625 ns, At safepoint: 19125 ns, Total: 468750 ns
[2025-03-29T03:58:18.148+0000][7][safepoint   ] Safepoint "Cleanup", Time since last: 1001261542 ns, Reaching safepoint: 118541 ns, At safepoint: 6375 ns, Total: 124916 ns
[2025-03-29T03:58:23.155+0000][7][safepoint   ] Safepoint "Cleanup", Time since last: 5006307378 ns, Reaching safepoint: 202041 ns, At safepoint: 11334 ns, Total: 213375 ns
[2025-03-29T03:58:28.161+0000][7][safepoint   ] Safepoint "Cleanup", Time since last: 5006328877 ns, Reaching safepoint: 333458 ns, At safepoint: 17125 ns, Total: 350583 ns
[2025-03-29T03:58:30.166+0000][7][safepoint   ] Safepoint "Cleanup", Time since last: 2004017376 ns, Reaching safepoint: 383500 ns, At safepoint: 89667 ns, Total: 473167 ns
[2025-03-29T03:58:57.188+0000][7][safepoint   ] Safepoint "Cleanup", Time since last: 27035471387 ns, Reaching safepoint: 2498334 ns, At safepoint: 52166 ns, Total: 2550500 ns
[2025-03-29T03:59:00.193+0000][7][safepoint   ] Safepoint "Cleanup", Time since last: 3005120043 ns, Reaching safepoint: 110500 ns, At safepoint: 10542 ns, Total: 121042 ns
[2025-03-29T03:59:09.204+0000][7][safepoint   ] Safepoint "Cleanup", Time since last: 9009143838 ns, Reaching safepoint: 1364458 ns, At safepoint: 30917 ns, Total: 1395375 ns
[2025-03-29T03:59:28.242+0000][7][safepoint   ] Safepoint "Cleanup", Time since last: 19020295300 ns, Reaching safepoint: 1696125 ns, At safepoint: 51417 ns, Total: 1747542 ns
[2025-03-29T03:59:30.245+0000][7][safepoint   ] Safepoint "Cleanup", Time since last: 2003368126 ns, Reaching safepoint: 93333 ns, At safepoint: 3208 ns, Total: 96541 ns
[2025-03-29T03:59:51.269+0000][7][safepoint   ] Safepoint "Cleanup", Time since last: 21023389093 ns, Reaching safepoint: 930166 ns, At safepoint: 69459 ns, Total: 999625 ns
[2025-03-29T04:00:00.112+0000][7][safepoint   ] Safepoint "Cleanup", Time since last: 8841175629 ns, Reaching safepoint: 1555208 ns, At safepoint: 13334 ns, Total: 1568542 ns
[2025-03-29T04:00:01.113+0000][7][safepoint   ] Safepoint "Cleanup", Time since last: 1000799792 ns, Reaching safepoint: 266125 ns, At safepoint: 14583 ns, Total: 280708 ns
[2025-03-29T04:00:02.114+0000][7][safepoint   ] Safepoint "Cleanup", Time since last: 1001266792 ns, Reaching safepoint: 106375 ns, At safepoint: 6792 ns, Total: 113167 ns
[2025-03-29T04:00:17.134+0000][7][safepoint   ] Safepoint "Cleanup", Time since last: 15018757382 ns, Reaching safepoint: 1094792 ns, At safepoint: 68541 ns, Total: 1163333 ns
[2025-03-29T04:00:20.137+0000][7][safepoint   ] Safepoint "Cleanup", Time since last: 3003329460 ns, Reaching safepoint: 253750 ns, At safepoint: 4041 ns, Total: 257791 ns
[2025-03-29T04:00:30.150+0000][7][safepoint   ] Safepoint "Cleanup", Time since last: 10012800380 ns, Reaching safepoint: 253125 ns, At safepoint: 13334 ns, Total: 266459 ns
[2025-03-29T04:01:21.210+0000][7][safepoint   ] Safepoint "Cleanup", Time since last: 51056447648 ns, Reaching safepoint: 2261042 ns, At safepoint: 24250 ns, Total: 2285292 ns
[2025-03-29T04:01:30.220+0000][7][safepoint   ] Safepoint "Cleanup", Time since last: 9010066129 ns, Reaching safepoint: 588583 ns, At safepoint: 18625 ns, Total: 607208 ns
[2025-03-29T04:01:31.223+0000][7][safepoint   ] Safepoint "Cleanup", Time since last: 1002365376 ns, Reaching safepoint: 168083 ns, At safepoint: 3875 ns, Total: 171958 ns
[2025-03-29T04:01:34.226+0000][7][safepoint   ] Safepoint "Cleanup", Time since last: 3002964210 ns, Reaching safepoint: 130542 ns, At safepoint: 6208 ns, Total: 136750 ns
[2025-03-29T04:01:41.236+0000][7][safepoint   ] Safepoint "Cleanup", Time since last: 7009088920 ns, Reaching safepoint: 891292 ns, At safepoint: 26166 ns, Total: 917458 ns
[2025-03-29T04:01:51.252+0000][7][safepoint   ] Safepoint "Cleanup", Time since last: 10015635004 ns, Reaching safepoint: 434250 ns, At safepoint: 12083 ns, Total: 446333 ns
[2025-03-29T04:02:00.262+0000][7][safepoint   ] Safepoint "Cleanup", Time since last: 9009736213 ns, Reaching safepoint: 993875 ns, At safepoint: 31667 ns, Total: 1025542 ns
[2025-03-29T04:02:01.265+0000][7][safepoint   ] Safepoint "Cleanup", Time since last: 1002846500 ns, Reaching safepoint: 326917 ns, At safepoint: 11208 ns, Total: 338125 ns
[2025-03-29T04:02:02.268+0000][7][safepoint   ] Safepoint "Cleanup", Time since last: 1001951917 ns, Reaching safepoint: 182875 ns, At safepoint: 9542 ns, Total: 192417 ns
[2025-03-29T04:02:14.128+0000][7][gc,start    ] GC(19) Pause Young (Normal) (G1 Evacuation Pause)
[2025-03-29T04:02:14.129+0000][7][gc,task     ] GC(19) Using 2 workers of 2 for evacuation
[2025-03-29T04:02:14.131+0000][7][gc,age      ] GC(19) Desired survivor size 41943040 bytes, new threshold 15 (max threshold 15)
[2025-03-29T04:02:14.295+0000][7][gc,age      ] GC(19) Age table with threshold 15 (max threshold 15)
[2025-03-29T04:02:14.295+0000][7][gc,age      ] GC(19) - age   1:     664824 bytes,     664824 total
[2025-03-29T04:02:14.295+0000][7][gc,age      ] GC(19) - age   2:    3307816 bytes,    3972640 total
[2025-03-29T04:02:14.296+0000][7][gc,phases   ] GC(19)   Pre Evacuate Collection Set: 2.7ms
[2025-03-29T04:02:14.296+0000][7][gc,phases   ] GC(19)   Merge Heap Roots: 1.8ms
[2025-03-29T04:02:14.296+0000][7][gc,phases   ] GC(19)   Evacuate Collection Set: 140.5ms
[2025-03-29T04:02:14.296+0000][7][gc,phases   ] GC(19)   Post Evacuate Collection Set: 20.2ms
[2025-03-29T04:02:14.296+0000][7][gc,phases   ] GC(19)   Other: 3.3ms
[2025-03-29T04:02:14.296+0000][7][gc,heap     ] GC(19) Eden regions: 151->0(114)
[2025-03-29T04:02:14.296+0000][7][gc,heap     ] GC(19) Survivor regions: 2->1(20)
[2025-03-29T04:02:14.296+0000][7][gc,heap     ] GC(19) Old regions: 18->18
[2025-03-29T04:02:14.296+0000][7][gc,heap     ] GC(19) Archive regions: 2->2
[2025-03-29T04:02:14.296+0000][7][gc,heap     ] GC(19) Humongous regions: 2->2
[2025-03-29T04:02:14.297+0000][7][gc,metaspace] GC(19) Metaspace: 105440K(106944K)->105440K(106944K) NonClass: 90715K(91584K)->90715K(91584K) Class: 14725K(15360K)->14725K(15360K)
[2025-03-29T04:02:14.297+0000][7][gc          ] GC(19) Pause Young (Normal) (G1 Evacuation Pause) 691M->85M(1024M) 168.720ms
[2025-03-29T04:02:14.297+0000][7][gc,cpu      ] GC(19) User=0.32s Sys=0.00s Real=0.17s
[2025-03-29T04:02:14.297+0000][7][safepoint   ] Safepoint "G1CollectForAllocation", Time since last: 11858736006 ns, Reaching safepoint: 342833 ns, At safepoint: 170559042 ns, Total: 170901875 ns
[2025-03-29T04:02:15.298+0000][7][safepoint   ] Safepoint "Cleanup", Time since last: 1001042708 ns, Reaching safepoint: 195334 ns, At safepoint: 14666 ns, Total: 210000 ns
[2025-03-29T04:02:40.325+0000][7][safepoint   ] Safepoint "Cleanup", Time since last: 25024885636 ns, Reaching safepoint: 1197542 ns, At safepoint: 22833 ns, Total: 1220375 ns
[2025-03-29T04:03:00.348+0000][7][safepoint   ] Safepoint "Cleanup", Time since last: 20023005301 ns, Reaching safepoint: 268083 ns, At safepoint: 18542 ns, Total: 286625 ns
[2025-03-29T04:03:01.350+0000][7][safepoint   ] Safepoint "Cleanup", Time since last: 1001241834 ns, Reaching safepoint: 329416 ns, At safepoint: 21042 ns, Total: 350458 ns
[2025-03-29T04:03:02.352+0000][7][safepoint   ] Safepoint "Cleanup", Time since last: 1002027334 ns, Reaching safepoint: 127167 ns, At safepoint: 6208 ns, Total: 133375 ns
[2025-03-29T04:03:22.377+0000][7][safepoint   ] Safepoint "Cleanup", Time since last: 20024045092 ns, Reaching safepoint: 924084 ns, At safepoint: 41666 ns, Total: 965750 ns
[2025-03-29T04:03:30.388+0000][7][safepoint   ] Safepoint "Cleanup", Time since last: 8010329796 ns, Reaching safepoint: 674916 ns, At safepoint: 16709 ns, Total: 691625 ns
[2025-03-29T04:03:39.397+0000][7][safepoint   ] Safepoint "Cleanup", Time since last: 9008700379 ns, Reaching safepoint: 455792 ns, At safepoint: 27083 ns, Total: 482875 ns
[2025-03-29T04:03:42.402+0000][7][safepoint   ] Safepoint "Cleanup", Time since last: 3004363418 ns, Reaching safepoint: 441583 ns, At safepoint: 13375 ns, Total: 454958 ns
[2025-03-29T04:04:02.426+0000][7][safepoint   ] Safepoint "Cleanup", Time since last: 20022647509 ns, Reaching safepoint: 962500 ns, At safepoint: 2875 ns, Total: 965375 ns
[2025-03-29T04:04:30.463+0000][7][safepoint   ] Safepoint "Cleanup", Time since last: 28035935222 ns, Reaching safepoint: 1639041 ns, At safepoint: 40459 ns, Total: 1679500 ns
[2025-03-29T04:04:33.468+0000][7][safepoint   ] Safepoint "Cleanup", Time since last: 3004375209 ns, Reaching safepoint: 990792 ns, At safepoint: 34875 ns, Total: 1025667 ns
[2025-03-29T04:04:43.482+0000][7][safepoint   ] Safepoint "Cleanup", Time since last: 10013104005 ns, Reaching safepoint: 429250 ns, At safepoint: 14792 ns, Total: 444042 ns
[2025-03-29T04:04:58.499+0000][7][safepoint   ] Safepoint "Cleanup", Time since last: 15016633214 ns, Reaching safepoint: 557875 ns, At safepoint: 26667 ns, Total: 584542 ns
[2025-03-29T04:05:23.527+0000][7][safepoint   ] Safepoint "Cleanup", Time since last: 25029166928 ns, Reaching safepoint: 795791 ns, At safepoint: 36584 ns, Total: 832375 ns
[2025-03-29T04:05:30.535+0000][7][safepoint   ] Safepoint "Cleanup", Time since last: 7007993336 ns, Reaching safepoint: 287667 ns, At safepoint: 11250 ns, Total: 298917 ns
[2025-03-29T04:05:43.551+0000][7][safepoint   ] Safepoint "Cleanup", Time since last: 13015969048 ns, Reaching safepoint: 316417 ns, At safepoint: 13208 ns, Total: 329625 ns
[2025-03-29T04:05:53.564+0000][7][safepoint   ] Safepoint "Cleanup", Time since last: 10010516337 ns, Reaching safepoint: 295417 ns, At safepoint: 13375 ns, Total: 308792 ns
[2025-03-29T04:05:59.586+0000][7][safepoint   ] Safepoint "Cleanup", Time since last: 6009894253 ns, Reaching safepoint: 11944666 ns, At safepoint: 89500 ns, Total: 12034166 ns
[2025-03-29T04:06:04.594+0000][7][safepoint   ] Safepoint "Cleanup", Time since last: 5008017669 ns, Reaching safepoint: 315209 ns, At safepoint: 9083 ns, Total: 324292 ns
[2025-03-29T04:06:25.608+0000][7][safepoint   ] Safepoint "Cleanup", Time since last: 21019702676 ns, Reaching safepoint: 853792 ns, At safepoint: 34458 ns, Total: 888250 ns
[2025-03-29T04:06:30.616+0000][7][safepoint   ] Safepoint "Cleanup", Time since last: 5007122961 ns, Reaching safepoint: 584458 ns, At safepoint: 37250 ns, Total: 621708 ns
[2025-03-29T04:06:34.621+0000][7][safepoint   ] Safepoint "Cleanup", Time since last: 4004076669 ns, Reaching safepoint: 545250 ns, At safepoint: 22291 ns, Total: 567541 ns
[2025-03-29T04:07:00.656+0000][7][safepoint   ] Safepoint "Cleanup", Time since last: 26027997012 ns, Reaching safepoint: 1176916 ns, At safepoint: 76834 ns, Total: 1253750 ns
[2025-03-29T04:07:04.663+0000][7][safepoint   ] Safepoint "Cleanup", Time since last: 4006232210 ns, Reaching safepoint: 250708 ns, At safepoint: 12459 ns, Total: 263167 ns
[2025-03-29T04:07:14.674+0000][7][safepoint   ] Safepoint "Cleanup", Time since last: 10010780713 ns, Reaching safepoint: 206083 ns, At safepoint: 8458 ns, Total: 214541 ns
[2025-03-29T04:07:24.709+0000][7][safepoint   ] Safepoint "Cleanup", Time since last: 10032697130 ns, Reaching safepoint: 1736625 ns, At safepoint: 26000 ns, Total: 1762625 ns
[2025-03-29T04:07:30.719+0000][7][safepoint   ] Safepoint "Cleanup", Time since last: 6009373419 ns, Reaching safepoint: 797250 ns, At safepoint: 27459 ns, Total: 824709 ns
[2025-03-29T04:07:59.760+0000][7][safepoint   ] Safepoint "Cleanup", Time since last: 29039364222 ns, Reaching safepoint: 1716250 ns, At safepoint: 31666 ns, Total: 1747916 ns
[2025-03-29T04:08:00.762+0000][7][safepoint   ] Safepoint "Cleanup", Time since last: 1001949876 ns, Reaching safepoint: 120750 ns, At safepoint: 6208 ns, Total: 126958 ns
[2025-03-29T04:08:30.796+0000][7][safepoint   ] Safepoint "Cleanup", Time since last: 30033098889 ns, Reaching safepoint: 604791 ns, At safepoint: 19500 ns, Total: 624291 ns
[2025-03-29T04:08:55.831+0000][7][safepoint   ] Safepoint "Cleanup", Time since last: 25035060554 ns, Reaching safepoint: 452625 ns, At safepoint: 14291 ns, Total: 466916 ns
[2025-03-29T04:09:05.843+0000][7][safepoint   ] Safepoint "Cleanup", Time since last: 10011432880 ns, Reaching safepoint: 205250 ns, At safepoint: 7459 ns, Total: 212709 ns
[2025-03-29T04:09:30.871+0000][7][safepoint   ] Safepoint "Cleanup", Time since last: 25032209511 ns, Reaching safepoint: 341375 ns, At safepoint: 24542 ns, Total: 365917 ns
[2025-03-29T04:10:00.917+0000][7][safepoint   ] Safepoint "Cleanup", Time since last: 30040304805 ns, Reaching safepoint: 754542 ns, At safepoint: 28833 ns, Total: 783375 ns
[2025-03-29T04:10:06.923+0000][7][safepoint   ] Safepoint "Cleanup", Time since last: 6006292253 ns, Reaching safepoint: 279416 ns, At safepoint: 11959 ns, Total: 291375 ns
[2025-03-29T04:10:26.951+0000][7][safepoint   ] Safepoint "Cleanup", Time since last: 20026649883 ns, Reaching safepoint: 883167 ns, At safepoint: 45458 ns, Total: 928625 ns
[2025-03-29T04:10:30.956+0000][7][safepoint   ] Safepoint "Cleanup", Time since last: 4005399794 ns, Reaching safepoint: 252583 ns, At safepoint: 15667 ns, Total: 268250 ns
[2025-03-29T04:11:00.991+0000][7][safepoint   ] Safepoint "Cleanup", Time since last: 30034335097 ns, Reaching safepoint: 536834 ns, At safepoint: 15666 ns, Total: 552500 ns
[2025-03-29T04:11:17.008+0000][7][safepoint   ] Safepoint "Cleanup", Time since last: 16017055300 ns, Reaching safepoint: 364416 ns, At safepoint: 14000 ns, Total: 378416 ns
[2025-03-29T04:11:27.017+0000][7][safepoint   ] Safepoint "Cleanup", Time since last: 10009025588 ns, Reaching safepoint: 373083 ns, At safepoint: 12000 ns, Total: 385083 ns
[2025-03-29T04:11:32.022+0000][7][safepoint   ] Safepoint "Cleanup", Time since last: 5004734836 ns, Reaching safepoint: 377000 ns, At safepoint: 9708 ns, Total: 386708 ns
[2025-03-29T04:12:00.053+0000][7][safepoint   ] Safepoint "Cleanup", Time since last: 28029643929 ns, Reaching safepoint: 465792 ns, At safepoint: 18208 ns, Total: 484000 ns
[2025-03-29T04:12:20.143+0000][7][safepoint   ] Safepoint "Cleanup", Time since last: 20090422259 ns, Reaching safepoint: 470500 ns, At safepoint: 29000 ns, Total: 499500 ns
[2025-03-29T04:12:27.164+0000][7][safepoint   ] Safepoint "Cleanup", Time since last: 7020492712 ns, Reaching safepoint: 793417 ns, At safepoint: 28666 ns, Total: 822083 ns
[2025-03-29T04:12:30.167+0000][7][safepoint   ] Safepoint "Cleanup", Time since last: 3003167252 ns, Reaching safepoint: 77875 ns, At safepoint: 5625 ns, Total: 83500 ns
[2025-03-29T04:12:32.171+0000][7][safepoint   ] Safepoint "Cleanup", Time since last: 2002724667 ns, Reaching safepoint: 424042 ns, At safepoint: 24708 ns, Total: 448750 ns
[2025-03-29T04:12:40.181+0000][7][safepoint   ] Safepoint "Cleanup", Time since last: 8009179796 ns, Reaching safepoint: 764541 ns, At safepoint: 33625 ns, Total: 798166 ns
[2025-03-29T04:13:00.211+0000][7][safepoint   ] Safepoint "Cleanup", Time since last: 20029137343 ns, Reaching safepoint: 602083 ns, At safepoint: 13875 ns, Total: 615958 ns
[2025-03-29T04:13:11.233+0000][7][safepoint   ] Safepoint "Cleanup", Time since last: 11020751922 ns, Reaching safepoint: 455709 ns, At safepoint: 13541 ns, Total: 469250 ns
[2025-03-29T04:13:30.257+0000][7][safepoint   ] Safepoint "Cleanup", Time since last: 19021819842 ns, Reaching safepoint: 2188667 ns, At safepoint: 35708 ns, Total: 2224375 ns
[2025-03-29T04:13:51.281+0000][7][safepoint   ] Safepoint "Cleanup", Time since last: 21026016301 ns, Reaching safepoint: 265000 ns, At safepoint: 8709 ns, Total: 273709 ns
[2025-03-29T04:14:00.290+0000][7][safepoint   ] Safepoint "Cleanup", Time since last: 9008440504 ns, Reaching safepoint: 802208 ns, At safepoint: 40917 ns, Total: 843125 ns
[2025-03-29T04:14:01.293+0000][7][safepoint   ] Safepoint "Cleanup", Time since last: 1002312459 ns, Reaching safepoint: 225000 ns, At safepoint: 10875 ns, Total: 235875 ns
[2025-03-29T04:14:11.303+0000][7][safepoint   ] Safepoint "Cleanup", Time since last: 10009717838 ns, Reaching safepoint: 516208 ns, At safepoint: 19709 ns, Total: 535917 ns
[2025-03-29T04:14:21.318+0000][7][safepoint   ] Safepoint "Cleanup", Time since last: 10011572712 ns, Reaching safepoint: 1065959 ns, At safepoint: 58416 ns, Total: 1124375 ns
[2025-03-29T04:14:30.327+0000][7][safepoint   ] Safepoint "Cleanup", Time since last: 9009687046 ns, Reaching safepoint: 330250 ns, At safepoint: 13584 ns, Total: 343834 ns
[2025-03-29T04:14:32.331+0000][7][safepoint   ] Safepoint "Cleanup", Time since last: 2003169126 ns, Reaching safepoint: 697250 ns, At safepoint: 21875 ns, Total: 719125 ns
[2025-03-29T04:14:42.371+0000][7][safepoint   ] Safepoint "Cleanup", Time since last: 10039025963 ns, Reaching safepoint: 898708 ns, At safepoint: 49583 ns, Total: 948291 ns
[2025-03-29T04:15:00.397+0000][7][safepoint   ] Safepoint "Cleanup", Time since last: 18025171175 ns, Reaching safepoint: 361542 ns, At safepoint: 16542 ns, Total: 378084 ns
[2025-03-29T04:15:19.420+0000][7][safepoint   ] Safepoint "Cleanup", Time since last: 19021709550 ns, Reaching safepoint: 1452833 ns, At safepoint: 24042 ns, Total: 1476875 ns
[2025-03-29T04:15:23.428+0000][7][safepoint   ] Safepoint "Cleanup", Time since last: 4005675668 ns, Reaching safepoint: 826334 ns, At safepoint: 28750 ns, Total: 855084 ns
[2025-03-29T04:15:29.437+0000][7][safepoint   ] Safepoint "Cleanup", Time since last: 6008801753 ns, Reaching safepoint: 1061208 ns, At safepoint: 25083 ns, Total: 1086291 ns
[2025-03-29T04:15:30.439+0000][7][safepoint   ] Safepoint "Cleanup", Time since last: 1002646334 ns, Reaching safepoint: 126542 ns, At safepoint: 3166 ns, Total: 129708 ns
[2025-03-29T04:15:46.458+0000][7][safepoint   ] Safepoint "Cleanup", Time since last: 16018302883 ns, Reaching safepoint: 572292 ns, At safepoint: 15750 ns, Total: 588042 ns
[2025-03-29T04:16:00.473+0000][7][safepoint   ] Safepoint "Cleanup", Time since last: 14014962422 ns, Reaching safepoint: 319000 ns, At safepoint: 10917 ns, Total: 329917 ns
[2025-03-29T04:16:55.536+0000][7][safepoint   ] Safepoint "Cleanup", Time since last: 55062268567 ns, Reaching safepoint: 1035416 ns, At safepoint: 17667 ns, Total: 1053083 ns
[2025-03-29T04:17:00.557+0000][7][safepoint   ] Safepoint "Cleanup", Time since last: 5013239044 ns, Reaching safepoint: 5839792 ns, At safepoint: 1685666 ns, Total: 7525458 ns
[2025-03-29T04:17:30.599+0000][7][safepoint   ] Safepoint "Cleanup", Time since last: 30040585597 ns, Reaching safepoint: 548167 ns, At safepoint: 20708 ns, Total: 568875 ns
[2025-03-29T04:18:00.632+0000][7][safepoint   ] Safepoint "Cleanup", Time since last: 30032415431 ns, Reaching safepoint: 487209 ns, At safepoint: 19333 ns, Total: 506542 ns
[2025-03-29T04:18:30.668+0000][7][safepoint   ] Safepoint "Cleanup", Time since last: 30036277347 ns, Reaching safepoint: 910458 ns, At safepoint: 36334 ns, Total: 946792 ns
[2025-03-29T04:19:00.702+0000][7][safepoint   ] Safepoint "Cleanup", Time since last: 30031495971 ns, Reaching safepoint: 1215625 ns, At safepoint: 36959 ns, Total: 1252584 ns
[2025-03-29T04:19:13.717+0000][7][safepoint   ] Safepoint "Cleanup", Time since last: 13014473756 ns, Reaching safepoint: 913208 ns, At safepoint: 11917 ns, Total: 925125 ns
[2025-03-29T04:19:20.725+0000][7][safepoint   ] Safepoint "Cleanup", Time since last: 7009229294 ns, Reaching safepoint: 467458 ns, At safepoint: 14792 ns, Total: 482250 ns
[2025-03-29T04:19:30.736+0000][7][safepoint   ] Safepoint "Cleanup", Time since last: 10011294838 ns, Reaching safepoint: 173667 ns, At safepoint: 6666 ns, Total: 180333 ns
[2025-03-29T04:19:37.749+0000][7][safepoint   ] Safepoint "Cleanup", Time since last: 7011953337 ns, Reaching safepoint: 434750 ns, At safepoint: 25917 ns, Total: 460667 ns
[2025-03-29T04:19:49.766+0000][7][safepoint   ] Safepoint "Cleanup", Time since last: 12014450380 ns, Reaching safepoint: 972375 ns, At safepoint: 35375 ns, Total: 1007750 ns
[2025-03-29T04:19:57.776+0000][7][safepoint   ] Safepoint "Cleanup", Time since last: 8009281629 ns, Reaching safepoint: 972958 ns, At safepoint: 32542 ns, Total: 1005500 ns
[2025-03-29T04:20:00.781+0000][7][safepoint   ] Safepoint "Cleanup", Time since last: 3003988085 ns, Reaching safepoint: 315250 ns, At safepoint: 20708 ns, Total: 335958 ns
[2025-03-29T04:20:47.830+0000][7][safepoint   ] Safepoint "Cleanup", Time since last: 47049970563 ns, Reaching safepoint: 289959 ns, At safepoint: 13250 ns, Total: 303209 ns
[2025-03-29T04:21:00.846+0000][7][safepoint   ] Safepoint "Cleanup", Time since last: 13015190797 ns, Reaching safepoint: 449208 ns, At safepoint: 19625 ns, Total: 468833 ns
[2025-03-29T04:21:08.856+0000][7][safepoint   ] Safepoint "Cleanup", Time since last: 8009882921 ns, Reaching safepoint: 651791 ns, At safepoint: 22167 ns, Total: 673958 ns
[2025-03-29T04:21:23.876+0000][7][safepoint   ] Safepoint "Cleanup", Time since last: 15017916673 ns, Reaching safepoint: 1340375 ns, At safepoint: 18209 ns, Total: 1358584 ns
[2025-03-29T04:21:30.883+0000][7][safepoint   ] Safepoint "Cleanup", Time since last: 7006923086 ns, Reaching safepoint: 401375 ns, At safepoint: 19084 ns, Total: 420459 ns
[2025-03-29T04:21:38.896+0000][7][safepoint   ] Safepoint "Cleanup", Time since last: 8010764920 ns, Reaching safepoint: 1373167 ns, At safepoint: 40000 ns, Total: 1413167 ns
[2025-03-29T04:21:48.911+0000][7][safepoint   ] Safepoint "Cleanup", Time since last: 10013630545 ns, Reaching safepoint: 1096875 ns, At safepoint: 32542 ns, Total: 1129417 ns
[2025-03-29T04:22:43.976+0000][7][gc,start    ] GC(20) Pause Young (Normal) (G1 Evacuation Pause)
[2025-03-29T04:22:43.977+0000][7][gc,task     ] GC(20) Using 2 workers of 2 for evacuation
[2025-03-29T04:22:43.979+0000][7][gc,age      ] GC(20) Desired survivor size 31457280 bytes, new threshold 15 (max threshold 15)
[2025-03-29T04:22:44.072+0000][7][gc,age      ] GC(20) Age table with threshold 15 (max threshold 15)
[2025-03-29T04:22:44.072+0000][7][gc,age      ] GC(20) - age   1:     247296 bytes,     247296 total
[2025-03-29T04:22:44.072+0000][7][gc,age      ] GC(20) - age   2:     617456 bytes,     864752 total
[2025-03-29T04:22:44.072+0000][7][gc,age      ] GC(20) - age   3:    3234336 bytes,    4099088 total
[2025-03-29T04:22:44.072+0000][7][gc,phases   ] GC(20)   Pre Evacuate Collection Set: 4.0ms
[2025-03-29T04:22:44.072+0000][7][gc,phases   ] GC(20)   Merge Heap Roots: 1.4ms
[2025-03-29T04:22:44.072+0000][7][gc,phases   ] GC(20)   Evacuate Collection Set: 80.1ms
[2025-03-29T04:22:44.072+0000][7][gc,phases   ] GC(20)   Post Evacuate Collection Set: 7.1ms
[2025-03-29T04:22:44.072+0000][7][gc,phases   ] GC(20)   Other: 4.3ms
[2025-03-29T04:22:44.072+0000][7][gc,heap     ] GC(20) Eden regions: 114->0(133)
[2025-03-29T04:22:44.072+0000][7][gc,heap     ] GC(20) Survivor regions: 1->2(15)
[2025-03-29T04:22:44.072+0000][7][gc,heap     ] GC(20) Old regions: 18->18
[2025-03-29T04:22:44.072+0000][7][gc,heap     ] GC(20) Archive regions: 2->2
[2025-03-29T04:22:44.072+0000][7][gc,heap     ] GC(20) Humongous regions: 2->2
[2025-03-29T04:22:44.072+0000][7][gc,metaspace] GC(20) Metaspace: 106077K(107648K)->106077K(107648K) NonClass: 91308K(92224K)->91308K(92224K) Class: 14768K(15424K)->14768K(15424K)
[2025-03-29T04:22:44.073+0000][7][gc          ] GC(20) Pause Young (Normal) (G1 Evacuation Pause) 541M->86M(1024M) 96.176ms
[2025-03-29T04:22:44.073+0000][7][gc,cpu      ] GC(20) User=0.18s Sys=0.00s Real=0.10s
[2025-03-29T04:22:44.073+0000][7][safepoint   ] Safepoint "G1CollectForAllocation", Time since last: 55065910942 ns, Reaching safepoint: 330792 ns, At safepoint: 97679291 ns, Total: 98010083 ns
[2025-03-29T04:23:00.094+0000][7][safepoint   ] Safepoint "Cleanup", Time since last: 16018329674 ns, Reaching safepoint: 1474125 ns, At safepoint: 27625 ns, Total: 1501750 ns
[2025-03-29T04:23:01.095+0000][7][safepoint   ] Safepoint "Cleanup", Time since last: 1001767792 ns, Reaching safepoint: 84916 ns, At safepoint: 4584 ns, Total: 89500 ns
[2025-03-29T04:23:20.116+0000][7][safepoint   ] Safepoint "Cleanup", Time since last: 19019939675 ns, Reaching safepoint: 565958 ns, At safepoint: 23750 ns, Total: 589708 ns
[2025-03-29T04:23:31.127+0000][7][safepoint   ] Safepoint "Cleanup", Time since last: 11011267922 ns, Reaching safepoint: 273584 ns, At safepoint: 11666 ns, Total: 285250 ns
[2025-03-29T04:23:40.136+0000][7][safepoint   ] Safepoint "Cleanup", Time since last: 9008676796 ns, Reaching safepoint: 271750 ns, At safepoint: 11959 ns, Total: 283709 ns
[2025-03-29T04:23:55.154+0000][7][safepoint   ] Safepoint "Cleanup", Time since last: 15016284923 ns, Reaching safepoint: 802875 ns, At safepoint: 36792 ns, Total: 839667 ns
[2025-03-29T04:25:21.248+0000][7][safepoint   ] Safepoint "Cleanup", Time since last: 86093915664 ns, Reaching safepoint: 356125 ns, At safepoint: 11875 ns, Total: 368000 ns
[2025-03-29T04:25:32.261+0000][7][safepoint   ] Safepoint "Cleanup", Time since last: 11012528547 ns, Reaching safepoint: 304917 ns, At safepoint: 24041 ns, Total: 328958 ns
[2025-03-29T04:25:55.290+0000][7][safepoint   ] Safepoint "Cleanup", Time since last: 23028215719 ns, Reaching safepoint: 862417 ns, At safepoint: 19500 ns, Total: 881917 ns
[2025-03-29T04:26:01.296+0000][7][safepoint   ] Safepoint "Cleanup", Time since last: 6006415336 ns, Reaching safepoint: 211291 ns, At safepoint: 12459 ns, Total: 223750 ns
[2025-03-29T04:26:31.323+0000][7][safepoint   ] Safepoint "Cleanup", Time since last: 30030998847 ns, Reaching safepoint: 1026875 ns, At safepoint: 99625 ns, Total: 1126500 ns
[2025-03-29T04:26:42.338+0000][7][safepoint   ] Safepoint "Cleanup", Time since last: 11014632047 ns, Reaching safepoint: 145500 ns, At safepoint: 8750 ns, Total: 154250 ns
[2025-03-29T04:26:57.384+0000][7][safepoint   ] Safepoint "Cleanup", Time since last: 15018303298 ns, Reaching safepoint: 808792 ns, At safepoint: 52708 ns, Total: 861500 ns
[2025-03-29T04:27:30.436+0000][7][safepoint   ] Safepoint "Cleanup", Time since last: 33040842723 ns, Reaching safepoint: 381334 ns, At safepoint: 12791 ns, Total: 394125 ns
[2025-03-29T04:27:48.463+0000][7][safepoint   ] Safepoint "Cleanup", Time since last: 18024824759 ns, Reaching safepoint: 1364750 ns, At safepoint: 37708 ns, Total: 1402458 ns
[2025-03-29T04:27:53.471+0000][7][safepoint   ] Safepoint "Cleanup", Time since last: 5007616169 ns, Reaching safepoint: 217541 ns, At safepoint: 10959 ns, Total: 228500 ns
[2025-03-29T04:28:01.490+0000][7][safepoint   ] Safepoint "Cleanup", Time since last: 8017795212 ns, Reaching safepoint: 475541 ns, At safepoint: 17334 ns, Total: 492875 ns
[2025-03-29T04:28:23.516+0000][7][safepoint   ] Safepoint "Cleanup", Time since last: 22023178385 ns, Reaching safepoint: 1339458 ns, At safepoint: 57417 ns, Total: 1396875 ns
[2025-03-29T04:28:30.531+0000][7][safepoint   ] Safepoint "Cleanup", Time since last: 7015470878 ns, Reaching safepoint: 127000 ns, At safepoint: 7667 ns, Total: 134667 ns
[2025-03-29T04:28:50.554+0000][7][safepoint   ] Safepoint "Cleanup", Time since last: 20022502967 ns, Reaching safepoint: 819292 ns, At safepoint: 18750 ns, Total: 838042 ns
[2025-03-29T04:28:53.558+0000][7][safepoint   ] Safepoint "Cleanup", Time since last: 3003746793 ns, Reaching safepoint: 83375 ns, At safepoint: 5083 ns, Total: 88458 ns
[2025-03-29T04:29:00.565+0000][7][safepoint   ] Safepoint "Cleanup", Time since last: 7006807337 ns, Reaching safepoint: 457333 ns, At safepoint: 15208 ns, Total: 472541 ns
[2025-03-29T04:29:01.567+0000][7][safepoint   ] Safepoint "Cleanup", Time since last: 1001648959 ns, Reaching safepoint: 230750 ns, At safepoint: 11917 ns, Total: 242667 ns
[2025-03-29T04:29:04.571+0000][7][safepoint   ] Safepoint "Cleanup", Time since last: 3003965876 ns, Reaching safepoint: 139459 ns, At safepoint: 7708 ns, Total: 147167 ns
[2025-03-29T04:29:21.590+0000][7][safepoint   ] Safepoint "Cleanup", Time since last: 17017697508 ns, Reaching safepoint: 771958 ns, At safepoint: 18542 ns, Total: 790500 ns
[2025-03-29T04:29:31.602+0000][7][safepoint   ] Safepoint "Cleanup", Time since last: 10011610338 ns, Reaching safepoint: 327750 ns, At safepoint: 9917 ns, Total: 337667 ns
[2025-03-29T04:29:34.605+0000][7][safepoint   ] Safepoint "Cleanup", Time since last: 3003028209 ns, Reaching safepoint: 108959 ns, At safepoint: 5625 ns, Total: 114584 ns
[2025-03-29T04:30:00.630+0000][7][safepoint   ] Safepoint "Cleanup", Time since last: 26023994262 ns, Reaching safepoint: 263041 ns, At safepoint: 8959 ns, Total: 272000 ns
[2025-03-29T04:30:14.645+0000][7][safepoint   ] Safepoint "Cleanup", Time since last: 14014421006 ns, Reaching safepoint: 518500 ns, At safepoint: 13250 ns, Total: 531750 ns
[2025-03-29T04:30:44.676+0000][7][safepoint   ] Safepoint "Cleanup", Time since last: 30029776305 ns, Reaching safepoint: 302959 ns, At safepoint: 15750 ns, Total: 318709 ns
[2025-03-29T04:31:00.692+0000][7][safepoint   ] Safepoint "Cleanup", Time since last: 16015862631 ns, Reaching safepoint: 185625 ns, At safepoint: 6542 ns, Total: 192167 ns
[2025-03-29T04:31:05.701+0000][7][safepoint   ] Safepoint "Cleanup", Time since last: 5008724419 ns, Reaching safepoint: 145708 ns, At safepoint: 8459 ns, Total: 154167 ns
[2025-03-29T04:31:30.728+0000][7][safepoint   ] Safepoint "Cleanup", Time since last: 25026875511 ns, Reaching safepoint: 239208 ns, At safepoint: 14583 ns, Total: 253791 ns
[2025-03-29T04:32:00.758+0000][7][safepoint   ] Safepoint "Cleanup", Time since last: 30029530472 ns, Reaching safepoint: 296042 ns, At safepoint: 11458 ns, Total: 307500 ns
[2025-03-29T04:32:15.410+0000][7][safepoint   ] Safepoint "Cleanup", Time since last: 14651995341 ns, Reaching safepoint: 72708 ns, At safepoint: 6083 ns, Total: 78791 ns
[2025-03-29T04:32:16.411+0000][7][safepoint   ] Safepoint "Cleanup", Time since last: 1000573876 ns, Reaching safepoint: 269417 ns, At safepoint: 11500 ns, Total: 280917 ns
[2025-03-29T04:32:26.429+0000][7][safepoint   ] Safepoint "Cleanup", Time since last: 10013519129 ns, Reaching safepoint: 3686417 ns, At safepoint: 49250 ns, Total: 3735667 ns
[2025-03-29T04:32:31.436+0000][7][safepoint   ] Safepoint "Cleanup", Time since last: 5006524669 ns, Reaching safepoint: 180583 ns, At safepoint: 9167 ns, Total: 189750 ns
[2025-03-29T04:32:59.466+0000][7][safepoint   ] Safepoint "Cleanup", Time since last: 28029952095 ns, Reaching safepoint: 434500 ns, At safepoint: 27250 ns, Total: 461750 ns
[2025-03-29T04:33:01.470+0000][7][safepoint   ] Safepoint "Cleanup", Time since last: 2003575543 ns, Reaching safepoint: 386792 ns, At safepoint: 15125 ns, Total: 401917 ns
[2025-03-29T04:33:16.490+0000][7][safepoint   ] Safepoint "Cleanup", Time since last: 15019331215 ns, Reaching safepoint: 501334 ns, At safepoint: 17000 ns, Total: 518334 ns
[2025-03-29T04:33:40.518+0000][7][safepoint   ] Safepoint "Cleanup", Time since last: 24026620552 ns, Reaching safepoint: 993625 ns, At safepoint: 62292 ns, Total: 1055917 ns
[2025-03-29T04:33:46.527+0000][7][safepoint   ] Safepoint "Cleanup", Time since last: 6008159878 ns, Reaching safepoint: 265458 ns, At safepoint: 10708 ns, Total: 276166 ns
[2025-03-29T04:34:00.543+0000][7][safepoint   ] Safepoint "Cleanup", Time since last: 14016030298 ns, Reaching safepoint: 647083 ns, At safepoint: 24583 ns, Total: 671666 ns
[2025-03-29T04:34:01.545+0000][7][safepoint   ] Safepoint "Cleanup", Time since last: 1001760042 ns, Reaching safepoint: 152000 ns, At safepoint: 14584 ns, Total: 166584 ns
[2025-03-29T04:34:06.551+0000][7][safepoint   ] Safepoint "Cleanup", Time since last: 5005914711 ns, Reaching safepoint: 108208 ns, At safepoint: 6458 ns, Total: 114666 ns
[2025-03-29T04:34:27.573+0000][7][safepoint   ] Safepoint "Cleanup", Time since last: 21020005510 ns, Reaching safepoint: 967833 ns, At safepoint: 45500 ns, Total: 1013333 ns
[2025-03-29T04:34:57.613+0000][7][safepoint   ] Safepoint "Cleanup", Time since last: 30038713930 ns, Reaching safepoint: 1069750 ns, At safepoint: 48208 ns, Total: 1117958 ns
[2025-03-29T04:35:04.623+0000][7][safepoint   ] Safepoint "Cleanup", Time since last: 7008850879 ns, Reaching safepoint: 812541 ns, At safepoint: 32542 ns, Total: 845083 ns
[2025-03-29T04:35:07.627+0000][7][safepoint   ] Safepoint "Cleanup", Time since last: 3004386876 ns, Reaching safepoint: 157834 ns, At safepoint: 7708 ns, Total: 165542 ns
[2025-03-29T04:35:17.638+0000][7][safepoint   ] Safepoint "Cleanup", Time since last: 10010127005 ns, Reaching safepoint: 873208 ns, At safepoint: 28583 ns, Total: 901791 ns
[2025-03-29T04:35:28.656+0000][7][safepoint   ] Safepoint "Cleanup", Time since last: 11016419755 ns, Reaching safepoint: 1305750 ns, At safepoint: 86250 ns, Total: 1392000 ns
[2025-03-29T04:35:47.682+0000][7][safepoint   ] Safepoint "Cleanup", Time since last: 19024370759 ns, Reaching safepoint: 1262209 ns, At safepoint: 79750 ns, Total: 1341959 ns
[2025-03-29T04:35:57.695+0000][7][safepoint   ] Safepoint "Cleanup", Time since last: 10012585921 ns, Reaching safepoint: 823458 ns, At safepoint: 40417 ns, Total: 863875 ns
[2025-03-29T04:36:07.710+0000][7][safepoint   ] Safepoint "Cleanup", Time since last: 10014749463 ns, Reaching safepoint: 204958 ns, At safepoint: 3375 ns, Total: 208333 ns
[2025-03-29T04:36:17.721+0000][7][safepoint   ] Safepoint "Cleanup", Time since last: 10010803380 ns, Reaching safepoint: 147667 ns, At safepoint: 6292 ns, Total: 153959 ns
[2025-03-29T04:36:31.738+0000][7][safepoint   ] Safepoint "Cleanup", Time since last: 14015842630 ns, Reaching safepoint: 514667 ns, At safepoint: 35417 ns, Total: 550084 ns
[2025-03-29T04:36:38.751+0000][7][safepoint   ] Safepoint "Cleanup", Time since last: 7012311211 ns, Reaching safepoint: 479625 ns, At safepoint: 18792 ns, Total: 498417 ns
[2025-03-29T04:36:48.764+0000][7][safepoint   ] Safepoint "Cleanup", Time since last: 10012206671 ns, Reaching safepoint: 210792 ns, At safepoint: 9667 ns, Total: 220459 ns
[2025-03-29T04:37:30.813+0000][7][safepoint   ] Safepoint "Cleanup", Time since last: 42048259310 ns, Reaching safepoint: 371250 ns, At safepoint: 15833 ns, Total: 387083 ns
[2025-03-29T04:37:52.838+0000][7][safepoint   ] Safepoint "Cleanup", Time since last: 22024517885 ns, Reaching safepoint: 518334 ns, At safepoint: 29541 ns, Total: 547875 ns
[2025-03-29T04:38:19.866+0000][7][safepoint   ] Safepoint "Cleanup", Time since last: 27026542137 ns, Reaching safepoint: 585417 ns, At safepoint: 27333 ns, Total: 612750 ns
[2025-03-29T04:40:00.973+0000][7][safepoint   ] Safepoint "Cleanup", Time since last: 101107145797 ns, Reaching safepoint: 299875 ns, At safepoint: 12083 ns, Total: 311958 ns
[2025-03-29T04:40:31.007+0000][7][safepoint   ] Safepoint "Cleanup", Time since last: 30032428430 ns, Reaching safepoint: 263709 ns, At safepoint: 13125 ns, Total: 276834 ns
[2025-03-29T04:41:01.046+0000][7][safepoint   ] Safepoint "Cleanup", Time since last: 30038487097 ns, Reaching safepoint: 310750 ns, At safepoint: 13167 ns, Total: 323917 ns
[2025-03-29T04:43:00.181+0000][7][safepoint   ] Safepoint "Cleanup", Time since last: 119133690596 ns, Reaching safepoint: 1011417 ns, At safepoint: 47125 ns, Total: 1058542 ns
[2025-03-29T04:43:01.184+0000][7][safepoint   ] Safepoint "Cleanup", Time since last: 1002694084 ns, Reaching safepoint: 218833 ns, At safepoint: 10417 ns, Total: 229250 ns
[2025-03-29T04:43:23.213+0000][7][safepoint   ] Safepoint "Cleanup", Time since last: 22028236926 ns, Reaching safepoint: 376917 ns, At safepoint: 16250 ns, Total: 393167 ns
[2025-03-29T04:43:33.224+0000][7][safepoint   ] Safepoint "Cleanup", Time since last: 10010368005 ns, Reaching safepoint: 405583 ns, At safepoint: 15708 ns, Total: 421291 ns
[2025-03-29T04:43:43.238+0000][7][safepoint   ] Safepoint "Cleanup", Time since last: 10011897005 ns, Reaching safepoint: 1791875 ns, At safepoint: 35750 ns, Total: 1827625 ns
[2025-03-29T04:43:59.259+0000][7][safepoint   ] Safepoint "Cleanup", Time since last: 16020025924 ns, Reaching safepoint: 723333 ns, At safepoint: 19958 ns, Total: 743291 ns
[2025-03-29T04:44:31.298+0000][7][safepoint   ] Safepoint "Cleanup", Time since last: 32037081265 ns, Reaching safepoint: 854958 ns, At safepoint: 31334 ns, Total: 886292 ns
[2025-03-29T04:45:01.332+0000][7][safepoint   ] Safepoint "Cleanup", Time since last: 30033407472 ns, Reaching safepoint: 540708 ns, At safepoint: 16708 ns, Total: 557416 ns
[2025-03-29T04:46:45.446+0000][7][safepoint   ] Safepoint "Cleanup", Time since last: 104112023299 ns, Reaching safepoint: 1108166 ns, At safepoint: 34250 ns, Total: 1142416 ns
[2025-03-29T04:46:55.460+0000][7][safepoint   ] Safepoint "Cleanup", Time since last: 10013750129 ns, Reaching safepoint: 412750 ns, At safepoint: 17125 ns, Total: 429875 ns
[2025-03-29T04:47:01.467+0000][7][safepoint   ] Safepoint "Cleanup", Time since last: 6006449128 ns, Reaching safepoint: 174167 ns, At safepoint: 8541 ns, Total: 182708 ns
[2025-03-29T04:47:02.809+0000][7][gc,start    ] GC(21) Pause Young (Normal) (G1 Evacuation Pause)
[2025-03-29T04:47:02.809+0000][7][gc,task     ] GC(21) Using 2 workers of 2 for evacuation
[2025-03-29T04:47:02.810+0000][7][gc,age      ] GC(21) Desired survivor size 35651584 bytes, new threshold 15 (max threshold 15)
[2025-03-29T04:47:02.851+0000][7][gc,age      ] GC(21) Age table with threshold 15 (max threshold 15)
[2025-03-29T04:47:02.851+0000][7][gc,age      ] GC(21) - age   1:      68792 bytes,      68792 total
[2025-03-29T04:47:02.851+0000][7][gc,age      ] GC(21) - age   2:     210360 bytes,     279152 total
[2025-03-29T04:47:02.851+0000][7][gc,age      ] GC(21) - age   3:     601912 bytes,     881064 total
[2025-03-29T04:47:02.851+0000][7][gc,age      ] GC(21) - age   4:    3133048 bytes,    4014112 total
[2025-03-29T04:47:02.851+0000][7][gc,phases   ] GC(21)   Pre Evacuate Collection Set: 0.6ms
[2025-03-29T04:47:02.851+0000][7][gc,phases   ] GC(21)   Merge Heap Roots: 0.6ms
[2025-03-29T04:47:02.851+0000][7][gc,phases   ] GC(21)   Evacuate Collection Set: 37.0ms
[2025-03-29T04:47:02.851+0000][7][gc,phases   ] GC(21)   Post Evacuate Collection Set: 2.7ms
[2025-03-29T04:47:02.851+0000][7][gc,phases   ] GC(21)   Other: 1.2ms
[2025-03-29T04:47:02.851+0000][7][gc,heap     ] GC(21) Eden regions: 133->0(152)
[2025-03-29T04:47:02.851+0000][7][gc,heap     ] GC(21) Survivor regions: 2->1(17)
[2025-03-29T04:47:02.851+0000][7][gc,heap     ] GC(21) Old regions: 18->18
[2025-03-29T04:47:02.851+0000][7][gc,heap     ] GC(21) Archive regions: 2->2
[2025-03-29T04:47:02.852+0000][7][gc,heap     ] GC(21) Humongous regions: 2->2
[2025-03-29T04:47:02.852+0000][7][gc,metaspace] GC(21) Metaspace: 106493K(108032K)->106493K(108032K) NonClass: 91722K(92608K)->91722K(92608K) Class: 14770K(15424K)->14770K(15424K)
[2025-03-29T04:47:02.852+0000][7][gc          ] GC(21) Pause Young (Normal) (G1 Evacuation Pause) 618M->85M(1024M) 42.508ms
[2025-03-29T04:47:02.852+0000][7][gc,cpu      ] GC(21) User=0.08s Sys=0.00s Real=0.04s
[2025-03-29T04:47:02.852+0000][7][safepoint   ] Safepoint "G1CollectForAllocation", Time since last: 1342293959 ns, Reaching safepoint: 70792 ns, At safepoint: 42862333 ns, Total: 42933125 ns
[2025-03-29T04:48:13.925+0000][7][safepoint   ] Safepoint "Cleanup", Time since last: 71071062784 ns, Reaching safepoint: 1234000 ns, At safepoint: 40041 ns, Total: 1274041 ns
[2025-03-29T04:48:30.946+0000][7][safepoint   ] Safepoint "Cleanup", Time since last: 17019318466 ns, Reaching safepoint: 1135500 ns, At safepoint: 42416 ns, Total: 1177916 ns
[2025-03-29T04:48:53.973+0000][7][safepoint   ] Safepoint "Cleanup", Time since last: 23026100719 ns, Reaching safepoint: 1101875 ns, At safepoint: 62791 ns, Total: 1164666 ns
[2025-03-29T04:49:31.022+0000][7][safepoint   ] Safepoint "Cleanup", Time since last: 37047952892 ns, Reaching safepoint: 504792 ns, At safepoint: 14250 ns, Total: 519042 ns
[2025-03-29T04:49:38.030+0000][7][safepoint   ] Safepoint "Cleanup", Time since last: 7007374545 ns, Reaching safepoint: 900625 ns, At safepoint: 25667 ns, Total: 926292 ns
[2025-03-29T04:50:32.096+0000][7][safepoint   ] Safepoint "Cleanup", Time since last: 54065108608 ns, Reaching safepoint: 910541 ns, At safepoint: 32209 ns, Total: 942750 ns
[2025-03-29T04:50:39.106+0000][7][safepoint   ] Safepoint "Cleanup", Time since last: 7008999795 ns, Reaching safepoint: 889500 ns, At safepoint: 19250 ns, Total: 908750 ns
[2025-03-29T04:50:59.125+0000][7][safepoint   ] Safepoint "Cleanup", Time since last: 20020777217 ns, Reaching safepoint: 478041 ns, At safepoint: 20459 ns, Total: 498500 ns
[2025-03-29T04:52:01.202+0000][7][safepoint   ] Safepoint "Cleanup", Time since last: 62072331903 ns, Reaching safepoint: 375125 ns, At safepoint: 11000 ns, Total: 386125 ns
[2025-03-29T04:52:20.224+0000][7][safepoint   ] Safepoint "Cleanup", Time since last: 19020844675 ns, Reaching safepoint: 790750 ns, At safepoint: 30791 ns, Total: 821541 ns
[2025-03-29T04:52:59.269+0000][7][safepoint   ] Safepoint "Cleanup", Time since last: 39046542601 ns, Reaching safepoint: 761084 ns, At safepoint: 35958 ns, Total: 797042 ns
[2025-03-29T04:53:00.272+0000][7][safepoint   ] Safepoint "Cleanup", Time since last: 1003271917 ns, Reaching safepoint: 148750 ns, At safepoint: 6000 ns, Total: 154750 ns
[2025-03-29T04:53:10.284+0000][7][safepoint   ] Safepoint "Cleanup", Time since last: 10012107588 ns, Reaching safepoint: 176625 ns, At safepoint: 6542 ns, Total: 183167 ns
[2025-03-29T04:53:31.317+0000][7][safepoint   ] Safepoint "Cleanup", Time since last: 21030171842 ns, Reaching safepoint: 237834 ns, At safepoint: 9250 ns, Total: 247084 ns
[2025-03-29T04:55:20.434+0000][7][safepoint   ] Safepoint "Cleanup", Time since last: 109114022258 ns, Reaching safepoint: 877875 ns, At safepoint: 34791 ns, Total: 912666 ns
[2025-03-29T04:55:52.471+0000][7][safepoint   ] Safepoint "Cleanup", Time since last: 32034975307 ns, Reaching safepoint: 1143500 ns, At safepoint: 66875 ns, Total: 1210375 ns
[2025-03-29T04:55:59.482+0000][7][safepoint   ] Safepoint "Cleanup", Time since last: 7011089128 ns, Reaching safepoint: 1039875 ns, At safepoint: 45250 ns, Total: 1085125 ns
[2025-03-29T04:56:01.486+0000][7][safepoint   ] Safepoint "Cleanup", Time since last: 2003316459 ns, Reaching safepoint: 143042 ns, At safepoint: 6375 ns, Total: 149417 ns
[2025-03-29T04:56:22.513+0000][7][safepoint   ] Safepoint "Cleanup", Time since last: 21023559593 ns, Reaching safepoint: 3860125 ns, At safepoint: 31708 ns, Total: 3891833 ns
[2025-03-29T04:56:31.525+0000][7][safepoint   ] Safepoint "Cleanup", Time since last: 9010577671 ns, Reaching safepoint: 949750 ns, At safepoint: 34583 ns, Total: 984333 ns
[2025-03-29T04:57:01.572+0000][7][safepoint   ] Safepoint "Cleanup", Time since last: 30041983473 ns, Reaching safepoint: 929166 ns, At safepoint: 31292 ns, Total: 960458 ns
[2025-03-29T04:57:13.590+0000][7][safepoint   ] Safepoint "Cleanup", Time since last: 12017536797 ns, Reaching safepoint: 383375 ns, At safepoint: 10709 ns, Total: 394084 ns
[2025-03-29T04:57:31.614+0000][7][safepoint   ] Safepoint "Cleanup", Time since last: 18021382633 ns, Reaching safepoint: 808208 ns, At safepoint: 51167 ns, Total: 859375 ns
[2025-03-29T04:57:33.618+0000][7][safepoint   ] Safepoint "Cleanup", Time since last: 2004589209 ns, Reaching safepoint: 186542 ns, At safepoint: 11875 ns, Total: 198417 ns
[2025-03-29T04:57:43.631+0000][7][safepoint   ] Safepoint "Cleanup", Time since last: 10012791171 ns, Reaching safepoint: 189334 ns, At safepoint: 2916 ns, Total: 192250 ns
[2025-03-29T04:57:53.644+0000][7][safepoint   ] Safepoint "Cleanup", Time since last: 10011005463 ns, Reaching safepoint: 799750 ns, At safepoint: 46459 ns, Total: 846209 ns
[2025-03-29T04:58:31.686+0000][7][safepoint   ] Safepoint "Cleanup", Time since last: 38041590559 ns, Reaching safepoint: 1068083 ns, At safepoint: 36292 ns, Total: 1104375 ns
[2025-03-29T04:58:43.700+0000][7][safepoint   ] Safepoint "Cleanup", Time since last: 12013490255 ns, Reaching safepoint: 304167 ns, At safepoint: 23917 ns, Total: 328084 ns
[2025-03-29T04:59:13.738+0000][7][safepoint   ] Safepoint "Cleanup", Time since last: 30037497638 ns, Reaching safepoint: 299958 ns, At safepoint: 10292 ns, Total: 310250 ns
[2025-03-29T04:59:56.798+0000][7][safepoint   ] Safepoint "Cleanup", Time since last: 43057215144 ns, Reaching safepoint: 1286625 ns, At safepoint: 46250 ns, Total: 1332875 ns
[2025-03-29T05:00:53.860+0000][7][safepoint   ] Safepoint "Cleanup", Time since last: 57061365401 ns, Reaching safepoint: 528084 ns, At safepoint: 12625 ns, Total: 540709 ns
[2025-03-29T05:01:04.873+0000][7][safepoint   ] Safepoint "Cleanup", Time since last: 11012340672 ns, Reaching safepoint: 227000 ns, At safepoint: 17750 ns, Total: 244750 ns
[2025-03-29T05:02:35.989+0000][7][safepoint   ] Safepoint "Cleanup", Time since last: 91114214083 ns, Reaching safepoint: 844500 ns, At safepoint: 28417 ns, Total: 872917 ns
[2025-03-29T05:02:46.000+0000][7][safepoint   ] Safepoint "Cleanup", Time since last: 10010692255 ns, Reaching safepoint: 269791 ns, At safepoint: 17500 ns, Total: 287291 ns
[2025-03-29T05:03:00.013+0000][7][safepoint   ] Safepoint "Cleanup", Time since last: 14014042006 ns, Reaching safepoint: 158750 ns, At safepoint: 10500 ns, Total: 169250 ns
[2025-03-29T05:03:01.016+0000][7][safepoint   ] Safepoint "Cleanup", Time since last: 1002780084 ns, Reaching safepoint: 165667 ns, At safepoint: 9833 ns, Total: 175500 ns
[2025-03-29T05:03:32.057+0000][7][safepoint   ] Safepoint "Cleanup", Time since last: 31037896973 ns, Reaching safepoint: 1634958 ns, At safepoint: 23833 ns, Total: 1658791 ns
[2025-03-29T05:04:37.130+0000][7][safepoint   ] Safepoint "Cleanup", Time since last: 65071127030 ns, Reaching safepoint: 846458 ns, At safepoint: 33542 ns, Total: 880000 ns
[2025-03-29T05:05:02.160+0000][7][safepoint   ] Safepoint "Cleanup", Time since last: 25029179469 ns, Reaching safepoint: 290250 ns, At safepoint: 12417 ns, Total: 302667 ns
[2025-03-29T05:05:45.229+0000][7][safepoint   ] Safepoint "Cleanup", Time since last: 43067851603 ns, Reaching safepoint: 1285458 ns, At safepoint: 25250 ns, Total: 1310708 ns
[2025-03-29T05:06:32.285+0000][7][safepoint   ] Safepoint "Cleanup", Time since last: 47054815272 ns, Reaching safepoint: 1009125 ns, At safepoint: 52583 ns, Total: 1061708 ns
[2025-03-29T05:08:28.485+0000][7][safepoint   ] Safepoint "Cleanup", Time since last: 116198339553 ns, Reaching safepoint: 849625 ns, At safepoint: 88209 ns, Total: 937834 ns
[2025-03-29T05:08:38.498+0000][7][safepoint   ] Safepoint "Cleanup", Time since last: 10012483171 ns, Reaching safepoint: 237292 ns, At safepoint: 7125 ns, Total: 244417 ns
[2025-03-29T05:09:32.559+0000][7][safepoint   ] Safepoint "Cleanup", Time since last: 54058558150 ns, Reaching safepoint: 596667 ns, At safepoint: 21041 ns, Total: 617708 ns
[2025-03-29T05:09:48.580+0000][7][safepoint   ] Safepoint "Cleanup", Time since last: 16020579050 ns, Reaching safepoint: 568208 ns, At safepoint: 25083 ns, Total: 593291 ns
[2025-03-29T05:10:32.627+0000][7][safepoint   ] Safepoint "Cleanup", Time since last: 44046072354 ns, Reaching safepoint: 603000 ns, At safepoint: 27125 ns, Total: 630125 ns
[2025-03-29T05:12:02.740+0000][7][safepoint   ] Safepoint "Cleanup", Time since last: 90111224000 ns, Reaching safepoint: 434708 ns, At safepoint: 17375 ns, Total: 452083 ns
[2025-03-29T05:12:59.809+0000][7][safepoint   ] Safepoint "Cleanup", Time since last: 57066790985 ns, Reaching safepoint: 613750 ns, At safepoint: 32292 ns, Total: 646042 ns
[2025-03-29T05:13:02.813+0000][7][safepoint   ] Safepoint "Cleanup", Time since last: 3004493959 ns, Reaching safepoint: 345875 ns, At safepoint: 20250 ns, Total: 366125 ns
[2025-03-29T05:13:50.865+0000][7][safepoint   ] Safepoint "Cleanup", Time since last: 48050738480 ns, Reaching safepoint: 931292 ns, At safepoint: 40000 ns, Total: 971292 ns
[2025-03-29T05:15:01.013+0000][7][gc,start    ] GC(22) Pause Young (Normal) (G1 Evacuation Pause)
[2025-03-29T05:15:01.015+0000][7][gc,task     ] GC(22) Using 2 workers of 2 for evacuation
[2025-03-29T05:15:01.016+0000][7][gc,age      ] GC(22) Desired survivor size 41943040 bytes, new threshold 15 (max threshold 15)
[2025-03-29T05:15:01.054+0000][7][gc,age      ] GC(22) Age table with threshold 15 (max threshold 15)
[2025-03-29T05:15:01.054+0000][7][gc,age      ] GC(22) - age   1:      73640 bytes,      73640 total
[2025-03-29T05:15:01.054+0000][7][gc,age      ] GC(22) - age   2:      54024 bytes,     127664 total
[2025-03-29T05:15:01.054+0000][7][gc,age      ] GC(22) - age   3:     209208 bytes,     336872 total
[2025-03-29T05:15:01.054+0000][7][gc,age      ] GC(22) - age   4:     601912 bytes,     938784 total
[2025-03-29T05:15:01.054+0000][7][gc,age      ] GC(22) - age   5:    3133048 bytes,    4071832 total
[2025-03-29T05:15:01.054+0000][7][gc,phases   ] GC(22)   Pre Evacuate Collection Set: 1.1ms
[2025-03-29T05:15:01.054+0000][7][gc,phases   ] GC(22)   Merge Heap Roots: 0.5ms
[2025-03-29T05:15:01.054+0000][7][gc,phases   ] GC(22)   Evacuate Collection Set: 29.4ms
[2025-03-29T05:15:01.054+0000][7][gc,phases   ] GC(22)   Post Evacuate Collection Set: 3.5ms
[2025-03-29T05:15:01.054+0000][7][gc,phases   ] GC(22)   Other: 6.9ms
[2025-03-29T05:15:01.054+0000][7][gc,heap     ] GC(22) Eden regions: 152->0(152)
[2025-03-29T05:15:01.055+0000][7][gc,heap     ] GC(22) Survivor regions: 1->1(20)
[2025-03-29T05:15:01.055+0000][7][gc,heap     ] GC(22) Old regions: 18->18
[2025-03-29T05:15:01.055+0000][7][gc,heap     ] GC(22) Archive regions: 2->2
[2025-03-29T05:15:01.055+0000][7][gc,heap     ] GC(22) Humongous regions: 2->2
[2025-03-29T05:15:01.055+0000][7][gc,metaspace] GC(22) Metaspace: 106684K(108288K)->106684K(108288K) NonClass: 91913K(92864K)->91913K(92864K) Class: 14771K(15424K)->14771K(15424K)
[2025-03-29T05:15:01.055+0000][7][gc          ] GC(22) Pause Young (Normal) (G1 Evacuation Pause) 693M->85M(1024M) 41.700ms
[2025-03-29T05:15:01.055+0000][7][gc,cpu      ] GC(22) User=0.07s Sys=0.00s Real=0.04s
[2025-03-29T05:15:01.055+0000][7][safepoint   ] Safepoint "G1CollectForAllocation", Time since last: 70146117032 ns, Reaching safepoint: 782958 ns, At safepoint: 42330667 ns, Total: 43113625 ns
[2025-03-29T05:15:21.077+0000][7][safepoint   ] Safepoint "Cleanup", Time since last: 20021545759 ns, Reaching safepoint: 335125 ns, At safepoint: 10458 ns, Total: 345583 ns
[2025-03-29T05:16:02.125+0000][7][safepoint   ] Safepoint "Cleanup", Time since last: 41046687852 ns, Reaching safepoint: 1067000 ns, At safepoint: 45958 ns, Total: 1112958 ns
[2025-03-29T05:17:12.203+0000][7][safepoint   ] Safepoint "Cleanup", Time since last: 70078364199 ns, Reaching safepoint: 547625 ns, At safepoint: 22792 ns, Total: 570417 ns
[2025-03-29T05:17:27.225+0000][7][safepoint   ] Safepoint "Cleanup", Time since last: 15019033881 ns, Reaching safepoint: 254459 ns, At safepoint: 15208 ns, Total: 269667 ns
[2025-03-29T05:17:32.234+0000][7][safepoint   ] Safepoint "Cleanup", Time since last: 5008871377 ns, Reaching safepoint: 252167 ns, At safepoint: 20583 ns, Total: 272750 ns
[2025-03-29T05:19:02.341+0000][7][safepoint   ] Safepoint "Cleanup", Time since last: 90104666542 ns, Reaching safepoint: 1162417 ns, At safepoint: 48125 ns, Total: 1210542 ns
[2025-03-29T05:19:13.355+0000][7][safepoint   ] Safepoint "Cleanup", Time since last: 11014095630 ns, Reaching safepoint: 458250 ns, At safepoint: 27375 ns, Total: 485625 ns
[2025-03-29T05:19:23.366+0000][7][safepoint   ] Safepoint "Cleanup", Time since last: 10009988213 ns, Reaching safepoint: 395042 ns, At safepoint: 20458 ns, Total: 415500 ns
[2025-03-29T05:20:32.441+0000][7][safepoint   ] Safepoint "Cleanup", Time since last: 69073262448 ns, Reaching safepoint: 1510125 ns, At safepoint: 60709 ns, Total: 1570834 ns
[2025-03-29T05:21:32.517+0000][7][safepoint   ] Safepoint "Cleanup", Time since last: 60073948360 ns, Reaching safepoint: 1043500 ns, At safepoint: 45875 ns, Total: 1089375 ns
[2025-03-29T05:22:24.579+0000][7][safepoint   ] Safepoint "Cleanup", Time since last: 52059821024 ns, Reaching safepoint: 946958 ns, At safepoint: 39083 ns, Total: 986041 ns
[2025-03-29T05:22:59.618+0000][7][safepoint   ] Safepoint "Cleanup", Time since last: 35039038766 ns, Reaching safepoint: 617209 ns, At safepoint: 24041 ns, Total: 641250 ns
[2025-03-29T05:25:40.806+0000][7][safepoint   ] Safepoint "Cleanup", Time since last: 161188595323 ns, Reaching safepoint: 907084 ns, At safepoint: 44458 ns, Total: 951542 ns
[2025-03-29T05:25:45.816+0000][7][safepoint   ] Safepoint "Cleanup", Time since last: 5009996503 ns, Reaching safepoint: 217041 ns, At safepoint: 12709 ns, Total: 229750 ns
[2025-03-29T05:25:55.827+0000][7][safepoint   ] Safepoint "Cleanup", Time since last: 10010697962 ns, Reaching safepoint: 258417 ns, At safepoint: 20417 ns, Total: 278834 ns
[2025-03-29T05:26:31.868+0000][7][safepoint   ] Safepoint "Cleanup", Time since last: 36040542183 ns, Reaching safepoint: 351166 ns, At safepoint: 13167 ns, Total: 364333 ns
[2025-03-29T05:27:32.937+0000][7][safepoint   ] Safepoint "Cleanup", Time since last: 61067663653 ns, Reaching safepoint: 303458 ns, At safepoint: 16750 ns, Total: 320208 ns
[2025-03-29T05:29:33.068+0000][7][safepoint   ] Safepoint "Cleanup", Time since last: 120129577263 ns, Reaching safepoint: 893042 ns, At safepoint: 16041 ns, Total: 909083 ns
[2025-03-29T05:29:58.097+0000][7][safepoint   ] Safepoint "Cleanup", Time since last: 25028370303 ns, Reaching safepoint: 582917 ns, At safepoint: 27917 ns, Total: 610834 ns
[2025-03-29T05:31:43.214+0000][7][safepoint   ] Safepoint "Cleanup", Time since last: 105115136298 ns, Reaching safepoint: 755375 ns, At safepoint: 36000 ns, Total: 791375 ns
[2025-03-29T05:32:33.267+0000][7][safepoint   ] Safepoint "Cleanup", Time since last: 50053005023 ns, Reaching safepoint: 973708 ns, At safepoint: 36334 ns, Total: 1010042 ns
[2025-03-29T05:33:00.303+0000][7][safepoint   ] Safepoint "Cleanup", Time since last: 27033730303 ns, Reaching safepoint: 432167 ns, At safepoint: 26417 ns, Total: 458584 ns
[2025-03-29T05:33:39.348+0000][7][safepoint   ] Safepoint "Cleanup", Time since last: 39043952184 ns, Reaching safepoint: 441667 ns, At safepoint: 20458 ns, Total: 462125 ns
[2025-03-29T05:34:03.377+0000][7][safepoint   ] Safepoint "Cleanup", Time since last: 24028291761 ns, Reaching safepoint: 406917 ns, At safepoint: 13791 ns, Total: 420708 ns
[2025-03-29T05:34:33.413+0000][7][safepoint   ] Safepoint "Cleanup", Time since last: 30035008889 ns, Reaching safepoint: 855250 ns, At safepoint: 53291 ns, Total: 908541 ns
[2025-03-29T05:35:09.452+0000][7][safepoint   ] Safepoint "Cleanup", Time since last: 36037915850 ns, Reaching safepoint: 282792 ns, At safepoint: 18875 ns, Total: 301667 ns
[2025-03-29T05:36:02.509+0000][7][safepoint   ] Safepoint "Cleanup", Time since last: 53056587649 ns, Reaching safepoint: 278833 ns, At safepoint: 13167 ns, Total: 292000 ns
[2025-03-29T05:36:57.572+0000][7][safepoint   ] Safepoint "Cleanup", Time since last: 55061145316 ns, Reaching safepoint: 1096542 ns, At safepoint: 63625 ns, Total: 1160167 ns
[2025-03-29T05:37:02.581+0000][7][safepoint   ] Safepoint "Cleanup", Time since last: 5008776877 ns, Reaching safepoint: 53584 ns, At safepoint: 2916 ns, Total: 56500 ns
[2025-03-29T05:40:21.836+0000][7][safepoint   ] Safepoint "Cleanup", Time since last: 199252793006 ns, Reaching safepoint: 490250 ns, At safepoint: 24000 ns, Total: 514250 ns
[2025-03-29T05:40:41.858+0000][7][safepoint   ] Safepoint "Cleanup", Time since last: 20021297010 ns, Reaching safepoint: 316875 ns, At safepoint: 44875 ns, Total: 361750 ns
[2025-03-29T05:41:52.950+0000][7][safepoint   ] Safepoint "Cleanup", Time since last: 71090835573 ns, Reaching safepoint: 528917 ns, At safepoint: 16042 ns, Total: 544959 ns
[2025-03-29T05:42:50.014+0000][7][safepoint   ] Safepoint "Cleanup", Time since last: 57062486359 ns, Reaching safepoint: 792667 ns, At safepoint: 41833 ns, Total: 834500 ns
[2025-03-29T05:42:54.216+0000][7][gc,start    ] GC(23) Pause Young (Normal) (G1 Evacuation Pause)
[2025-03-29T05:42:54.216+0000][7][gc,task     ] GC(23) Using 2 workers of 2 for evacuation
[2025-03-29T05:42:54.216+0000][7][gc,age      ] GC(23) Desired survivor size 41943040 bytes, new threshold 15 (max threshold 15)
[2025-03-29T05:42:54.254+0000][7][gc,age      ] GC(23) Age table with threshold 15 (max threshold 15)
[2025-03-29T05:42:54.254+0000][7][gc,age      ] GC(23) - age   1:      74328 bytes,      74328 total
[2025-03-29T05:42:54.254+0000][7][gc,age      ] GC(23) - age   2:      61752 bytes,     136080 total
[2025-03-29T05:42:54.254+0000][7][gc,age      ] GC(23) - age   3:      54024 bytes,     190104 total
[2025-03-29T05:42:54.254+0000][7][gc,age      ] GC(23) - age   4:     209208 bytes,     399312 total
[2025-03-29T05:42:54.254+0000][7][gc,age      ] GC(23) - age   5:     601912 bytes,    1001224 total
[2025-03-29T05:42:54.254+0000][7][gc,age      ] GC(23) - age   6:    3133048 bytes,    4134272 total
[2025-03-29T05:42:54.254+0000][7][gc,phases   ] GC(23)   Pre Evacuate Collection Set: 0.6ms
[2025-03-29T05:42:54.254+0000][7][gc,phases   ] GC(23)   Merge Heap Roots: 0.2ms
[2025-03-29T05:42:54.254+0000][7][gc,phases   ] GC(23)   Evacuate Collection Set: 33.3ms
[2025-03-29T05:42:54.254+0000][7][gc,phases   ] GC(23)   Post Evacuate Collection Set: 3.4ms
[2025-03-29T05:42:54.254+0000][7][gc,phases   ] GC(23)   Other: 0.9ms
[2025-03-29T05:42:54.254+0000][7][gc,heap     ] GC(23) Eden regions: 152->0(151)
[2025-03-29T05:42:54.254+0000][7][gc,heap     ] GC(23) Survivor regions: 1->2(20)
[2025-03-29T05:42:54.254+0000][7][gc,heap     ] GC(23) Old regions: 18->18
[2025-03-29T05:42:54.254+0000][7][gc,heap     ] GC(23) Archive regions: 2->2
[2025-03-29T05:42:54.254+0000][7][gc,heap     ] GC(23) Humongous regions: 2->2
[2025-03-29T05:42:54.254+0000][7][gc,metaspace] GC(23) Metaspace: 106853K(108416K)->106853K(108416K) NonClass: 92081K(92992K)->92081K(92992K) Class: 14771K(15424K)->14771K(15424K)
[2025-03-29T05:42:54.255+0000][7][gc          ] GC(23) Pause Young (Normal) (G1 Evacuation Pause) 693M->86M(1024M) 38.704ms
[2025-03-29T05:42:54.255+0000][7][gc,cpu      ] GC(23) User=0.07s Sys=0.00s Real=0.04s
[2025-03-29T05:42:54.255+0000][7][safepoint   ] Safepoint "G1CollectForAllocation", Time since last: 4201662752 ns, Reaching safepoint: 58750 ns, At safepoint: 39020625 ns, Total: 39079375 ns
[2025-03-29T05:42:55.257+0000][7][safepoint   ] Safepoint "Cleanup", Time since last: 1001645750 ns, Reaching safepoint: 217500 ns, At safepoint: 10209 ns, Total: 227709 ns
[2025-03-29T05:43:33.307+0000][7][safepoint   ] Safepoint "Cleanup", Time since last: 38049411517 ns, Reaching safepoint: 707583 ns, At safepoint: 62084 ns, Total: 769667 ns
[2025-03-29T05:46:04.482+0000][7][safepoint   ] Safepoint "Cleanup", Time since last: 151173130361 ns, Reaching safepoint: 492958 ns, At safepoint: 19000 ns, Total: 511958 ns
[2025-03-29T05:46:33.515+0000][7][safepoint   ] Safepoint "Cleanup", Time since last: 29031154722 ns, Reaching safepoint: 1231042 ns, At safepoint: 50833 ns, Total: 1281875 ns
[2025-03-29T05:46:54.541+0000][7][safepoint   ] Safepoint "Cleanup", Time since last: 21025623842 ns, Reaching safepoint: 106917 ns, At safepoint: 6542 ns, Total: 113459 ns
[2025-03-29T05:47:10.557+0000][7][safepoint   ] Safepoint "Cleanup", Time since last: 16015602341 ns, Reaching safepoint: 758791 ns, At safepoint: 42875 ns, Total: 801666 ns
[2025-03-29T05:47:33.584+0000][7][safepoint   ] Safepoint "Cleanup", Time since last: 23026089344 ns, Reaching safepoint: 629125 ns, At safepoint: 20542 ns, Total: 649667 ns
[2025-03-29T05:48:45.667+0000][7][safepoint   ] Safepoint "Cleanup", Time since last: 72080494200 ns, Reaching safepoint: 1317166 ns, At safepoint: 41209 ns, Total: 1358375 ns
[2025-03-29T05:49:50.747+0000][7][safepoint   ] Safepoint "Cleanup", Time since last: 65078520112 ns, Reaching safepoint: 491292 ns, At safepoint: 15458 ns, Total: 506750 ns
[2025-03-29T05:50:03.764+0000][7][safepoint   ] Safepoint "Cleanup", Time since last: 13017382507 ns, Reaching safepoint: 327833 ns, At safepoint: 15375 ns, Total: 343208 ns
[2025-03-29T05:50:31.799+0000][7][safepoint   ] Safepoint "Cleanup", Time since last: 28033709804 ns, Reaching safepoint: 562708 ns, At safepoint: 48167 ns, Total: 610875 ns
[2025-03-29T05:50:33.803+0000][7][safepoint   ] Safepoint "Cleanup", Time since last: 2003581418 ns, Reaching safepoint: 299916 ns, At safepoint: 22834 ns, Total: 322750 ns
[2025-03-29T05:52:33.957+0000][7][safepoint   ] Safepoint "Cleanup", Time since last: 120151953013 ns, Reaching safepoint: 966042 ns, At safepoint: 45291 ns, Total: 1011333 ns
[2025-03-29T05:52:47.973+0000][7][safepoint   ] Safepoint "Cleanup", Time since last: 14015656632 ns, Reaching safepoint: 325042 ns, At safepoint: 12666 ns, Total: 337708 ns
[2025-03-29T05:52:59.988+0000][7][safepoint   ] Safepoint "Cleanup", Time since last: 12014643005 ns, Reaching safepoint: 265959 ns, At safepoint: 18583 ns, Total: 284542 ns
[2025-03-29T05:53:34.025+0000][7][safepoint   ] Safepoint "Cleanup", Time since last: 34036425141 ns, Reaching safepoint: 501250 ns, At safepoint: 36583 ns, Total: 537833 ns
[2025-03-29T05:58:03.384+0000][7][safepoint   ] Safepoint "Cleanup", Time since last: 269352999623 ns, Reaching safepoint: 1508417 ns, At safepoint: 406333 ns, Total: 1914750 ns
[2025-03-29T05:58:20.405+0000][7][safepoint   ] Safepoint "Cleanup", Time since last: 17021962300 ns, Reaching safepoint: 244125 ns, At safepoint: 8750 ns, Total: 252875 ns
[2025-03-29T05:59:03.461+0000][7][safepoint   ] Safepoint "Cleanup", Time since last: 43054098477 ns, Reaching safepoint: 1402375 ns, At safepoint: 97584 ns, Total: 1499959 ns
[2025-03-29T05:59:33.495+0000][7][safepoint   ] Safepoint "Cleanup", Time since last: 30033146013 ns, Reaching safepoint: 381834 ns, At safepoint: 21208 ns, Total: 403042 ns
[2025-03-29T06:00:03.530+0000][7][safepoint   ] Safepoint "Cleanup", Time since last: 30034282639 ns, Reaching safepoint: 481375 ns, At safepoint: 44166 ns, Total: 525541 ns
[2025-03-29T06:00:33.564+0000][7][safepoint   ] Safepoint "Cleanup", Time since last: 30032474223 ns, Reaching safepoint: 1033083 ns, At safepoint: 18625 ns, Total: 1051708 ns
[2025-03-29T06:01:03.599+0000][7][safepoint   ] Safepoint "Cleanup", Time since last: 30033959847 ns, Reaching safepoint: 215459 ns, At safepoint: 6375 ns, Total: 221834 ns
[2025-03-29T06:01:31.630+0000][7][safepoint   ] Safepoint "Cleanup", Time since last: 28030784096 ns, Reaching safepoint: 241833 ns, At safepoint: 5542 ns, Total: 247375 ns
[2025-03-29T06:02:03.667+0000][7][safepoint   ] Safepoint "Cleanup", Time since last: 32037809640 ns, Reaching safepoint: 341791 ns, At safepoint: 17084 ns, Total: 358875 ns
[2025-03-29T06:02:11.676+0000][7][safepoint   ] Safepoint "Cleanup", Time since last: 8008679253 ns, Reaching safepoint: 524417 ns, At safepoint: 14250 ns, Total: 538667 ns
[2025-03-29T06:02:21.689+0000][7][safepoint   ] Safepoint "Cleanup", Time since last: 10011516545 ns, Reaching safepoint: 631625 ns, At safepoint: 26584 ns, Total: 658209 ns
[2025-03-29T06:08:00.241+0000][7][safepoint   ] Safepoint "Cleanup", Time since last: 338547491779 ns, Reaching safepoint: 665833 ns, At safepoint: 46375 ns, Total: 712208 ns
[2025-03-29T06:10:42.149+0000][7][gc,start    ] GC(24) Pause Young (Normal) (G1 Evacuation Pause)
[2025-03-29T06:10:42.150+0000][7][gc,task     ] GC(24) Using 2 workers of 2 for evacuation
[2025-03-29T06:10:42.151+0000][7][gc,age      ] GC(24) Desired survivor size 41943040 bytes, new threshold 15 (max threshold 15)
[2025-03-29T06:10:42.186+0000][7][gc,age      ] GC(24) Age table with threshold 15 (max threshold 15)
[2025-03-29T06:10:42.187+0000][7][gc,age      ] GC(24) - age   1:      83584 bytes,      83584 total
[2025-03-29T06:10:42.187+0000][7][gc,age      ] GC(24) - age   2:      61264 bytes,     144848 total
[2025-03-29T06:10:42.187+0000][7][gc,age      ] GC(24) - age   3:      61368 bytes,     206216 total
[2025-03-29T06:10:42.187+0000][7][gc,age      ] GC(24) - age   4:      54024 bytes,     260240 total
[2025-03-29T06:10:42.187+0000][7][gc,age      ] GC(24) - age   5:     209208 bytes,     469448 total
[2025-03-29T06:10:42.187+0000][7][gc,age      ] GC(24) - age   6:     601912 bytes,    1071360 total
[2025-03-29T06:10:42.187+0000][7][gc,age      ] GC(24) - age   7:    3133048 bytes,    4204408 total
[2025-03-29T06:10:42.187+0000][7][gc,phases   ] GC(24)   Pre Evacuate Collection Set: 0.9ms
[2025-03-29T06:10:42.187+0000][7][gc,phases   ] GC(24)   Merge Heap Roots: 0.3ms
[2025-03-29T06:10:42.187+0000][7][gc,phases   ] GC(24)   Evacuate Collection Set: 31.4ms
[2025-03-29T06:10:42.187+0000][7][gc,phases   ] GC(24)   Post Evacuate Collection Set: 3.1ms
[2025-03-29T06:10:42.187+0000][7][gc,phases   ] GC(24)   Other: 2.7ms
[2025-03-29T06:10:42.187+0000][7][gc,heap     ] GC(24) Eden regions: 151->0(151)
[2025-03-29T06:10:42.187+0000][7][gc,heap     ] GC(24) Survivor regions: 2->2(20)
[2025-03-29T06:10:42.187+0000][7][gc,heap     ] GC(24) Old regions: 18->18
[2025-03-29T06:10:42.187+0000][7][gc,heap     ] GC(24) Archive regions: 2->2
[2025-03-29T06:10:42.187+0000][7][gc,heap     ] GC(24) Humongous regions: 2->2
[2025-03-29T06:10:42.187+0000][7][gc,metaspace] GC(24) Metaspace: 107013K(108608K)->107013K(108608K) NonClass: 92242K(93184K)->92242K(93184K) Class: 14771K(15424K)->14771K(15424K)
[2025-03-29T06:10:42.187+0000][7][gc          ] GC(24) Pause Young (Normal) (G1 Evacuation Pause) 690M->86M(1024M) 38.757ms
[2025-03-29T06:10:42.187+0000][7][gc,cpu      ] GC(24) User=0.07s Sys=0.00s Real=0.03s
[2025-03-29T06:10:42.188+0000][7][safepoint   ] Safepoint "G1CollectForAllocation", Time since last: 161905420198 ns, Reaching safepoint: 519500 ns, At safepoint: 39185375 ns, Total: 39704875 ns
[2025-03-29T06:12:56.395+0000][7][safepoint   ] Safepoint "Cleanup", Time since last: 134218700395 ns, Reaching safepoint: 746667 ns, At safepoint: 46041 ns, Total: 792708 ns
[2025-03-29T06:13:34.443+0000][7][safepoint   ] Safepoint "Cleanup", Time since last: 38047022101 ns, Reaching safepoint: 466250 ns, At safepoint: 23583 ns, Total: 489833 ns
[2025-03-29T06:18:03.841+0000][7][safepoint   ] Safepoint "Cleanup", Time since last: 269396189916 ns, Reaching safepoint: 941000 ns, At safepoint: 48500 ns, Total: 989500 ns
[2025-03-29T06:23:40.452+0000][7][safepoint   ] Safepoint "Cleanup", Time since last: 336607991612 ns, Reaching safepoint: 768625 ns, At safepoint: 28542 ns, Total: 797167 ns
[2025-03-29T06:23:50.490+0000][7][safepoint   ] Safepoint "Cleanup", Time since last: 10037922796 ns, Reaching safepoint: 712500 ns, At safepoint: 45500 ns, Total: 758000 ns
[2025-03-29T07:46:47.008+0000][7][safepoint   ] Safepoint "Cleanup", Time since last: 31100298056 ns, Reaching safepoint: 436541 ns, At safepoint: 10709 ns, Total: 447250 ns
[2025-03-29T09:47:55.386+0000][7][safepoint   ] Safepoint "Cleanup", Time since last: 59564297110 ns, Reaching safepoint: 54238000 ns, At safepoint: 41584 ns, Total: 54279584 ns
[2025-03-29T11:27:11.479+0000][7][safepoint   ] Safepoint "Cleanup", Time since last: 41091977352 ns, Reaching safepoint: 1457666 ns, At safepoint: 55417 ns, Total: 1513083 ns
[2025-03-29T11:27:13.486+0000][7][safepoint   ] Safepoint "Cleanup", Time since last: 2006815418 ns, Reaching safepoint: 543458 ns, At safepoint: 9708 ns, Total: 553166 ns
[2025-03-29T11:27:18.491+0000][7][safepoint   ] Safepoint "Cleanup", Time since last: 5005145544 ns, Reaching safepoint: 229750 ns, At safepoint: 13625 ns, Total: 243375 ns
[2025-03-29T12:17:10.561+0000][7][safepoint   ] Safepoint "Cleanup", Time since last: 23035035510 ns, Reaching safepoint: 906584 ns, At safepoint: 32958 ns, Total: 939542 ns
[2025-03-29T13:25:09.987+0000][7][safepoint   ] Safepoint "Cleanup", Time since last: 21282557135 ns, Reaching safepoint: 466375 ns, At safepoint: 20125 ns, Total: 486500 ns
[2025-03-29T14:52:20.399+0000][7][safepoint   ] Safepoint "Cleanup", Time since last: 159233510406 ns, Reaching safepoint: 632750 ns, At safepoint: 16667 ns, Total: 649417 ns
[2025-03-29T14:52:22.402+0000][7][safepoint   ] Safepoint "Cleanup", Time since last: 2003383834 ns, Reaching safepoint: 139958 ns, At safepoint: 8584 ns, Total: 148542 ns
[2025-03-29T14:54:22.552+0000][7][safepoint   ] Safepoint "Cleanup", Time since last: 120147267596 ns, Reaching safepoint: 2124417 ns, At safepoint: 105375 ns, Total: 2229792 ns
[2025-03-29T14:55:47.920+0000][7][safepoint   ] Safepoint "Cleanup", Time since last: 85369046414 ns, Reaching safepoint: 932792 ns, At safepoint: 18250 ns, Total: 951042 ns
[2025-03-29T14:55:49.925+0000][7][safepoint   ] Safepoint "Cleanup", Time since last: 2004501751 ns, Reaching safepoint: 442625 ns, At safepoint: 17708 ns, Total: 460333 ns
[2025-03-29T15:01:19.497+0000][7][gc,start    ] GC(25) Pause Young (Normal) (G1 Evacuation Pause)
[2025-03-29T15:01:19.498+0000][7][gc,task     ] GC(25) Using 2 workers of 2 for evacuation
[2025-03-29T15:01:19.499+0000][7][gc,age      ] GC(25) Desired survivor size 41943040 bytes, new threshold 15 (max threshold 15)
[2025-03-29T15:01:19.542+0000][7][gc,age      ] GC(25) Age table with threshold 15 (max threshold 15)
[2025-03-29T15:01:19.542+0000][7][gc,age      ] GC(25) - age   1:      90464 bytes,      90464 total
[2025-03-29T15:01:19.542+0000][7][gc,age      ] GC(25) - age   2:      70376 bytes,     160840 total
[2025-03-29T15:01:19.542+0000][7][gc,age      ] GC(25) - age   3:      61064 bytes,     221904 total
[2025-03-29T15:01:19.542+0000][7][gc,age      ] GC(25) - age   4:      61368 bytes,     283272 total
[2025-03-29T15:01:19.542+0000][7][gc,age      ] GC(25) - age   5:      54024 bytes,     337296 total
[2025-03-29T15:01:19.542+0000][7][gc,age      ] GC(25) - age   6:     209208 bytes,     546504 total
[2025-03-29T15:01:19.542+0000][7][gc,age      ] GC(25) - age   7:     599672 bytes,    1146176 total
[2025-03-29T15:01:19.542+0000][7][gc,age      ] GC(25) - age   8:    3133048 bytes,    4279224 total
[2025-03-29T15:01:19.542+0000][7][gc,phases   ] GC(25)   Pre Evacuate Collection Set: 1.4ms
[2025-03-29T15:01:19.542+0000][7][gc,phases   ] GC(25)   Merge Heap Roots: 1.0ms
[2025-03-29T15:01:19.542+0000][7][gc,phases   ] GC(25)   Evacuate Collection Set: 35.7ms
[2025-03-29T15:01:19.542+0000][7][gc,phases   ] GC(25)   Post Evacuate Collection Set: 4.4ms
[2025-03-29T15:01:19.543+0000][7][gc,phases   ] GC(25)   Other: 4.1ms
[2025-03-29T15:01:19.543+0000][7][gc,heap     ] GC(25) Eden regions: 151->0(151)
[2025-03-29T15:01:19.543+0000][7][gc,heap     ] GC(25) Survivor regions: 2->2(20)
[2025-03-29T15:01:19.543+0000][7][gc,heap     ] GC(25) Old regions: 18->18
[2025-03-29T15:01:19.543+0000][7][gc,heap     ] GC(25) Archive regions: 2->2
[2025-03-29T15:01:19.543+0000][7][gc,heap     ] GC(25) Humongous regions: 2->2
[2025-03-29T15:01:19.543+0000][7][gc,metaspace] GC(25) Metaspace: 107079K(108608K)->107079K(108608K) NonClass: 92307K(93184K)->92307K(93184K) Class: 14771K(15424K)->14771K(15424K)
[2025-03-29T15:01:19.543+0000][7][gc          ] GC(25) Pause Young (Normal) (G1 Evacuation Pause) 690M->86M(1024M) 46.956ms
[2025-03-29T15:01:19.543+0000][7][gc,cpu      ] GC(25) User=0.09s Sys=0.00s Real=0.05s
[2025-03-29T15:01:19.543+0000][7][safepoint   ] Safepoint "G1CollectForAllocation", Time since last: 329569941360 ns, Reaching safepoint: 850500 ns, At safepoint: 47678292 ns, Total: 48528792 ns
[2025-03-29T15:04:22.019+0000][7][safepoint   ] Safepoint "Cleanup", Time since last: 182476317833 ns, Reaching safepoint: 232750 ns, At safepoint: 21042 ns, Total: 253792 ns
[2025-03-29T15:04:50.058+0000][7][safepoint   ] Safepoint "Cleanup", Time since last: 28038790554 ns, Reaching safepoint: 461875 ns, At safepoint: 27791 ns, Total: 489666 ns
[2025-03-29T15:06:52.305+0000][7][safepoint   ] Safepoint "Cleanup", Time since last: 122245608098 ns, Reaching safepoint: 1266083 ns, At safepoint: 97833 ns, Total: 1363916 ns
[2025-03-29T15:07:22.336+0000][7][safepoint   ] Safepoint "Cleanup", Time since last: 30032439181 ns, Reaching safepoint: 841833 ns, At safepoint: 32459 ns, Total: 874292 ns
[2025-03-29T15:07:59.381+0000][7][safepoint   ] Safepoint "Cleanup", Time since last: 37043249559 ns, Reaching safepoint: 233416 ns, At safepoint: 19875 ns, Total: 253291 ns
[2025-03-29T15:08:52.461+0000][7][safepoint   ] Safepoint "Cleanup", Time since last: 53078733316 ns, Reaching safepoint: 957291 ns, At safepoint: 36459 ns, Total: 993750 ns
[2025-03-29T15:10:22.587+0000][7][safepoint   ] Safepoint "Cleanup", Time since last: 90126507083 ns, Reaching safepoint: 226000 ns, At safepoint: 9041 ns, Total: 235041 ns
[2025-03-29T15:10:52.619+0000][7][safepoint   ] Safepoint "Cleanup", Time since last: 30031900681 ns, Reaching safepoint: 73958 ns, At safepoint: 1875 ns, Total: 75833 ns
[2025-03-29T15:11:22.654+0000][7][safepoint   ] Safepoint "Cleanup", Time since last: 30034560180 ns, Reaching safepoint: 448917 ns, At safepoint: 22041 ns, Total: 470958 ns
[2025-03-29T15:11:52.687+0000][7][safepoint   ] Safepoint "Cleanup", Time since last: 30032051931 ns, Reaching safepoint: 840625 ns, At safepoint: 45917 ns, Total: 886542 ns
[2025-03-29T15:15:47.081+0000][7][safepoint   ] Safepoint "Cleanup", Time since last: 234393163399 ns, Reaching safepoint: 1077041 ns, At safepoint: 66334 ns, Total: 1143375 ns
[2025-03-29T15:16:33.133+0000][7][safepoint   ] Safepoint "Cleanup", Time since last: 46050851980 ns, Reaching safepoint: 1096041 ns, At safepoint: 40000 ns, Total: 1136041 ns
[2025-03-29T15:18:20.276+0000][7][safepoint   ] Safepoint "Cleanup", Time since last: 107140256465 ns, Reaching safepoint: 3489917 ns, At safepoint: 69833 ns, Total: 3559750 ns
[2025-03-29T15:18:44.301+0000][7][safepoint   ] Safepoint "Cleanup", Time since last: 24025174094 ns, Reaching safepoint: 238083 ns, At safepoint: 12500 ns, Total: 250583 ns
[2025-03-29T15:19:22.272+0000][7][safepoint   ] Safepoint "Cleanup", Time since last: 37970142226 ns, Reaching safepoint: 1130250 ns, At safepoint: 6209 ns, Total: 1136459 ns
[2025-03-29T15:20:45.421+0000][7][safepoint   ] Safepoint "Cleanup", Time since last: 83132101413 ns, Reaching safepoint: 660917 ns, At safepoint: 30958 ns, Total: 691875 ns
[2025-03-29T15:20:55.432+0000][7][safepoint   ] Safepoint "Cleanup", Time since last: 10010527005 ns, Reaching safepoint: 191000 ns, At safepoint: 9750 ns, Total: 200750 ns
[2025-03-29T15:25:52.892+0000][7][safepoint   ] Safepoint "Cleanup", Time since last: 297458898718 ns, Reaching safepoint: 327958 ns, At safepoint: 16167 ns, Total: 344125 ns
[2025-03-29T15:26:22.927+0000][7][safepoint   ] Safepoint "Cleanup", Time since last: 30034278931 ns, Reaching safepoint: 266583 ns, At safepoint: 9875 ns, Total: 276458 ns
[2025-03-29T15:26:49.954+0000][7][safepoint   ] Safepoint "Cleanup", Time since last: 27026142262 ns, Reaching safepoint: 801958 ns, At safepoint: 39583 ns, Total: 841541 ns
[2025-03-29T15:26:52.959+0000][7][safepoint   ] Safepoint "Cleanup", Time since last: 3004905919 ns, Reaching safepoint: 221958 ns, At safepoint: 10125 ns, Total: 232083 ns
[2025-03-29T15:26:56.962+0000][7][safepoint   ] Safepoint "Cleanup", Time since last: 4002605960 ns, Reaching safepoint: 70417 ns, At safepoint: 5500 ns, Total: 75917 ns
[2025-03-29T15:28:20.052+0000][7][safepoint   ] Safepoint "Cleanup", Time since last: 83088853912 ns, Reaching safepoint: 741542 ns, At safepoint: 44166 ns, Total: 785708 ns
[2025-03-29T15:29:11.080+0000][7][gc,start    ] GC(26) Pause Young (Normal) (G1 Evacuation Pause)
[2025-03-29T15:29:11.080+0000][7][gc,task     ] GC(26) Using 2 workers of 2 for evacuation
[2025-03-29T15:29:11.081+0000][7][gc,age      ] GC(26) Desired survivor size 41943040 bytes, new threshold 15 (max threshold 15)
[2025-03-29T15:29:11.119+0000][7][gc,age      ] GC(26) Age table with threshold 15 (max threshold 15)
[2025-03-29T15:29:11.119+0000][7][gc,age      ] GC(26) - age   1:      71016 bytes,      71016 total
[2025-03-29T15:29:11.119+0000][7][gc,age      ] GC(26) - age   2:      74360 bytes,     145376 total
[2025-03-29T15:29:11.119+0000][7][gc,age      ] GC(26) - age   3:      70192 bytes,     215568 total
[2025-03-29T15:29:11.120+0000][7][gc,age      ] GC(26) - age   4:      61064 bytes,     276632 total
[2025-03-29T15:29:11.120+0000][7][gc,age      ] GC(26) - age   5:      61368 bytes,     338000 total
[2025-03-29T15:29:11.120+0000][7][gc,age      ] GC(26) - age   6:      54024 bytes,     392024 total
[2025-03-29T15:29:11.120+0000][7][gc,age      ] GC(26) - age   7:     209208 bytes,     601232 total
[2025-03-29T15:29:11.120+0000][7][gc,age      ] GC(26) - age   8:     599672 bytes,    1200904 total
[2025-03-29T15:29:11.120+0000][7][gc,age      ] GC(26) - age   9:    3133048 bytes,    4333952 total
[2025-03-29T15:29:11.120+0000][7][gc,phases   ] GC(26)   Pre Evacuate Collection Set: 0.6ms
[2025-03-29T15:29:11.120+0000][7][gc,phases   ] GC(26)   Merge Heap Roots: 0.4ms
[2025-03-29T15:29:11.120+0000][7][gc,phases   ] GC(26)   Evacuate Collection Set: 34.0ms
[2025-03-29T15:29:11.120+0000][7][gc,phases   ] GC(26)   Post Evacuate Collection Set: 3.3ms
[2025-03-29T15:29:11.120+0000][7][gc,phases   ] GC(26)   Other: 1.8ms
[2025-03-29T15:29:11.120+0000][7][gc,heap     ] GC(26) Eden regions: 151->0(151)
[2025-03-29T15:29:11.120+0000][7][gc,heap     ] GC(26) Survivor regions: 2->2(20)
[2025-03-29T15:29:11.120+0000][7][gc,heap     ] GC(26) Old regions: 18->18
[2025-03-29T15:29:11.120+0000][7][gc,heap     ] GC(26) Archive regions: 2->2
[2025-03-29T15:29:11.120+0000][7][gc,heap     ] GC(26) Humongous regions: 2->2
[2025-03-29T15:29:11.120+0000][7][gc,metaspace] GC(26) Metaspace: 107161K(108672K)->107161K(108672K) NonClass: 92390K(93248K)->92390K(93248K) Class: 14771K(15424K)->14771K(15424K)
[2025-03-29T15:29:11.120+0000][7][gc          ] GC(26) Pause Young (Normal) (G1 Evacuation Pause) 690M->86M(1024M) 40.468ms
[2025-03-29T15:29:11.120+0000][7][gc,cpu      ] GC(26) User=0.07s Sys=0.00s Real=0.04s
[2025-03-29T15:29:11.120+0000][7][safepoint   ] Safepoint "G1CollectForAllocation", Time since last: 51027794607 ns, Reaching safepoint: 220375 ns, At safepoint: 40864917 ns, Total: 41085292 ns
[2025-03-29T15:29:28.145+0000][7][safepoint   ] Safepoint "Cleanup", Time since last: 17023795299 ns, Reaching safepoint: 334375 ns, At safepoint: 31084 ns, Total: 365459 ns
[2025-03-29T15:30:47.309+0000][7][safepoint   ] Safepoint "Cleanup", Time since last: 79160616786 ns, Reaching safepoint: 2317875 ns, At safepoint: 114916 ns, Total: 2432791 ns
[2025-03-29T15:36:19.977+0000][7][safepoint   ] Safepoint "Cleanup", Time since last: 332666717986 ns, Reaching safepoint: 1338333 ns, At safepoint: 52375 ns, Total: 1390708 ns
[2025-03-29T15:37:53.107+0000][7][safepoint   ] Safepoint "Cleanup", Time since last: 93128713084 ns, Reaching safepoint: 989250 ns, At safepoint: 39167 ns, Total: 1028417 ns
[2025-03-29T15:38:53.176+0000][7][safepoint   ] Safepoint "Cleanup", Time since last: 60068057735 ns, Reaching safepoint: 854042 ns, At safepoint: 50291 ns, Total: 904333 ns
[2025-03-29T15:39:53.242+0000][7][safepoint   ] Safepoint "Cleanup", Time since last: 60065395736 ns, Reaching safepoint: 526417 ns, At safepoint: 26000 ns, Total: 552417 ns
[2025-03-29T15:40:23.279+0000][7][safepoint   ] Safepoint "Cleanup", Time since last: 30037195181 ns, Reaching safepoint: 310041 ns, At safepoint: 10625 ns, Total: 320666 ns
[2025-03-29T15:44:34.719+0000][7][safepoint   ] Safepoint "Cleanup", Time since last: 251437797115 ns, Reaching safepoint: 936625 ns, At safepoint: 76208 ns, Total: 1012833 ns
[2025-03-29T15:47:25.945+0000][7][safepoint   ] Safepoint "Cleanup", Time since last: 171225284536 ns, Reaching safepoint: 870166 ns, At safepoint: 36542 ns, Total: 906708 ns
[2025-03-29T15:49:47.159+0000][7][safepoint   ] Safepoint "Cleanup", Time since last: 141224273356 ns, Reaching safepoint: 610583 ns, At safepoint: 18667 ns, Total: 629250 ns
[2025-03-29T15:50:57.225+0000][7][safepoint   ] Safepoint "Cleanup", Time since last: 70077497532 ns, Reaching safepoint: 749667 ns, At safepoint: 42916 ns, Total: 792583 ns
[2025-03-29T15:52:59.468+0000][7][safepoint   ] Safepoint "Cleanup", Time since last: 122241398598 ns, Reaching safepoint: 637208 ns, At safepoint: 30458 ns, Total: 667666 ns
[2025-03-29T15:55:18.663+0000][7][safepoint   ] Safepoint "Cleanup", Time since last: 139193714855 ns, Reaching safepoint: 1441875 ns, At safepoint: 48291 ns, Total: 1490166 ns
[2025-03-29T15:56:29.740+0000][7][safepoint   ] Safepoint "Cleanup", Time since last: 71075601034 ns, Reaching safepoint: 998875 ns, At safepoint: 43291 ns, Total: 1042166 ns
[2025-03-29T15:57:03.817+0000][7][gc,start    ] GC(27) Pause Young (Normal) (G1 Evacuation Pause)
[2025-03-29T15:57:03.819+0000][7][gc,task     ] GC(27) Using 2 workers of 2 for evacuation
[2025-03-29T15:57:03.820+0000][7][gc,age      ] GC(27) Desired survivor size 41943040 bytes, new threshold 15 (max threshold 15)
[2025-03-29T15:57:03.863+0000][7][gc,age      ] GC(27) Age table with threshold 15 (max threshold 15)
[2025-03-29T15:57:03.863+0000][7][gc,age      ] GC(27) - age   1:      68168 bytes,      68168 total
[2025-03-29T15:57:03.863+0000][7][gc,age      ] GC(27) - age   2:      57752 bytes,     125920 total
[2025-03-29T15:57:03.863+0000][7][gc,age      ] GC(27) - age   3:      74160 bytes,     200080 total
[2025-03-29T15:57:03.863+0000][7][gc,age      ] GC(27) - age   4:      70192 bytes,     270272 total
[2025-03-29T15:57:03.863+0000][7][gc,age      ] GC(27) - age   5:      61064 bytes,     331336 total
[2025-03-29T15:57:03.863+0000][7][gc,age      ] GC(27) - age   6:      61368 bytes,     392704 total
[2025-03-29T15:57:03.863+0000][7][gc,age      ] GC(27) - age   7:      54024 bytes,     446728 total
[2025-03-29T15:57:03.863+0000][7][gc,age      ] GC(27) - age   8:     209208 bytes,     655936 total
[2025-03-29T15:57:03.864+0000][7][gc,age      ] GC(27) - age   9:     599672 bytes,    1255608 total
[2025-03-29T15:57:03.864+0000][7][gc,age      ] GC(27) - age  10:    3133048 bytes,    4388656 total
[2025-03-29T15:57:03.864+0000][7][gc,phases   ] GC(27)   Pre Evacuate Collection Set: 0.8ms
[2025-03-29T15:57:03.864+0000][7][gc,phases   ] GC(27)   Merge Heap Roots: 0.4ms
[2025-03-29T15:57:03.864+0000][7][gc,phases   ] GC(27)   Evacuate Collection Set: 38.5ms
[2025-03-29T15:57:03.864+0000][7][gc,phases   ] GC(27)   Post Evacuate Collection Set: 3.6ms
[2025-03-29T15:57:03.864+0000][7][gc,phases   ] GC(27)   Other: 3.6ms
[2025-03-29T15:57:03.864+0000][7][gc,heap     ] GC(27) Eden regions: 151->0(151)
[2025-03-29T15:57:03.864+0000][7][gc,heap     ] GC(27) Survivor regions: 2->2(20)
[2025-03-29T15:57:03.864+0000][7][gc,heap     ] GC(27) Old regions: 18->18
[2025-03-29T15:57:03.864+0000][7][gc,heap     ] GC(27) Archive regions: 2->2
[2025-03-29T15:57:03.864+0000][7][gc,heap     ] GC(27) Humongous regions: 2->2
[2025-03-29T15:57:03.864+0000][7][gc,metaspace] GC(27) Metaspace: 107237K(108864K)->107237K(108864K) NonClass: 92466K(93440K)->92466K(93440K) Class: 14771K(15424K)->14771K(15424K)
[2025-03-29T15:57:03.864+0000][7][gc          ] GC(27) Pause Young (Normal) (G1 Evacuation Pause) 690M->86M(1024M) 47.080ms
[2025-03-29T15:57:03.864+0000][7][gc,cpu      ] GC(27) User=0.09s Sys=0.00s Real=0.05s
[2025-03-29T15:57:03.865+0000][7][safepoint   ] Safepoint "G1CollectForAllocation", Time since last: 34077339474 ns, Reaching safepoint: 165125 ns, At safepoint: 47655792 ns, Total: 47820917 ns
[2025-03-29T15:59:20.083+0000][7][safepoint   ] Safepoint "Cleanup", Time since last: 136217850645 ns, Reaching safepoint: 869500 ns, At safepoint: 44708 ns, Total: 914208 ns
[2025-03-29T16:00:20.164+0000][7][safepoint   ] Safepoint "Cleanup", Time since last: 60080954987 ns, Reaching safepoint: 687458 ns, At safepoint: 35667 ns, Total: 723125 ns
[2025-03-29T16:01:31.267+0000][7][safepoint   ] Safepoint "Cleanup", Time since last: 71102587116 ns, Reaching safepoint: 391958 ns, At safepoint: 23500 ns, Total: 415458 ns
[2025-03-29T16:01:41.282+0000][7][safepoint   ] Safepoint "Cleanup", Time since last: 10015134379 ns, Reaching safepoint: 120583 ns, At safepoint: 4042 ns, Total: 124625 ns
[2025-03-29T16:02:59.388+0000][7][safepoint   ] Safepoint "Cleanup", Time since last: 78106379244 ns, Reaching safepoint: 256625 ns, At safepoint: 12375 ns, Total: 269000 ns
[2025-03-29T16:03:02.392+0000][7][safepoint   ] Safepoint "Cleanup", Time since last: 3003285835 ns, Reaching safepoint: 129708 ns, At safepoint: 17167 ns, Total: 146875 ns
[2025-03-29T16:05:53.610+0000][7][safepoint   ] Safepoint "Cleanup", Time since last: 171218269494 ns, Reaching safepoint: 1141292 ns, At safepoint: 63916 ns, Total: 1205208 ns
[2025-03-29T16:06:50.672+0000][7][safepoint   ] Safepoint "Cleanup", Time since last: 57062538902 ns, Reaching safepoint: 320875 ns, At safepoint: 12333 ns, Total: 333208 ns
[2025-03-29T16:07:03.688+0000][7][safepoint   ] Safepoint "Cleanup", Time since last: 13015112506 ns, Reaching safepoint: 186000 ns, At safepoint: 10583 ns, Total: 196583 ns
[2025-03-29T16:09:53.965+0000][7][safepoint   ] Safepoint "Cleanup", Time since last: 170276112827 ns, Reaching safepoint: 1178458 ns, At safepoint: 65875 ns, Total: 1244333 ns
[2025-03-29T16:10:50.019+0000][7][safepoint   ] Safepoint "Cleanup", Time since last: 56054100443 ns, Reaching safepoint: 752708 ns, At safepoint: 45084 ns, Total: 797792 ns
[2025-03-29T16:10:51.021+0000][7][safepoint   ] Safepoint "Cleanup", Time since last: 1002076292 ns, Reaching safepoint: 164666 ns, At safepoint: 13250 ns, Total: 177916 ns
[2025-03-29T16:11:54.087+0000][7][safepoint   ] Safepoint "Cleanup", Time since last: 63065629946 ns, Reaching safepoint: 298959 ns, At safepoint: 14416 ns, Total: 313375 ns
[2025-03-29T16:12:25.125+0000][7][safepoint   ] Safepoint "Cleanup", Time since last: 31037297306 ns, Reaching safepoint: 1122291 ns, At safepoint: 46417 ns, Total: 1168708 ns
[2025-03-29T16:13:00.161+0000][7][safepoint   ] Safepoint "Cleanup", Time since last: 35035635933 ns, Reaching safepoint: 511333 ns, At safepoint: 17042 ns, Total: 528375 ns
[2025-03-29T16:13:56.219+0000][7][safepoint   ] Safepoint "Cleanup", Time since last: 56057228318 ns, Reaching safepoint: 481583 ns, At safepoint: 20917 ns, Total: 502500 ns
[2025-03-29T16:14:50.295+0000][7][safepoint   ] Safepoint "Cleanup", Time since last: 54075672733 ns, Reaching safepoint: 303291 ns, At safepoint: 16375 ns, Total: 319666 ns
[2025-03-29T16:15:24.332+0000][7][safepoint   ] Safepoint "Cleanup", Time since last: 34036650516 ns, Reaching safepoint: 499166 ns, At safepoint: 22375 ns, Total: 521541 ns
[2025-03-29T16:17:47.520+0000][7][safepoint   ] Safepoint "Cleanup", Time since last: 143188367732 ns, Reaching safepoint: 453542 ns, At safepoint: 13375 ns, Total: 466917 ns
[2025-03-29T16:23:00.043+0000][7][safepoint   ] Safepoint "Cleanup", Time since last: 312508657476 ns, Reaching safepoint: 569500 ns, At safepoint: 64209 ns, Total: 633709 ns
[2025-03-29T16:23:54.105+0000][7][safepoint   ] Safepoint "Cleanup", Time since last: 54060070940 ns, Reaching safepoint: 1576709 ns, At safepoint: 51916 ns, Total: 1628625 ns
[2025-03-29T16:24:41.157+0000][7][safepoint   ] Safepoint "Cleanup", Time since last: 47051671771 ns, Reaching safepoint: 385375 ns, At safepoint: 14333 ns, Total: 399708 ns
[2025-03-29T16:24:51.170+0000][7][safepoint   ] Safepoint "Cleanup", Time since last: 10012936672 ns, Reaching safepoint: 181416 ns, At safepoint: 15875 ns, Total: 197291 ns
[2025-03-29T16:24:53.740+0000][7][gc,start    ] GC(28) Pause Young (Normal) (G1 Evacuation Pause)
[2025-03-29T16:24:53.740+0000][7][gc,task     ] GC(28) Using 2 workers of 2 for evacuation
[2025-03-29T16:24:53.740+0000][7][gc,age      ] GC(28) Desired survivor size 41943040 bytes, new threshold 15 (max threshold 15)
[2025-03-29T16:24:53.796+0000][7][gc,age      ] GC(28) Age table with threshold 15 (max threshold 15)
[2025-03-29T16:24:53.796+0000][7][gc,age      ] GC(28) - age   1:      76400 bytes,      76400 total
[2025-03-29T16:24:53.796+0000][7][gc,age      ] GC(28) - age   2:      54904 bytes,     131304 total
[2025-03-29T16:24:53.796+0000][7][gc,age      ] GC(28) - age   3:      57568 bytes,     188872 total
[2025-03-29T16:24:53.796+0000][7][gc,age      ] GC(28) - age   4:      74160 bytes,     263032 total
[2025-03-29T16:24:53.796+0000][7][gc,age      ] GC(28) - age   5:      70192 bytes,     333224 total
[2025-03-29T16:24:53.796+0000][7][gc,age      ] GC(28) - age   6:      61064 bytes,     394288 total
[2025-03-29T16:24:53.796+0000][7][gc,age      ] GC(28) - age   7:      61368 bytes,     455656 total
[2025-03-29T16:24:53.796+0000][7][gc,age      ] GC(28) - age   8:      54024 bytes,     509680 total
[2025-03-29T16:24:53.796+0000][7][gc,age      ] GC(28) - age   9:     209208 bytes,     718888 total
[2025-03-29T16:24:53.796+0000][7][gc,age      ] GC(28) - age  10:     599672 bytes,    1318560 total
[2025-03-29T16:24:53.796+0000][7][gc,age      ] GC(28) - age  11:    3133048 bytes,    4451608 total
[2025-03-29T16:24:53.796+0000][7][gc,phases   ] GC(28)   Pre Evacuate Collection Set: 2.1ms
[2025-03-29T16:24:53.796+0000][7][gc,phases   ] GC(28)   Merge Heap Roots: 0.5ms
[2025-03-29T16:24:53.796+0000][7][gc,phases   ] GC(28)   Evacuate Collection Set: 45.4ms
[2025-03-29T16:24:53.796+0000][7][gc,phases   ] GC(28)   Post Evacuate Collection Set: 7.3ms
[2025-03-29T16:24:53.797+0000][7][gc,phases   ] GC(28)   Other: 1.9ms
[2025-03-29T16:24:53.797+0000][7][gc,heap     ] GC(28) Eden regions: 151->0(151)
[2025-03-29T16:24:53.797+0000][7][gc,heap     ] GC(28) Survivor regions: 2->2(20)
[2025-03-29T16:24:53.797+0000][7][gc,heap     ] GC(28) Old regions: 18->18
[2025-03-29T16:24:53.797+0000][7][gc,heap     ] GC(28) Archive regions: 2->2
[2025-03-29T16:24:53.797+0000][7][gc,heap     ] GC(28) Humongous regions: 2->2
[2025-03-29T16:24:53.797+0000][7][gc,metaspace] GC(28) Metaspace: 107316K(108928K)->107316K(108928K) NonClass: 92545K(93504K)->92545K(93504K) Class: 14771K(15424K)->14771K(15424K)
[2025-03-29T16:24:53.797+0000][7][gc          ] GC(28) Pause Young (Normal) (G1 Evacuation Pause) 690M->86M(1024M) 57.684ms
[2025-03-29T16:24:53.797+0000][7][gc,cpu      ] GC(28) User=0.11s Sys=0.00s Real=0.05s
[2025-03-29T16:24:53.797+0000][7][safepoint   ] Safepoint "G1CollectForAllocation", Time since last: 2568861002 ns, Reaching safepoint: 95666 ns, At safepoint: 58288084 ns, Total: 58383750 ns
[2025-03-29T16:29:43.184+0000][7][safepoint   ] Safepoint "Cleanup", Time since last: 289385814840 ns, Reaching safepoint: 566167 ns, At safepoint: 23333 ns, Total: 589500 ns
[2025-03-29T16:31:24.351+0000][7][safepoint   ] Safepoint "Cleanup", Time since last: 101166963713 ns, Reaching safepoint: 499125 ns, At safepoint: 20375 ns, Total: 519500 ns
[2025-03-29T16:31:54.386+0000][7][safepoint   ] Safepoint "Cleanup", Time since last: 30034012472 ns, Reaching safepoint: 439500 ns, At safepoint: 17625 ns, Total: 457125 ns
[2025-03-29T16:32:24.429+0000][7][safepoint   ] Safepoint "Cleanup", Time since last: 30042975972 ns, Reaching safepoint: 517542 ns, At safepoint: 35083 ns, Total: 552625 ns
[2025-03-29T16:32:44.453+0000][7][safepoint   ] Safepoint "Cleanup", Time since last: 20022810592 ns, Reaching safepoint: 1412875 ns, At safepoint: 42625 ns, Total: 1455500 ns
[2025-03-29T16:32:45.457+0000][7][safepoint   ] Safepoint "Cleanup", Time since last: 1003345709 ns, Reaching safepoint: 194500 ns, At safepoint: 9250 ns, Total: 203750 ns
[2025-03-29T16:33:54.540+0000][7][safepoint   ] Safepoint "Cleanup", Time since last: 69082293657 ns, Reaching safepoint: 740458 ns, At safepoint: 24875 ns, Total: 765333 ns
[2025-03-29T16:35:05.662+0000][7][safepoint   ] Safepoint "Cleanup", Time since last: 71121449825 ns, Reaching safepoint: 625250 ns, At safepoint: 19750 ns, Total: 645000 ns
[2025-03-29T16:38:16.934+0000][7][safepoint   ] Safepoint "Cleanup", Time since last: 191271457002 ns, Reaching safepoint: 292667 ns, At safepoint: 13458 ns, Total: 306125 ns
[2025-03-29T16:38:50.978+0000][7][safepoint   ] Safepoint "Cleanup", Time since last: 34042921308 ns, Reaching safepoint: 778083 ns, At safepoint: 45334 ns, Total: 823417 ns
[2025-03-29T16:39:38.029+0000][7][safepoint   ] Safepoint "Cleanup", Time since last: 47050998355 ns, Reaching safepoint: 831417 ns, At safepoint: 73041 ns, Total: 904458 ns
[2025-03-29T16:40:38.108+0000][7][safepoint   ] Safepoint "Cleanup", Time since last: 60077312736 ns, Reaching safepoint: 1034666 ns, At safepoint: 53959 ns, Total: 1088625 ns
[2025-03-29T16:42:39.242+0000][7][safepoint   ] Safepoint "Cleanup", Time since last: 121133379305 ns, Reaching safepoint: 1124959 ns, At safepoint: 44125 ns, Total: 1169084 ns
[2025-03-29T16:44:39.387+0000][7][safepoint   ] Safepoint "Cleanup", Time since last: 120144898638 ns, Reaching safepoint: 289334 ns, At safepoint: 12500 ns, Total: 301834 ns
[2025-03-29T16:45:24.446+0000][7][safepoint   ] Safepoint "Cleanup", Time since last: 45057864103 ns, Reaching safepoint: 698583 ns, At safepoint: 35667 ns, Total: 734250 ns
[2025-03-29T16:52:42.484+0000][7][gc,start    ] GC(29) Pause Young (Normal) (G1 Evacuation Pause)
[2025-03-29T16:52:42.485+0000][7][gc,task     ] GC(29) Using 2 workers of 2 for evacuation
[2025-03-29T16:52:42.486+0000][7][gc,age      ] GC(29) Desired survivor size 41943040 bytes, new threshold 15 (max threshold 15)
[2025-03-29T16:52:42.513+0000][7][gc,age      ] GC(29) Age table with threshold 15 (max threshold 15)
[2025-03-29T16:52:42.514+0000][7][gc,age      ] GC(29) - age   1:      71744 bytes,      71744 total
[2025-03-29T16:52:42.514+0000][7][gc,age      ] GC(29) - age   2:      55672 bytes,     127416 total
[2025-03-29T16:52:42.514+0000][7][gc,age      ] GC(29) - age   3:      54704 bytes,     182120 total
[2025-03-29T16:52:42.514+0000][7][gc,age      ] GC(29) - age   4:      57568 bytes,     239688 total
[2025-03-29T16:52:42.514+0000][7][gc,age      ] GC(29) - age   5:      74160 bytes,     313848 total
[2025-03-29T16:52:42.514+0000][7][gc,age      ] GC(29) - age   6:      70192 bytes,     384040 total
[2025-03-29T16:52:42.514+0000][7][gc,age      ] GC(29) - age   7:      61064 bytes,     445104 total
[2025-03-29T16:52:42.514+0000][7][gc,age      ] GC(29) - age   8:      61368 bytes,     506472 total
[2025-03-29T16:52:42.514+0000][7][gc,age      ] GC(29) - age   9:      54024 bytes,     560496 total
[2025-03-29T16:52:42.514+0000][7][gc,age      ] GC(29) - age  10:     209208 bytes,     769704 total
[2025-03-29T16:52:42.514+0000][7][gc,age      ] GC(29) - age  11:     599672 bytes,    1369376 total
[2025-03-29T16:52:42.514+0000][7][gc,age      ] GC(29) - age  12:    3133048 bytes,    4502424 total
[2025-03-29T16:52:42.514+0000][7][gc,phases   ] GC(29)   Pre Evacuate Collection Set: 0.9ms
[2025-03-29T16:52:42.514+0000][7][gc,phases   ] GC(29)   Merge Heap Roots: 0.3ms
[2025-03-29T16:52:42.514+0000][7][gc,phases   ] GC(29)   Evacuate Collection Set: 23.7ms
[2025-03-29T16:52:42.514+0000][7][gc,phases   ] GC(29)   Post Evacuate Collection Set: 3.1ms
[2025-03-29T16:52:42.514+0000][7][gc,phases   ] GC(29)   Other: 2.9ms
[2025-03-29T16:52:42.514+0000][7][gc,heap     ] GC(29) Eden regions: 151->0(151)
[2025-03-29T16:52:42.514+0000][7][gc,heap     ] GC(29) Survivor regions: 2->2(20)
[2025-03-29T16:52:42.514+0000][7][gc,heap     ] GC(29) Old regions: 18->18
[2025-03-29T16:52:42.514+0000][7][gc,heap     ] GC(29) Archive regions: 2->2
[2025-03-29T16:52:42.514+0000][7][gc,heap     ] GC(29) Humongous regions: 2->2
[2025-03-29T16:52:42.514+0000][7][gc,metaspace] GC(29) Metaspace: 107408K(108992K)->107408K(108992K) NonClass: 92636K(93568K)->92636K(93568K) Class: 14771K(15424K)->14771K(15424K)
[2025-03-29T16:52:42.514+0000][7][gc          ] GC(29) Pause Young (Normal) (G1 Evacuation Pause) 690M->86M(1024M) 30.802ms
[2025-03-29T16:52:42.514+0000][7][gc,cpu      ] GC(29) User=0.06s Sys=0.00s Real=0.04s
[2025-03-29T16:52:42.514+0000][7][safepoint   ] Safepoint "G1CollectForAllocation", Time since last: 438070286865 ns, Reaching safepoint: 284833 ns, At safepoint: 31466750 ns, Total: 31751583 ns
[2025-03-29T16:55:23.699+0000][7][safepoint   ] Safepoint "Cleanup", Time since last: 161186065825 ns, Reaching safepoint: 332041 ns, At safepoint: 16292 ns, Total: 348333 ns
[2025-03-29T16:55:24.702+0000][7][safepoint   ] Safepoint "Cleanup", Time since last: 1001938292 ns, Reaching safepoint: 438125 ns, At safepoint: 10667 ns, Total: 448792 ns
[2025-03-29T16:56:24.772+0000][7][safepoint   ] Safepoint "Cleanup", Time since last: 60069263486 ns, Reaching safepoint: 1033167 ns, At safepoint: 36791 ns, Total: 1069958 ns
[2025-03-29T16:57:34.855+0000][7][safepoint   ] Safepoint "Cleanup", Time since last: 70083091325 ns, Reaching safepoint: 1088041 ns, At safepoint: 62125 ns, Total: 1150166 ns
[2025-03-29T16:57:54.879+0000][7][safepoint   ] Safepoint "Cleanup", Time since last: 20023952301 ns, Reaching safepoint: 247625 ns, At safepoint: 12667 ns, Total: 260292 ns
[2025-03-29T17:00:46.099+0000][7][safepoint   ] Safepoint "Cleanup", Time since last: 171220283411 ns, Reaching safepoint: 999458 ns, At safepoint: 49250 ns, Total: 1048708 ns
[2025-03-29T17:04:55.445+0000][7][safepoint   ] Safepoint "Cleanup", Time since last: 249348281613 ns, Reaching safepoint: 1048250 ns, At safepoint: 49375 ns, Total: 1097625 ns
[2025-03-29T17:05:50.508+0000][7][safepoint   ] Safepoint "Cleanup", Time since last: 55062149858 ns, Reaching safepoint: 892667 ns, At safepoint: 33250 ns, Total: 925917 ns
[2025-03-29T17:05:55.515+0000][7][safepoint   ] Safepoint "Cleanup", Time since last: 5006655294 ns, Reaching safepoint: 264042 ns, At safepoint: 15625 ns, Total: 279667 ns
[2025-03-29T17:09:24.800+0000][7][safepoint   ] Safepoint "Cleanup", Time since last: 209286460510 ns, Reaching safepoint: 212042 ns, At safepoint: 12167 ns, Total: 224209 ns
[2025-03-29T17:09:54.837+0000][7][safepoint   ] Safepoint "Cleanup", Time since last: 30037033014 ns, Reaching safepoint: 190625 ns, At safepoint: 10208 ns, Total: 200833 ns
[2025-03-29T17:10:54.936+0000][7][safepoint   ] Safepoint "Cleanup", Time since last: 60099785611 ns, Reaching safepoint: 279000 ns, At safepoint: 12666 ns, Total: 291666 ns
[2025-03-29T17:12:25.047+0000][7][safepoint   ] Safepoint "Cleanup", Time since last: 90111794125 ns, Reaching safepoint: 293291 ns, At safepoint: 20375 ns, Total: 313666 ns
[2025-03-29T17:13:00.091+0000][7][safepoint   ] Safepoint "Cleanup", Time since last: 35043512058 ns, Reaching safepoint: 318792 ns, At safepoint: 18208 ns, Total: 337000 ns
[2025-03-29T17:16:53.535+0000][7][safepoint   ] Safepoint "Cleanup", Time since last: 233362011691 ns, Reaching safepoint: 459166 ns, At safepoint: 51792 ns, Total: 510958 ns
[2025-03-29T17:18:55.683+0000][7][safepoint   ] Safepoint "Cleanup", Time since last: 122145266514 ns, Reaching safepoint: 715125 ns, At safepoint: 28500 ns, Total: 743625 ns
[2025-03-29T17:20:34.601+0000][7][gc,start    ] GC(30) Pause Young (Normal) (G1 Evacuation Pause)
[2025-03-29T17:20:34.602+0000][7][gc,task     ] GC(30) Using 2 workers of 2 for evacuation
[2025-03-29T17:20:34.602+0000][7][gc,age      ] GC(30) Desired survivor size 41943040 bytes, new threshold 15 (max threshold 15)
[2025-03-29T17:20:34.641+0000][7][gc,age      ] GC(30) Age table with threshold 15 (max threshold 15)
[2025-03-29T17:20:34.641+0000][7][gc,age      ] GC(30) - age   1:      69528 bytes,      69528 total
[2025-03-29T17:20:34.641+0000][7][gc,age      ] GC(30) - age   2:      55776 bytes,     125304 total
[2025-03-29T17:20:34.641+0000][7][gc,age      ] GC(30) - age   3:      55488 bytes,     180792 total
[2025-03-29T17:20:34.641+0000][7][gc,age      ] GC(30) - age   4:      54704 bytes,     235496 total
[2025-03-29T17:20:34.641+0000][7][gc,age      ] GC(30) - age   5:      57568 bytes,     293064 total
[2025-03-29T17:20:34.641+0000][7][gc,age      ] GC(30) - age   6:      74160 bytes,     367224 total
[2025-03-29T17:20:34.641+0000][7][gc,age      ] GC(30) - age   7:      70192 bytes,     437416 total
[2025-03-29T17:20:34.641+0000][7][gc,age      ] GC(30) - age   8:      61064 bytes,     498480 total
[2025-03-29T17:20:34.641+0000][7][gc,age      ] GC(30) - age   9:      61368 bytes,     559848 total
[2025-03-29T17:20:34.641+0000][7][gc,age      ] GC(30) - age  10:      54024 bytes,     613872 total
[2025-03-29T17:20:34.641+0000][7][gc,age      ] GC(30) - age  11:     209208 bytes,     823080 total
[2025-03-29T17:20:34.642+0000][7][gc,age      ] GC(30) - age  12:     599672 bytes,    1422752 total
[2025-03-29T17:20:34.642+0000][7][gc,age      ] GC(30) - age  13:    3133048 bytes,    4555800 total
[2025-03-29T17:20:34.642+0000][7][gc,phases   ] GC(30)   Pre Evacuate Collection Set: 0.7ms
[2025-03-29T17:20:34.642+0000][7][gc,phases   ] GC(30)   Merge Heap Roots: 0.3ms
[2025-03-29T17:20:34.642+0000][7][gc,phases   ] GC(30)   Evacuate Collection Set: 34.1ms
[2025-03-29T17:20:34.642+0000][7][gc,phases   ] GC(30)   Post Evacuate Collection Set: 3.5ms
[2025-03-29T17:20:34.642+0000][7][gc,phases   ] GC(30)   Other: 2.7ms
[2025-03-29T17:20:34.642+0000][7][gc,heap     ] GC(30) Eden regions: 151->0(151)
[2025-03-29T17:20:34.642+0000][7][gc,heap     ] GC(30) Survivor regions: 2->2(20)
[2025-03-29T17:20:34.642+0000][7][gc,heap     ] GC(30) Old regions: 18->18
[2025-03-29T17:20:34.642+0000][7][gc,heap     ] GC(30) Archive regions: 2->2
[2025-03-29T17:20:34.642+0000][7][gc,heap     ] GC(30) Humongous regions: 2->2
[2025-03-29T17:20:34.642+0000][7][gc,metaspace] GC(30) Metaspace: 107508K(109056K)->107508K(109056K) NonClass: 92736K(93632K)->92736K(93632K) Class: 14771K(15424K)->14771K(15424K)
[2025-03-29T17:20:34.642+0000][7][gc          ] GC(30) Pause Young (Normal) (G1 Evacuation Pause) 690M->86M(1024M) 41.520ms
[2025-03-29T17:20:34.642+0000][7][gc,cpu      ] GC(30) User=0.08s Sys=0.00s Real=0.04s
[2025-03-29T17:20:34.642+0000][7][safepoint   ] Safepoint "G1CollectForAllocation", Time since last: 98915601004 ns, Reaching safepoint: 430916 ns, At safepoint: 41977042 ns, Total: 42407958 ns
[2025-03-29T17:23:55.924+0000][7][safepoint   ] Safepoint "Cleanup", Time since last: 201279045300 ns, Reaching safepoint: 455750 ns, At safepoint: 18417 ns, Total: 474167 ns
[2025-03-29T17:24:05.934+0000][7][safepoint   ] Safepoint "Cleanup", Time since last: 10009812921 ns, Reaching safepoint: 347042 ns, At safepoint: 20625 ns, Total: 367667 ns
[2025-03-29T17:27:21.153+0000][7][safepoint   ] Safepoint "Cleanup", Time since last: 195215421632 ns, Reaching safepoint: 574416 ns, At safepoint: 26584 ns, Total: 601000 ns
[2025-03-29T17:28:26.230+0000][7][safepoint   ] Safepoint "Cleanup", Time since last: 65075299488 ns, Reaching safepoint: 1004959 ns, At safepoint: 50291 ns, Total: 1055250 ns
[2025-03-29T17:31:19.473+0000][7][safepoint   ] Safepoint "Cleanup", Time since last: 173236365954 ns, Reaching safepoint: 4377542 ns, At safepoint: 86875 ns, Total: 4464417 ns
[2025-03-29T17:32:25.547+0000][7][safepoint   ] Safepoint "Cleanup", Time since last: 66072324988 ns, Reaching safepoint: 874166 ns, At safepoint: 27792 ns, Total: 901958 ns
[2025-03-29T17:33:55.647+0000][7][safepoint   ] Safepoint "Cleanup", Time since last: 90098038833 ns, Reaching safepoint: 747041 ns, At safepoint: 78542 ns, Total: 825583 ns
[2025-03-29T17:35:55.875+0000][7][safepoint   ] Safepoint "Cleanup", Time since last: 120223388304 ns, Reaching safepoint: 2560167 ns, At safepoint: 124792 ns, Total: 2684959 ns
[2025-03-29T17:38:22.031+0000][7][safepoint   ] Safepoint "Cleanup", Time since last: 146154367568 ns, Reaching safepoint: 233625 ns, At safepoint: 11083 ns, Total: 244708 ns
[2025-03-29T17:38:33.044+0000][7][safepoint   ] Safepoint "Cleanup", Time since last: 11012346630 ns, Reaching safepoint: 1115042 ns, At safepoint: 22167 ns, Total: 1137209 ns
[2025-03-29T17:38:56.069+0000][7][safepoint   ] Safepoint "Cleanup", Time since last: 23023344010 ns, Reaching safepoint: 749458 ns, At safepoint: 28250 ns, Total: 777708 ns
[2025-03-29T17:39:33.108+0000][7][safepoint   ] Safepoint "Cleanup", Time since last: 37037941434 ns, Reaching safepoint: 607333 ns, At safepoint: 29334 ns, Total: 636667 ns
[2025-03-29T17:39:44.121+0000][7][safepoint   ] Safepoint "Cleanup", Time since last: 11012517879 ns, Reaching safepoint: 385292 ns, At safepoint: 14625 ns, Total: 399917 ns
[2025-03-29T17:41:26.251+0000][7][safepoint   ] Safepoint "Cleanup", Time since last: 102128538380 ns, Reaching safepoint: 406000 ns, At safepoint: 21459 ns, Total: 427459 ns
[2025-03-29T17:43:45.432+0000][7][safepoint   ] Safepoint "Cleanup", Time since last: 139178839271 ns, Reaching safepoint: 355834 ns, At safepoint: 17333 ns, Total: 373167 ns
[2025-03-29T17:45:25.588+0000][7][safepoint   ] Safepoint "Cleanup", Time since last: 100154139796 ns, Reaching safepoint: 471833 ns, At safepoint: 20792 ns, Total: 492625 ns
[2025-03-29T17:48:20.940+0000][7][gc,start    ] GC(31) Pause Young (Normal) (G1 Evacuation Pause)
[2025-03-29T17:48:20.942+0000][7][gc,task     ] GC(31) Using 2 workers of 2 for evacuation
[2025-03-29T17:48:20.942+0000][7][gc,age      ] GC(31) Desired survivor size 41943040 bytes, new threshold 15 (max threshold 15)
[2025-03-29T17:48:20.986+0000][7][gc,age      ] GC(31) Age table with threshold 15 (max threshold 15)
[2025-03-29T17:48:20.986+0000][7][gc,age      ] GC(31) - age   1:      76000 bytes,      76000 total
[2025-03-29T17:48:20.986+0000][7][gc,age      ] GC(31) - age   2:      57504 bytes,     133504 total
[2025-03-29T17:48:20.986+0000][7][gc,age      ] GC(31) - age   3:      55776 bytes,     189280 total
[2025-03-29T17:48:20.986+0000][7][gc,age      ] GC(31) - age   4:      55488 bytes,     244768 total
[2025-03-29T17:48:20.986+0000][7][gc,age      ] GC(31) - age   5:      54704 bytes,     299472 total
[2025-03-29T17:48:20.986+0000][7][gc,age      ] GC(31) - age   6:      57568 bytes,     357040 total
[2025-03-29T17:48:20.986+0000][7][gc,age      ] GC(31) - age   7:      71920 bytes,     428960 total
[2025-03-29T17:48:20.986+0000][7][gc,age      ] GC(31) - age   8:      70192 bytes,     499152 total
[2025-03-29T17:48:20.986+0000][7][gc,age      ] GC(31) - age   9:      61064 bytes,     560216 total
[2025-03-29T17:48:20.987+0000][7][gc,age      ] GC(31) - age  10:      61368 bytes,     621584 total
[2025-03-29T17:48:20.987+0000][7][gc,age      ] GC(31) - age  11:      54024 bytes,     675608 total
[2025-03-29T17:48:20.987+0000][7][gc,age      ] GC(31) - age  12:     209208 bytes,     884816 total
[2025-03-29T17:48:20.987+0000][7][gc,age      ] GC(31) - age  13:     599672 bytes,    1484488 total
[2025-03-29T17:48:20.987+0000][7][gc,age      ] GC(31) - age  14:    3133048 bytes,    4617536 total
[2025-03-29T17:48:20.987+0000][7][gc,phases   ] GC(31)   Pre Evacuate Collection Set: 1.4ms
[2025-03-29T17:48:20.987+0000][7][gc,phases   ] GC(31)   Merge Heap Roots: 0.5ms
[2025-03-29T17:48:20.987+0000][7][gc,phases   ] GC(31)   Evacuate Collection Set: 36.3ms
[2025-03-29T17:48:20.987+0000][7][gc,phases   ] GC(31)   Post Evacuate Collection Set: 5.4ms
[2025-03-29T17:48:20.987+0000][7][gc,phases   ] GC(31)   Other: 3.7ms
[2025-03-29T17:48:20.987+0000][7][gc,heap     ] GC(31) Eden regions: 151->0(151)
[2025-03-29T17:48:20.987+0000][7][gc,heap     ] GC(31) Survivor regions: 2->2(20)
[2025-03-29T17:48:20.987+0000][7][gc,heap     ] GC(31) Old regions: 18->18
[2025-03-29T17:48:20.987+0000][7][gc,heap     ] GC(31) Archive regions: 2->2
[2025-03-29T17:48:20.987+0000][7][gc,heap     ] GC(31) Humongous regions: 2->2
[2025-03-29T17:48:20.987+0000][7][gc,metaspace] GC(31) Metaspace: 107653K(109248K)->107653K(109248K) NonClass: 92881K(93824K)->92881K(93824K) Class: 14771K(15424K)->14771K(15424K)
[2025-03-29T17:48:20.987+0000][7][gc          ] GC(31) Pause Young (Normal) (G1 Evacuation Pause) 690M->86M(1024M) 46.985ms
[2025-03-29T17:48:20.987+0000][7][gc,cpu      ] GC(31) User=0.08s Sys=0.00s Real=0.05s
[2025-03-29T17:48:20.987+0000][7][safepoint   ] Safepoint "G1CollectForAllocation", Time since last: 175350323622 ns, Reaching safepoint: 478958 ns, At safepoint: 48007167 ns, Total: 48486125 ns
[2025-03-29T17:49:26.067+0000][7][safepoint   ] Safepoint "Cleanup", Time since last: 65078838446 ns, Reaching safepoint: 456292 ns, At safepoint: 17708 ns, Total: 474000 ns
[2025-03-29T17:50:26.133+0000][7][safepoint   ] Safepoint "Cleanup", Time since last: 60063593153 ns, Reaching safepoint: 987625 ns, At safepoint: 40625 ns, Total: 1028250 ns
[2025-03-29T17:51:26.199+0000][7][safepoint   ] Safepoint "Cleanup", Time since last: 60064162568 ns, Reaching safepoint: 661042 ns, At safepoint: 37833 ns, Total: 698875 ns
[2025-03-29T17:55:51.580+0000][7][safepoint   ] Safepoint "Cleanup", Time since last: 265377483496 ns, Reaching safepoint: 548167 ns, At safepoint: 19417 ns, Total: 567584 ns
[2025-03-29T17:58:21.751+0000][7][safepoint   ] Safepoint "Cleanup", Time since last: 150168019567 ns, Reaching safepoint: 803875 ns, At safepoint: 21834 ns, Total: 825709 ns
[2025-03-29T17:59:42.879+0000][7][safepoint   ] Safepoint "Cleanup", Time since last: 81126597910 ns, Reaching safepoint: 970084 ns, At safepoint: 31166 ns, Total: 1001250 ns
[2025-03-29T17:59:56.895+0000][7][safepoint   ] Safepoint "Cleanup", Time since last: 14015058715 ns, Reaching safepoint: 509625 ns, At safepoint: 23542 ns, Total: 533167 ns
[2025-03-29T18:00:20.924+0000][7][safepoint   ] Safepoint "Cleanup", Time since last: 24028187636 ns, Reaching safepoint: 473875 ns, At safepoint: 23875 ns, Total: 497750 ns
[2025-03-29T18:13:57.181+0000][7][safepoint   ] Safepoint "Cleanup", Time since last: 816246578414 ns, Reaching safepoint: 832625 ns, At safepoint: 53125 ns, Total: 885750 ns
[2025-03-29T18:16:13.552+0000][7][gc,start    ] GC(32) Pause Young (Normal) (G1 Evacuation Pause)
[2025-03-29T18:16:13.554+0000][7][gc,task     ] GC(32) Using 2 workers of 2 for evacuation
[2025-03-29T18:16:13.555+0000][7][gc,age      ] GC(32) Desired survivor size 41943040 bytes, new threshold 15 (max threshold 15)
[2025-03-29T18:16:13.586+0000][7][gc,age      ] GC(32) Age table with threshold 15 (max threshold 15)
[2025-03-29T18:16:13.586+0000][7][gc,age      ] GC(32) - age   1:      70728 bytes,      70728 total
[2025-03-29T18:16:13.586+0000][7][gc,age      ] GC(32) - age   2:      63424 bytes,     134152 total
[2025-03-29T18:16:13.586+0000][7][gc,age      ] GC(32) - age   3:      57320 bytes,     191472 total
[2025-03-29T18:16:13.586+0000][7][gc,age      ] GC(32) - age   4:      55776 bytes,     247248 total
[2025-03-29T18:16:13.586+0000][7][gc,age      ] GC(32) - age   5:      55488 bytes,     302736 total
[2025-03-29T18:16:13.586+0000][7][gc,age      ] GC(32) - age   6:      54704 bytes,     357440 total
[2025-03-29T18:16:13.586+0000][7][gc,age      ] GC(32) - age   7:      57568 bytes,     415008 total
[2025-03-29T18:16:13.586+0000][7][gc,age      ] GC(32) - age   8:      71920 bytes,     486928 total
[2025-03-29T18:16:13.586+0000][7][gc,age      ] GC(32) - age   9:      70192 bytes,     557120 total
[2025-03-29T18:16:13.586+0000][7][gc,age      ] GC(32) - age  10:      61064 bytes,     618184 total
[2025-03-29T18:16:13.586+0000][7][gc,age      ] GC(32) - age  11:      61368 bytes,     679552 total
[2025-03-29T18:16:13.586+0000][7][gc,age      ] GC(32) - age  12:      54024 bytes,     733576 total
[2025-03-29T18:16:13.586+0000][7][gc,age      ] GC(32) - age  13:     209208 bytes,     942784 total
[2025-03-29T18:16:13.586+0000][7][gc,age      ] GC(32) - age  14:     599672 bytes,    1542456 total
[2025-03-29T18:16:13.586+0000][7][gc,age      ] GC(32) - age  15:    3133048 bytes,    4675504 total
[2025-03-29T18:16:13.586+0000][7][gc,phases   ] GC(32)   Pre Evacuate Collection Set: 0.9ms
[2025-03-29T18:16:13.586+0000][7][gc,phases   ] GC(32)   Merge Heap Roots: 0.4ms
[2025-03-29T18:16:13.586+0000][7][gc,phases   ] GC(32)   Evacuate Collection Set: 25.6ms
[2025-03-29T18:16:13.586+0000][7][gc,phases   ] GC(32)   Post Evacuate Collection Set: 4.0ms
[2025-03-29T18:16:13.586+0000][7][gc,phases   ] GC(32)   Other: 3.8ms
[2025-03-29T18:16:13.586+0000][7][gc,heap     ] GC(32) Eden regions: 151->0(151)
[2025-03-29T18:16:13.586+0000][7][gc,heap     ] GC(32) Survivor regions: 2->2(20)
[2025-03-29T18:16:13.586+0000][7][gc,heap     ] GC(32) Old regions: 18->18
[2025-03-29T18:16:13.586+0000][7][gc,heap     ] GC(32) Archive regions: 2->2
[2025-03-29T18:16:13.586+0000][7][gc,heap     ] GC(32) Humongous regions: 2->2
[2025-03-29T18:16:13.586+0000][7][gc,metaspace] GC(32) Metaspace: 107684K(109248K)->107684K(109248K) NonClass: 92913K(93824K)->92913K(93824K) Class: 14771K(15424K)->14771K(15424K)
[2025-03-29T18:16:13.587+0000][7][gc          ] GC(32) Pause Young (Normal) (G1 Evacuation Pause) 690M->86M(1024M) 34.684ms
[2025-03-29T18:16:13.587+0000][7][gc,cpu      ] GC(32) User=0.06s Sys=0.00s Real=0.04s
[2025-03-29T18:16:13.587+0000][7][safepoint   ] Safepoint "G1CollectForAllocation", Time since last: 136367779937 ns, Reaching safepoint: 841125 ns, At safepoint: 35285667 ns, Total: 36126792 ns
[2025-03-29T18:20:31.917+0000][7][safepoint   ] Safepoint "Cleanup", Time since last: 258326485077 ns, Reaching safepoint: 1050458 ns, At safepoint: 48334 ns, Total: 1098792 ns
[2025-03-29T18:20:56.948+0000][7][safepoint   ] Safepoint "Cleanup", Time since last: 25029992178 ns, Reaching safepoint: 340500 ns, At safepoint: 14125 ns, Total: 354625 ns
[2025-03-29T18:21:21.981+0000][7][safepoint   ] Safepoint "Cleanup", Time since last: 25032286053 ns, Reaching safepoint: 779500 ns, At safepoint: 28917 ns, Total: 808417 ns
[2025-03-29T18:23:00.096+0000][7][safepoint   ] Safepoint "Cleanup", Time since last: 98113090753 ns, Reaching safepoint: 686917 ns, At safepoint: 27375 ns, Total: 714292 ns
[2025-03-29T18:28:35.609+0000][7][safepoint   ] Safepoint "Cleanup", Time since last: 335508266903 ns, Reaching safepoint: 789583 ns, At safepoint: 34584 ns, Total: 824167 ns
[2025-03-29T18:30:57.778+0000][7][safepoint   ] Safepoint "Cleanup", Time since last: 142166343690 ns, Reaching safepoint: 1076917 ns, At safepoint: 33625 ns, Total: 1110542 ns
[2025-03-29T18:31:48.799+0000][7][safepoint   ] Safepoint "Cleanup", Time since last: 51053398773 ns, Reaching safepoint: 439958 ns, At safepoint: 23584 ns, Total: 463542 ns
[2025-03-29T18:32:56.868+0000][7][safepoint   ] Safepoint "Cleanup", Time since last: 68077680656 ns, Reaching safepoint: 335333 ns, At safepoint: 10959 ns, Total: 346292 ns
[2025-03-29T18:32:59.873+0000][7][safepoint   ] Safepoint "Cleanup", Time since last: 3005058834 ns, Reaching safepoint: 240875 ns, At safepoint: 10750 ns, Total: 251625 ns
[2025-03-29T18:35:22.042+0000][7][safepoint   ] Safepoint "Cleanup", Time since last: 142167727356 ns, Reaching safepoint: 1171167 ns, At safepoint: 20083 ns, Total: 1191250 ns
[2025-03-29T18:35:49.075+0000][7][safepoint   ] Safepoint "Cleanup", Time since last: 27032535846 ns, Reaching safepoint: 712667 ns, At safepoint: 35791 ns, Total: 748458 ns
[2025-03-29T18:39:57.411+0000][7][safepoint   ] Safepoint "Cleanup", Time since last: 248336025782 ns, Reaching safepoint: 308583 ns, At safepoint: 9875 ns, Total: 318458 ns
[2025-03-29T18:42:52.598+0000][7][safepoint   ] Safepoint "Cleanup", Time since last: 175185815498 ns, Reaching safepoint: 460084 ns, At safepoint: 14875 ns, Total: 474959 ns
[2025-03-29T18:42:59.606+0000][7][safepoint   ] Safepoint "Cleanup", Time since last: 7007528253 ns, Reaching safepoint: 345833 ns, At safepoint: 24625 ns, Total: 370458 ns
[2025-03-29T18:44:11.136+0000][7][gc,start    ] GC(33) Pause Young (Normal) (G1 Evacuation Pause)
[2025-03-29T18:44:11.138+0000][7][gc,task     ] GC(33) Using 2 workers of 2 for evacuation
[2025-03-29T18:44:11.138+0000][7][gc,age      ] GC(33) Desired survivor size 41943040 bytes, new threshold 15 (max threshold 15)
[2025-03-29T18:44:11.173+0000][7][gc,age      ] GC(33) Age table with threshold 15 (max threshold 15)
[2025-03-29T18:44:11.173+0000][7][gc,age      ] GC(33) - age   1:      71584 bytes,      71584 total
[2025-03-29T18:44:11.173+0000][7][gc,age      ] GC(33) - age   2:      58944 bytes,     130528 total
[2025-03-29T18:44:11.173+0000][7][gc,age      ] GC(33) - age   3:      63224 bytes,     193752 total
[2025-03-29T18:44:11.173+0000][7][gc,age      ] GC(33) - age   4:      57320 bytes,     251072 total
[2025-03-29T18:44:11.173+0000][7][gc,age      ] GC(33) - age   5:      55776 bytes,     306848 total
[2025-03-29T18:44:11.173+0000][7][gc,age      ] GC(33) - age   6:      55488 bytes,     362336 total
[2025-03-29T18:44:11.173+0000][7][gc,age      ] GC(33) - age   7:      54704 bytes,     417040 total
[2025-03-29T18:44:11.173+0000][7][gc,age      ] GC(33) - age   8:      57568 bytes,     474608 total
[2025-03-29T18:44:11.173+0000][7][gc,age      ] GC(33) - age   9:      71920 bytes,     546528 total
[2025-03-29T18:44:11.173+0000][7][gc,age      ] GC(33) - age  10:      70192 bytes,     616720 total
[2025-03-29T18:44:11.173+0000][7][gc,age      ] GC(33) - age  11:      61064 bytes,     677784 total
[2025-03-29T18:44:11.173+0000][7][gc,age      ] GC(33) - age  12:      61368 bytes,     739152 total
[2025-03-29T18:44:11.173+0000][7][gc,age      ] GC(33) - age  13:      54024 bytes,     793176 total
[2025-03-29T18:44:11.173+0000][7][gc,age      ] GC(33) - age  14:     209208 bytes,    1002384 total
[2025-03-29T18:44:11.173+0000][7][gc,age      ] GC(33) - age  15:     599672 bytes,    1602056 total
[2025-03-29T18:44:11.173+0000][7][gc,phases   ] GC(33)   Pre Evacuate Collection Set: 0.7ms
[2025-03-29T18:44:11.173+0000][7][gc,phases   ] GC(33)   Merge Heap Roots: 0.4ms
[2025-03-29T18:44:11.174+0000][7][gc,phases   ] GC(33)   Evacuate Collection Set: 29.5ms
[2025-03-29T18:44:11.174+0000][7][gc,phases   ] GC(33)   Post Evacuate Collection Set: 4.0ms
[2025-03-29T18:44:11.174+0000][7][gc,phases   ] GC(33)   Other: 2.8ms
[2025-03-29T18:44:11.174+0000][7][gc,heap     ] GC(33) Eden regions: 151->0(152)
[2025-03-29T18:44:11.174+0000][7][gc,heap     ] GC(33) Survivor regions: 2->1(20)
[2025-03-29T18:44:11.174+0000][7][gc,heap     ] GC(33) Old regions: 18->19
[2025-03-29T18:44:11.174+0000][7][gc,heap     ] GC(33) Archive regions: 2->2
[2025-03-29T18:44:11.174+0000][7][gc,heap     ] GC(33) Humongous regions: 2->2
[2025-03-29T18:44:11.174+0000][7][gc,metaspace] GC(33) Metaspace: 107732K(109312K)->107732K(109312K) NonClass: 92961K(93888K)->92961K(93888K) Class: 14771K(15424K)->14771K(15424K)
[2025-03-29T18:44:11.174+0000][7][gc          ] GC(33) Pause Young (Normal) (G1 Evacuation Pause) 690M->86M(1024M) 37.571ms
[2025-03-29T18:44:11.174+0000][7][gc,cpu      ] GC(33) User=0.07s Sys=0.00s Real=0.03s
[2025-03-29T18:44:11.174+0000][7][safepoint   ] Safepoint "G1CollectForAllocation", Time since last: 71529248450 ns, Reaching safepoint: 782375 ns, At safepoint: 38125708 ns, Total: 38908083 ns
[2025-03-29T18:45:47.296+0000][7][safepoint   ] Safepoint "Cleanup", Time since last: 96120558251 ns, Reaching safepoint: 1144250 ns, At safepoint: 72125 ns, Total: 1216375 ns
[2025-03-29T18:53:39.110+0000][7][safepoint   ] Safepoint "Cleanup", Time since last: 471813672259 ns, Reaching safepoint: 844084 ns, At safepoint: 27875 ns, Total: 871959 ns
[2025-03-29T19:03:00.075+0000][7][safepoint   ] Safepoint "Cleanup", Time since last: 560938138464 ns, Reaching safepoint: 1637417 ns, At safepoint: 18833 ns, Total: 1656250 ns
[2025-03-29T19:11:07.872+0000][7][safepoint   ] Safepoint "Cleanup", Time since last: 487796756889 ns, Reaching safepoint: 562167 ns, At safepoint: 13333 ns, Total: 575500 ns
[2025-03-29T19:11:57.935+0000][7][safepoint   ] Safepoint "Cleanup", Time since last: 50058081981 ns, Reaching safepoint: 1063208 ns, At safepoint: 42000 ns, Total: 1105208 ns
[2025-03-29T19:12:10.252+0000][7][gc,start    ] GC(34) Pause Young (Normal) (G1 Evacuation Pause)
[2025-03-29T19:12:10.255+0000][7][gc,task     ] GC(34) Using 2 workers of 2 for evacuation
[2025-03-29T19:12:10.255+0000][7][gc,age      ] GC(34) Desired survivor size 41943040 bytes, new threshold 15 (max threshold 15)
[2025-03-29T19:12:10.284+0000][7][gc,age      ] GC(34) Age table with threshold 15 (max threshold 15)
[2025-03-29T19:12:10.284+0000][7][gc,age      ] GC(34) - age   1:      65088 bytes,      65088 total
[2025-03-29T19:12:10.284+0000][7][gc,age      ] GC(34) - age   2:      58544 bytes,     123632 total
[2025-03-29T19:12:10.284+0000][7][gc,age      ] GC(34) - age   3:      58944 bytes,     182576 total
[2025-03-29T19:12:10.284+0000][7][gc,age      ] GC(34) - age   4:      63224 bytes,     245800 total
[2025-03-29T19:12:10.284+0000][7][gc,age      ] GC(34) - age   5:      57320 bytes,     303120 total
[2025-03-29T19:12:10.284+0000][7][gc,age      ] GC(34) - age   6:      55776 bytes,     358896 total
[2025-03-29T19:12:10.284+0000][7][gc,age      ] GC(34) - age   7:      55488 bytes,     414384 total
[2025-03-29T19:12:10.284+0000][7][gc,age      ] GC(34) - age   8:      54704 bytes,     469088 total
[2025-03-29T19:12:10.284+0000][7][gc,age      ] GC(34) - age   9:      57568 bytes,     526656 total
[2025-03-29T19:12:10.284+0000][7][gc,age      ] GC(34) - age  10:      71920 bytes,     598576 total
[2025-03-29T19:12:10.284+0000][7][gc,age      ] GC(34) - age  11:      70192 bytes,     668768 total
[2025-03-29T19:12:10.284+0000][7][gc,age      ] GC(34) - age  12:      61064 bytes,     729832 total
[2025-03-29T19:12:10.284+0000][7][gc,age      ] GC(34) - age  13:      61368 bytes,     791200 total
[2025-03-29T19:12:10.284+0000][7][gc,age      ] GC(34) - age  14:      54024 bytes,     845224 total
[2025-03-29T19:12:10.284+0000][7][gc,age      ] GC(34) - age  15:     209208 bytes,    1054432 total
[2025-03-29T19:12:10.284+0000][7][gc,phases   ] GC(34)   Pre Evacuate Collection Set: 0.8ms
[2025-03-29T19:12:10.284+0000][7][gc,phases   ] GC(34)   Merge Heap Roots: 0.5ms
[2025-03-29T19:12:10.284+0000][7][gc,phases   ] GC(34)   Evacuate Collection Set: 22.8ms
[2025-03-29T19:12:10.284+0000][7][gc,phases   ] GC(34)   Post Evacuate Collection Set: 3.6ms
[2025-03-29T19:12:10.284+0000][7][gc,phases   ] GC(34)   Other: 4.7ms
[2025-03-29T19:12:10.284+0000][7][gc,heap     ] GC(34) Eden regions: 152->0(152)
[2025-03-29T19:12:10.285+0000][7][gc,heap     ] GC(34) Survivor regions: 1->1(20)
[2025-03-29T19:12:10.285+0000][7][gc,heap     ] GC(34) Old regions: 19->19
[2025-03-29T19:12:10.285+0000][7][gc,heap     ] GC(34) Archive regions: 2->2
[2025-03-29T19:12:10.285+0000][7][gc,heap     ] GC(34) Humongous regions: 2->2
[2025-03-29T19:12:10.285+0000][7][gc,metaspace] GC(34) Metaspace: 107737K(109312K)->107737K(109312K) NonClass: 92966K(93888K)->92966K(93888K) Class: 14771K(15424K)->14771K(15424K)
[2025-03-29T19:12:10.285+0000][7][gc          ] GC(34) Pause Young (Normal) (G1 Evacuation Pause) 694M->86M(1024M) 32.376ms
[2025-03-29T19:12:10.285+0000][7][gc,cpu      ] GC(34) User=0.05s Sys=0.00s Real=0.04s
[2025-03-29T19:12:10.285+0000][7][safepoint   ] Safepoint "G1CollectForAllocation", Time since last: 12316286340 ns, Reaching safepoint: 141083 ns, At safepoint: 33082625 ns, Total: 33223708 ns
[2025-03-29T19:12:59.382+0000][7][safepoint   ] Safepoint "Cleanup", Time since last: 49096547856 ns, Reaching safepoint: 256292 ns, At safepoint: 11250 ns, Total: 267542 ns
[2025-03-29T19:21:28.128+0000][7][safepoint   ] Safepoint "Cleanup", Time since last: 508741624480 ns, Reaching safepoint: 1412250 ns, At safepoint: 33334 ns, Total: 1445584 ns
[2025-03-29T19:22:28.201+0000][7][safepoint   ] Safepoint "Cleanup", Time since last: 60070965944 ns, Reaching safepoint: 863958 ns, At safepoint: 38959 ns, Total: 902917 ns
[2025-03-29T19:22:58.235+0000][7][safepoint   ] Safepoint "Cleanup", Time since last: 30033566846 ns, Reaching safepoint: 448667 ns, At safepoint: 25167 ns, Total: 473834 ns
[2025-03-29T19:23:58.301+0000][7][safepoint   ] Safepoint "Cleanup", Time since last: 60064658402 ns, Reaching safepoint: 864542 ns, At safepoint: 52958 ns, Total: 917500 ns
[2025-03-29T19:24:22.331+0000][7][safepoint   ] Safepoint "Cleanup", Time since last: 24030075636 ns, Reaching safepoint: 454958 ns, At safepoint: 18459 ns, Total: 473417 ns
[2025-03-29T19:24:28.340+0000][7][safepoint   ] Safepoint "Cleanup", Time since last: 6008628794 ns, Reaching safepoint: 203667 ns, At safepoint: 17375 ns, Total: 221042 ns
[2025-03-29T19:25:05.381+0000][7][safepoint   ] Safepoint "Cleanup", Time since last: 37040343101 ns, Reaching safepoint: 612833 ns, At safepoint: 41542 ns, Total: 654375 ns
[2025-03-29T19:26:06.446+0000][7][safepoint   ] Safepoint "Cleanup", Time since last: 61063485861 ns, Reaching safepoint: 536875 ns, At safepoint: 25208 ns, Total: 562083 ns
[2025-03-29T19:29:37.730+0000][7][safepoint   ] Safepoint "Cleanup", Time since last: 211309724097 ns, Reaching safepoint: 500916 ns, At safepoint: 28750 ns, Total: 529666 ns
[2025-03-29T19:29:58.750+0000][7][safepoint   ] Safepoint "Cleanup", Time since last: 21020156676 ns, Reaching safepoint: 349000 ns, At safepoint: 16167 ns, Total: 365167 ns
[2025-03-29T19:33:09.071+0000][7][safepoint   ] Safepoint "Cleanup", Time since last: 190320703254 ns, Reaching safepoint: 382042 ns, At safepoint: 18458 ns, Total: 400500 ns
[2025-03-29T19:35:58.287+0000][7][safepoint   ] Safepoint "Cleanup", Time since last: 169215652994 ns, Reaching safepoint: 257041 ns, At safepoint: 13459 ns, Total: 270500 ns
[2025-03-29T19:36:22.315+0000][7][safepoint   ] Safepoint "Cleanup", Time since last: 24028750177 ns, Reaching safepoint: 362917 ns, At safepoint: 36542 ns, Total: 399459 ns
[2025-03-29T19:37:58.413+0000][7][safepoint   ] Safepoint "Cleanup", Time since last: 96097409544 ns, Reaching safepoint: 360875 ns, At safepoint: 24917 ns, Total: 385792 ns
[2025-03-29T19:38:28.449+0000][7][safepoint   ] Safepoint "Cleanup", Time since last: 30036112639 ns, Reaching safepoint: 341458 ns, At safepoint: 25292 ns, Total: 366750 ns
[2025-03-29T19:40:13.463+0000][7][gc,start    ] GC(35) Pause Young (Normal) (G1 Evacuation Pause)
[2025-03-29T19:40:13.464+0000][7][gc,task     ] GC(35) Using 2 workers of 2 for evacuation
[2025-03-29T19:40:13.465+0000][7][gc,age      ] GC(35) Desired survivor size 41943040 bytes, new threshold 15 (max threshold 15)
[2025-03-29T19:40:13.491+0000][7][gc,age      ] GC(35) Age table with threshold 15 (max threshold 15)
[2025-03-29T19:40:13.491+0000][7][gc,age      ] GC(35) - age   1:      72000 bytes,      72000 total
[2025-03-29T19:40:13.491+0000][7][gc,age      ] GC(35) - age   2:      53440 bytes,     125440 total
[2025-03-29T19:40:13.491+0000][7][gc,age      ] GC(35) - age   3:      58144 bytes,     183584 total
[2025-03-29T19:40:13.491+0000][7][gc,age      ] GC(35) - age   4:      58760 bytes,     242344 total
[2025-03-29T19:40:13.491+0000][7][gc,age      ] GC(35) - age   5:      63224 bytes,     305568 total
[2025-03-29T19:40:13.491+0000][7][gc,age      ] GC(35) - age   6:      57320 bytes,     362888 total
[2025-03-29T19:40:13.491+0000][7][gc,age      ] GC(35) - age   7:      55776 bytes,     418664 total
[2025-03-29T19:40:13.491+0000][7][gc,age      ] GC(35) - age   8:      55488 bytes,     474152 total
[2025-03-29T19:40:13.491+0000][7][gc,age      ] GC(35) - age   9:      54704 bytes,     528856 total
[2025-03-29T19:40:13.491+0000][7][gc,age      ] GC(35) - age  10:      57568 bytes,     586424 total
[2025-03-29T19:40:13.492+0000][7][gc,age      ] GC(35) - age  11:      71920 bytes,     658344 total
[2025-03-29T19:40:13.492+0000][7][gc,age      ] GC(35) - age  12:      70192 bytes,     728536 total
[2025-03-29T19:40:13.492+0000][7][gc,age      ] GC(35) - age  13:      61064 bytes,     789600 total
[2025-03-29T19:40:13.492+0000][7][gc,age      ] GC(35) - age  14:      61368 bytes,     850968 total
[2025-03-29T19:40:13.492+0000][7][gc,age      ] GC(35) - age  15:      54024 bytes,     904992 total
[2025-03-29T19:40:13.492+0000][7][gc,phases   ] GC(35)   Pre Evacuate Collection Set: 1.0ms
[2025-03-29T19:40:13.492+0000][7][gc,phases   ] GC(35)   Merge Heap Roots: 0.4ms
[2025-03-29T19:40:13.492+0000][7][gc,phases   ] GC(35)   Evacuate Collection Set: 21.6ms
[2025-03-29T19:40:13.492+0000][7][gc,phases   ] GC(35)   Post Evacuate Collection Set: 2.8ms
[2025-03-29T19:40:13.492+0000][7][gc,phases   ] GC(35)   Other: 3.3ms
[2025-03-29T19:40:13.492+0000][7][gc,heap     ] GC(35) Eden regions: 152->0(152)
[2025-03-29T19:40:13.492+0000][7][gc,heap     ] GC(35) Survivor regions: 1->1(20)
[2025-03-29T19:40:13.492+0000][7][gc,heap     ] GC(35) Old regions: 19->19
[2025-03-29T19:40:13.492+0000][7][gc,heap     ] GC(35) Archive regions: 2->2
[2025-03-29T19:40:13.492+0000][7][gc,heap     ] GC(35) Humongous regions: 2->2
[2025-03-29T19:40:13.492+0000][7][gc,metaspace] GC(35) Metaspace: 107761K(109376K)->107761K(109376K) NonClass: 92989K(93952K)->92989K(93952K) Class: 14771K(15424K)->14771K(15424K)
[2025-03-29T19:40:13.492+0000][7][gc          ] GC(35) Pause Young (Normal) (G1 Evacuation Pause) 694M->86M(1024M) 29.187ms
[2025-03-29T19:40:13.492+0000][7][gc,cpu      ] GC(35) User=0.05s Sys=0.00s Real=0.03s
[2025-03-29T19:40:13.493+0000][7][safepoint   ] Safepoint "G1CollectForAllocation", Time since last: 105012891589 ns, Reaching safepoint: 683833 ns, At safepoint: 29870417 ns, Total: 30554250 ns
[2025-03-29T19:42:59.712+0000][7][safepoint   ] Safepoint "Cleanup", Time since last: 166218703117 ns, Reaching safepoint: 807292 ns, At safepoint: 38625 ns, Total: 845917 ns
[2025-03-29T19:43:03.719+0000][7][safepoint   ] Safepoint "Cleanup", Time since last: 4006683085 ns, Reaching safepoint: 286792 ns, At safepoint: 24667 ns, Total: 311459 ns
[2025-03-29T19:43:28.745+0000][7][safepoint   ] Safepoint "Cleanup", Time since last: 25026939844 ns, Reaching safepoint: 156417 ns, At safepoint: 6291 ns, Total: 162708 ns
[2025-03-29T19:43:58.778+0000][7][safepoint   ] Safepoint "Cleanup", Time since last: 30031482681 ns, Reaching safepoint: 223000 ns, At safepoint: 29541 ns, Total: 252541 ns
[2025-03-29T19:44:58.859+0000][7][safepoint   ] Safepoint "Cleanup", Time since last: 60081551611 ns, Reaching safepoint: 461042 ns, At safepoint: 42833 ns, Total: 503875 ns
[2025-03-29T19:45:28.896+0000][7][safepoint   ] Safepoint "Cleanup", Time since last: 30036639097 ns, Reaching safepoint: 283125 ns, At safepoint: 14000 ns, Total: 297125 ns
[2025-03-29T19:47:14.054+0000][7][safepoint   ] Safepoint "Cleanup", Time since last: 105158179506 ns, Reaching safepoint: 230209 ns, At safepoint: 15083 ns, Total: 245292 ns
[2025-03-29T19:47:24.066+0000][7][safepoint   ] Safepoint "Cleanup", Time since last: 10011769338 ns, Reaching safepoint: 95417 ns, At safepoint: 3125 ns, Total: 98542 ns
[2025-03-29T19:51:58.510+0000][7][safepoint   ] Safepoint "Cleanup", Time since last: 274444878126 ns, Reaching safepoint: 261666 ns, At safepoint: 12292 ns, Total: 273958 ns
[2025-03-29T19:55:58.809+0000][7][safepoint   ] Safepoint "Cleanup", Time since last: 240299064068 ns, Reaching safepoint: 806125 ns, At safepoint: 34916 ns, Total: 841041 ns
[2025-03-29T19:58:29.008+0000][7][safepoint   ] Safepoint "Cleanup", Time since last: 150192049235 ns, Reaching safepoint: 6159125 ns, At safepoint: 244875 ns, Total: 6404000 ns
[2025-03-29T20:08:19.119+0000][7][gc,start    ] GC(36) Pause Young (Normal) (G1 Evacuation Pause)
[2025-03-29T20:08:19.119+0000][7][gc,task     ] GC(36) Using 2 workers of 2 for evacuation
[2025-03-29T20:08:19.120+0000][7][gc,age      ] GC(36) Desired survivor size 41943040 bytes, new threshold 15 (max threshold 15)
[2025-03-29T20:08:19.149+0000][7][gc,age      ] GC(36) Age table with threshold 15 (max threshold 15)
[2025-03-29T20:08:19.149+0000][7][gc,age      ] GC(36) - age   1:      67800 bytes,      67800 total
[2025-03-29T20:08:19.149+0000][7][gc,age      ] GC(36) - age   2:      59856 bytes,     127656 total
[2025-03-29T20:08:19.149+0000][7][gc,age      ] GC(36) - age   3:      53440 bytes,     181096 total
[2025-03-29T20:08:19.149+0000][7][gc,age      ] GC(36) - age   4:      58144 bytes,     239240 total
[2025-03-29T20:08:19.149+0000][7][gc,age      ] GC(36) - age   5:      58760 bytes,     298000 total
[2025-03-29T20:08:19.149+0000][7][gc,age      ] GC(36) - age   6:      63224 bytes,     361224 total
[2025-03-29T20:08:19.150+0000][7][gc,age      ] GC(36) - age   7:      57320 bytes,     418544 total
[2025-03-29T20:08:19.150+0000][7][gc,age      ] GC(36) - age   8:      55776 bytes,     474320 total
[2025-03-29T20:08:19.150+0000][7][gc,age      ] GC(36) - age   9:      55488 bytes,     529808 total
[2025-03-29T20:08:19.150+0000][7][gc,age      ] GC(36) - age  10:      54704 bytes,     584512 total
[2025-03-29T20:08:19.150+0000][7][gc,age      ] GC(36) - age  11:      57568 bytes,     642080 total
[2025-03-29T20:08:19.150+0000][7][gc,age      ] GC(36) - age  12:      71920 bytes,     714000 total
[2025-03-29T20:08:19.150+0000][7][gc,age      ] GC(36) - age  13:      70192 bytes,     784192 total
[2025-03-29T20:08:19.150+0000][7][gc,age      ] GC(36) - age  14:      61064 bytes,     845256 total
[2025-03-29T20:08:19.150+0000][7][gc,age      ] GC(36) - age  15:      61368 bytes,     906624 total
[2025-03-29T20:08:19.150+0000][7][gc,phases   ] GC(36)   Pre Evacuate Collection Set: 1.0ms
[2025-03-29T20:08:19.150+0000][7][gc,phases   ] GC(36)   Merge Heap Roots: 0.6ms
[2025-03-29T20:08:19.150+0000][7][gc,phases   ] GC(36)   Evacuate Collection Set: 23.9ms
[2025-03-29T20:08:19.150+0000][7][gc,phases   ] GC(36)   Post Evacuate Collection Set: 3.8ms
[2025-03-29T20:08:19.150+0000][7][gc,phases   ] GC(36)   Other: 2.2ms
[2025-03-29T20:08:19.150+0000][7][gc,heap     ] GC(36) Eden regions: 152->0(152)
[2025-03-29T20:08:19.150+0000][7][gc,heap     ] GC(36) Survivor regions: 1->1(20)
[2025-03-29T20:08:19.150+0000][7][gc,heap     ] GC(36) Old regions: 19->19
[2025-03-29T20:08:19.150+0000][7][gc,heap     ] GC(36) Archive regions: 2->2
[2025-03-29T20:08:19.150+0000][7][gc,heap     ] GC(36) Humongous regions: 2->2
[2025-03-29T20:08:19.150+0000][7][gc,metaspace] GC(36) Metaspace: 107765K(109376K)->107765K(109376K) NonClass: 92993K(93952K)->92993K(93952K) Class: 14771K(15424K)->14771K(15424K)
[2025-03-29T20:08:19.150+0000][7][gc          ] GC(36) Pause Young (Normal) (G1 Evacuation Pause) 694M->86M(1024M) 31.698ms
[2025-03-29T20:08:19.150+0000][7][gc,cpu      ] GC(36) User=0.06s Sys=0.00s Real=0.03s
[2025-03-29T20:08:19.150+0000][7][safepoint   ] Safepoint "G1CollectForAllocation", Time since last: 590111830934 ns, Reaching safepoint: 502833 ns, At safepoint: 32174792 ns, Total: 32677625 ns
[2025-03-29T20:08:25.156+0000][7][safepoint   ] Safepoint "Cleanup", Time since last: 6005457378 ns, Reaching safepoint: 417583 ns, At safepoint: 7875 ns, Total: 425458 ns
[2025-03-29T20:08:35.170+0000][7][safepoint   ] Safepoint "Cleanup", Time since last: 10013169088 ns, Reaching safepoint: 734334 ns, At safepoint: 79125 ns, Total: 813459 ns
[2025-03-29T20:11:16.407+0000][7][safepoint   ] Safepoint "Cleanup", Time since last: 161237199073 ns, Reaching safepoint: 952709 ns, At safepoint: 36125 ns, Total: 988834 ns
[2025-03-29T20:11:59.458+0000][7][safepoint   ] Safepoint "Cleanup", Time since last: 43050142520 ns, Reaching safepoint: 361583 ns, At safepoint: 18708 ns, Total: 380291 ns
[2025-03-29T20:12:59.535+0000][7][safepoint   ] Safepoint "Cleanup", Time since last: 60076820986 ns, Reaching safepoint: 433750 ns, At safepoint: 20542 ns, Total: 454292 ns
[2025-03-29T20:15:47.772+0000][7][safepoint   ] Safepoint "Cleanup", Time since last: 168237090535 ns, Reaching safepoint: 526500 ns, At safepoint: 16541 ns, Total: 543041 ns
[2025-03-29T20:19:41.104+0000][7][safepoint   ] Safepoint "Cleanup", Time since last: 233331329939 ns, Reaching safepoint: 302042 ns, At safepoint: 12583 ns, Total: 314625 ns
[2025-03-29T20:23:23.430+0000][7][safepoint   ] Safepoint "Cleanup", Time since last: 222325756767 ns, Reaching safepoint: 978792 ns, At safepoint: 43000 ns, Total: 1021792 ns
[2025-03-29T20:23:29.438+0000][7][safepoint   ] Safepoint "Cleanup", Time since last: 6007474586 ns, Reaching safepoint: 293667 ns, At safepoint: 13917 ns, Total: 307584 ns
[2025-03-29T20:25:59.690+0000][7][safepoint   ] Safepoint "Cleanup", Time since last: 150208069526 ns, Reaching safepoint: 1022583 ns, At safepoint: 81875 ns, Total: 1104458 ns
[2025-03-29T20:30:28.091+0000][7][safepoint   ] Safepoint "Cleanup", Time since last: 268397974747 ns, Reaching safepoint: 650291 ns, At safepoint: 13917 ns, Total: 664208 ns
[2025-03-29T20:35:00.412+0000][7][safepoint   ] Safepoint "Cleanup", Time since last: 272318087165 ns, Reaching safepoint: 384875 ns, At safepoint: 11250 ns, Total: 396125 ns
[2025-03-29T20:36:24.387+0000][7][gc,start    ] GC(37) Pause Young (Normal) (G1 Evacuation Pause)
[2025-03-29T20:36:24.388+0000][7][gc,task     ] GC(37) Using 2 workers of 2 for evacuation
[2025-03-29T20:36:24.388+0000][7][gc,age      ] GC(37) Desired survivor size 41943040 bytes, new threshold 15 (max threshold 15)
[2025-03-29T20:36:24.416+0000][7][gc,age      ] GC(37) Age table with threshold 15 (max threshold 15)
[2025-03-29T20:36:24.416+0000][7][gc,age      ] GC(37) - age   1:      72432 bytes,      72432 total
[2025-03-29T20:36:24.416+0000][7][gc,age      ] GC(37) - age   2:      54384 bytes,     126816 total
[2025-03-29T20:36:24.416+0000][7][gc,age      ] GC(37) - age   3:      59672 bytes,     186488 total
[2025-03-29T20:36:24.416+0000][7][gc,age      ] GC(37) - age   4:      53440 bytes,     239928 total
[2025-03-29T20:36:24.416+0000][7][gc,age      ] GC(37) - age   5:      58144 bytes,     298072 total
[2025-03-29T20:36:24.416+0000][7][gc,age      ] GC(37) - age   6:      58760 bytes,     356832 total
[2025-03-29T20:36:24.416+0000][7][gc,age      ] GC(37) - age   7:      63224 bytes,     420056 total
[2025-03-29T20:36:24.416+0000][7][gc,age      ] GC(37) - age   8:      57320 bytes,     477376 total
[2025-03-29T20:36:24.417+0000][7][gc,age      ] GC(37) - age   9:      55776 bytes,     533152 total
[2025-03-29T20:36:24.417+0000][7][gc,age      ] GC(37) - age  10:      55488 bytes,     588640 total
[2025-03-29T20:36:24.417+0000][7][gc,age      ] GC(37) - age  11:      54704 bytes,     643344 total
[2025-03-29T20:36:24.417+0000][7][gc,age      ] GC(37) - age  12:      57568 bytes,     700912 total
[2025-03-29T20:36:24.417+0000][7][gc,age      ] GC(37) - age  13:      71920 bytes,     772832 total
[2025-03-29T20:36:24.417+0000][7][gc,age      ] GC(37) - age  14:      70192 bytes,     843024 total
[2025-03-29T20:36:24.417+0000][7][gc,age      ] GC(37) - age  15:      61064 bytes,     904088 total
[2025-03-29T20:36:24.417+0000][7][gc,phases   ] GC(37)   Pre Evacuate Collection Set: 1.0ms
[2025-03-29T20:36:24.417+0000][7][gc,phases   ] GC(37)   Merge Heap Roots: 0.7ms
[2025-03-29T20:36:24.417+0000][7][gc,phases   ] GC(37)   Evacuate Collection Set: 22.2ms
[2025-03-29T20:36:24.417+0000][7][gc,phases   ] GC(37)   Post Evacuate Collection Set: 4.1ms
[2025-03-29T20:36:24.417+0000][7][gc,phases   ] GC(37)   Other: 2.6ms
[2025-03-29T20:36:24.417+0000][7][gc,heap     ] GC(37) Eden regions: 152->0(152)
[2025-03-29T20:36:24.417+0000][7][gc,heap     ] GC(37) Survivor regions: 1->1(20)
[2025-03-29T20:36:24.417+0000][7][gc,heap     ] GC(37) Old regions: 19->19
[2025-03-29T20:36:24.417+0000][7][gc,heap     ] GC(37) Archive regions: 2->2
[2025-03-29T20:36:24.417+0000][7][gc,heap     ] GC(37) Humongous regions: 2->2
[2025-03-29T20:36:24.417+0000][7][gc,metaspace] GC(37) Metaspace: 107849K(109440K)->107849K(109440K) NonClass: 93077K(94016K)->93077K(94016K) Class: 14772K(15424K)->14772K(15424K)
[2025-03-29T20:36:24.418+0000][7][gc          ] GC(37) Pause Young (Normal) (G1 Evacuation Pause) 694M->86M(1024M) 30.946ms
[2025-03-29T20:36:24.418+0000][7][gc,cpu      ] GC(37) User=0.06s Sys=0.00s Real=0.03s
[2025-03-29T20:36:24.418+0000][7][safepoint   ] Safepoint "G1CollectForAllocation", Time since last: 83972294122 ns, Reaching safepoint: 509333 ns, At safepoint: 32414125 ns, Total: 32923458 ns
[2025-03-29T20:37:00.460+0000][7][safepoint   ] Safepoint "Cleanup", Time since last: 36041779350 ns, Reaching safepoint: 474959 ns, At safepoint: 18750 ns, Total: 493709 ns
[2025-03-29T20:41:14.834+0000][7][safepoint   ] Safepoint "Cleanup", Time since last: 254369278823 ns, Reaching safepoint: 1851667 ns, At safepoint: 97375 ns, Total: 1949042 ns
[2025-03-29T20:41:44.872+0000][7][safepoint   ] Safepoint "Cleanup", Time since last: 30036484263 ns, Reaching safepoint: 402417 ns, At safepoint: 17458 ns, Total: 419875 ns
[2025-03-29T20:41:59.889+0000][7][safepoint   ] Safepoint "Cleanup", Time since last: 15015928840 ns, Reaching safepoint: 1222084 ns, At safepoint: 108708 ns, Total: 1330792 ns
[2025-03-29T21:00:30.372+0000][7][safepoint   ] Safepoint "Cleanup", Time since last: 1110479858380 ns, Reaching safepoint: 3328500 ns, At safepoint: 254917 ns, Total: 3583417 ns
[2025-03-29T21:01:00.406+0000][7][safepoint   ] Safepoint "Cleanup", Time since last: 30032592514 ns, Reaching safepoint: 632708 ns, At safepoint: 24125 ns, Total: 656833 ns
[2025-03-29T21:04:00.686+0000][7][safepoint   ] Safepoint "Cleanup", Time since last: 180277364499 ns, Reaching safepoint: 853708 ns, At safepoint: 99542 ns, Total: 953250 ns
[2025-03-29T21:04:28.412+0000][7][gc,start    ] GC(38) Pause Young (Normal) (G1 Evacuation Pause)
[2025-03-29T21:04:28.413+0000][7][gc,task     ] GC(38) Using 2 workers of 2 for evacuation
[2025-03-29T21:04:28.414+0000][7][gc,age      ] GC(38) Desired survivor size 41943040 bytes, new threshold 15 (max threshold 15)
[2025-03-29T21:04:28.430+0000][7][gc,age      ] GC(38) Age table with threshold 15 (max threshold 15)
[2025-03-29T21:04:28.430+0000][7][gc,age      ] GC(38) - age   1:      68096 bytes,      68096 total
[2025-03-29T21:04:28.430+0000][7][gc,age      ] GC(38) - age   2:      58680 bytes,     126776 total
[2025-03-29T21:04:28.431+0000][7][gc,age      ] GC(38) - age   3:      54384 bytes,     181160 total
[2025-03-29T21:04:28.431+0000][7][gc,age      ] GC(38) - age   4:      59672 bytes,     240832 total
[2025-03-29T21:04:28.431+0000][7][gc,age      ] GC(38) - age   5:      53440 bytes,     294272 total
[2025-03-29T21:04:28.431+0000][7][gc,age      ] GC(38) - age   6:      58144 bytes,     352416 total
[2025-03-29T21:04:28.431+0000][7][gc,age      ] GC(38) - age   7:      58760 bytes,     411176 total
[2025-03-29T21:04:28.431+0000][7][gc,age      ] GC(38) - age   8:      63224 bytes,     474400 total
[2025-03-29T21:04:28.431+0000][7][gc,age      ] GC(38) - age   9:      57320 bytes,     531720 total
[2025-03-29T21:04:28.431+0000][7][gc,age      ] GC(38) - age  10:      55776 bytes,     587496 total
[2025-03-29T21:04:28.431+0000][7][gc,age      ] GC(38) - age  11:      55488 bytes,     642984 total
[2025-03-29T21:04:28.431+0000][7][gc,age      ] GC(38) - age  12:      54704 bytes,     697688 total
[2025-03-29T21:04:28.431+0000][7][gc,age      ] GC(38) - age  13:      57568 bytes,     755256 total
[2025-03-29T21:04:28.431+0000][7][gc,age      ] GC(38) - age  14:      71920 bytes,     827176 total
[2025-03-29T21:04:28.431+0000][7][gc,age      ] GC(38) - age  15:      70192 bytes,     897368 total
[2025-03-29T21:04:28.431+0000][7][gc,phases   ] GC(38)   Pre Evacuate Collection Set: 0.6ms
[2025-03-29T21:04:28.431+0000][7][gc,phases   ] GC(38)   Merge Heap Roots: 0.3ms
[2025-03-29T21:04:28.431+0000][7][gc,phases   ] GC(38)   Evacuate Collection Set: 12.7ms
[2025-03-29T21:04:28.431+0000][7][gc,phases   ] GC(38)   Post Evacuate Collection Set: 3.2ms
[2025-03-29T21:04:28.432+0000][7][gc,phases   ] GC(38)   Other: 2.1ms
[2025-03-29T21:04:28.432+0000][7][gc,heap     ] GC(38) Eden regions: 152->0(152)
[2025-03-29T21:04:28.432+0000][7][gc,heap     ] GC(38) Survivor regions: 1->1(20)
[2025-03-29T21:04:28.432+0000][7][gc,heap     ] GC(38) Old regions: 19->19
[2025-03-29T21:04:28.432+0000][7][gc,heap     ] GC(38) Archive regions: 2->2
[2025-03-29T21:04:28.432+0000][7][gc,heap     ] GC(38) Humongous regions: 2->2
[2025-03-29T21:04:28.432+0000][7][gc,metaspace] GC(38) Metaspace: 107860K(109440K)->107860K(109440K) NonClass: 93088K(94016K)->93088K(94016K) Class: 14772K(15424K)->14772K(15424K)
[2025-03-29T21:04:28.432+0000][7][gc          ] GC(38) Pause Young (Normal) (G1 Evacuation Pause) 694M->87M(1024M) 19.582ms
[2025-03-29T21:04:28.432+0000][7][gc,cpu      ] GC(38) User=0.03s Sys=0.00s Real=0.02s
[2025-03-29T21:04:28.432+0000][7][safepoint   ] Safepoint "G1CollectForAllocation", Time since last: 27726579180 ns, Reaching safepoint: 366375 ns, At safepoint: 20106166 ns, Total: 20472541 ns
[2025-03-29T21:12:59.381+0000][7][safepoint   ] Safepoint "Cleanup", Time since last: 510944824232 ns, Reaching safepoint: 449542 ns, At safepoint: 17167 ns, Total: 466709 ns
[2025-03-29T21:13:19.400+0000][7][safepoint   ] Safepoint "Cleanup", Time since last: 20018082467 ns, Reaching safepoint: 905750 ns, At safepoint: 31167 ns, Total: 936917 ns
[2025-03-29T21:14:30.490+0000][7][safepoint   ] Safepoint "Cleanup", Time since last: 71083319908 ns, Reaching safepoint: 5643750 ns, At safepoint: 47792 ns, Total: 5691542 ns
[2025-03-29T21:14:31.496+0000][7][safepoint   ] Safepoint "Cleanup", Time since last: 1005896167 ns, Reaching safepoint: 973250 ns, At safepoint: 10292 ns, Total: 983542 ns
[2025-03-29T21:18:30.801+0000][7][safepoint   ] Safepoint "Cleanup", Time since last: 239302120860 ns, Reaching safepoint: 563333 ns, At safepoint: 27500 ns, Total: 590833 ns
[2025-03-29T21:24:16.326+0000][7][safepoint   ] Safepoint "Cleanup", Time since last: 345521708700 ns, Reaching safepoint: 926042 ns, At safepoint: 15042 ns, Total: 941084 ns
[2025-03-29T21:26:01.436+0000][7][safepoint   ] Safepoint "Cleanup", Time since last: 105108436839 ns, Reaching safepoint: 1288583 ns, At safepoint: 29750 ns, Total: 1318333 ns
[2025-03-29T21:30:31.790+0000][7][safepoint   ] Safepoint "Cleanup", Time since last: 270351181331 ns, Reaching safepoint: 631333 ns, At safepoint: 21250 ns, Total: 652583 ns
[2025-03-29T21:31:31.851+0000][7][safepoint   ] Safepoint "Cleanup", Time since last: 60059988278 ns, Reaching safepoint: 418042 ns, At safepoint: 21500 ns, Total: 439542 ns
[2025-03-29T21:32:31.094+0000][7][gc,start    ] GC(39) Pause Young (Normal) (G1 Evacuation Pause)
[2025-03-29T21:32:31.098+0000][7][gc,task     ] GC(39) Using 2 workers of 2 for evacuation
[2025-03-29T21:32:31.102+0000][7][gc,age      ] GC(39) Desired survivor size 41943040 bytes, new threshold 15 (max threshold 15)
[2025-03-29T21:32:31.278+0000][7][gc,age      ] GC(39) Age table with threshold 15 (max threshold 15)
[2025-03-29T21:32:31.278+0000][7][gc,age      ] GC(39) - age   1:      79016 bytes,      79016 total
[2025-03-29T21:32:31.278+0000][7][gc,age      ] GC(39) - age   2:      56104 bytes,     135120 total
[2025-03-29T21:32:31.279+0000][7][gc,age      ] GC(39) - age   3:      58496 bytes,     193616 total
[2025-03-29T21:32:31.279+0000][7][gc,age      ] GC(39) - age   4:      54384 bytes,     248000 total
[2025-03-29T21:32:31.279+0000][7][gc,age      ] GC(39) - age   5:      59672 bytes,     307672 total
[2025-03-29T21:32:31.279+0000][7][gc,age      ] GC(39) - age   6:      53440 bytes,     361112 total
[2025-03-29T21:32:31.279+0000][7][gc,age      ] GC(39) - age   7:      58144 bytes,     419256 total
[2025-03-29T21:32:31.279+0000][7][gc,age      ] GC(39) - age   8:      58760 bytes,     478016 total
[2025-03-29T21:32:31.279+0000][7][gc,age      ] GC(39) - age   9:      63224 bytes,     541240 total
[2025-03-29T21:32:31.279+0000][7][gc,age      ] GC(39) - age  10:      57320 bytes,     598560 total
[2025-03-29T21:32:31.279+0000][7][gc,age      ] GC(39) - age  11:      55776 bytes,     654336 total
[2025-03-29T21:32:31.279+0000][7][gc,age      ] GC(39) - age  12:      55488 bytes,     709824 total
[2025-03-29T21:32:31.279+0000][7][gc,age      ] GC(39) - age  13:      54704 bytes,     764528 total
[2025-03-29T21:32:31.279+0000][7][gc,age      ] GC(39) - age  14:      57568 bytes,     822096 total
[2025-03-29T21:32:31.279+0000][7][gc,age      ] GC(39) - age  15:      71920 bytes,     894016 total
[2025-03-29T21:32:31.279+0000][7][gc,phases   ] GC(39)   Pre Evacuate Collection Set: 6.4ms
[2025-03-29T21:32:31.279+0000][7][gc,phases   ] GC(39)   Merge Heap Roots: 3.9ms
[2025-03-29T21:32:31.279+0000][7][gc,phases   ] GC(39)   Evacuate Collection Set: 137.6ms
[2025-03-29T21:32:31.279+0000][7][gc,phases   ] GC(39)   Post Evacuate Collection Set: 30.1ms
[2025-03-29T21:32:31.280+0000][7][gc,phases   ] GC(39)   Other: 10.1ms
[2025-03-29T21:32:31.280+0000][7][gc,heap     ] GC(39) Eden regions: 152->0(152)
[2025-03-29T21:32:31.280+0000][7][gc,heap     ] GC(39) Survivor regions: 1->1(20)
[2025-03-29T21:32:31.280+0000][7][gc,heap     ] GC(39) Old regions: 19->19
[2025-03-29T21:32:31.280+0000][7][gc,heap     ] GC(39) Archive regions: 2->2
[2025-03-29T21:32:31.280+0000][7][gc,heap     ] GC(39) Humongous regions: 2->2
[2025-03-29T21:32:31.280+0000][7][gc,metaspace] GC(39) Metaspace: 107871K(109440K)->107871K(109440K) NonClass: 93099K(94016K)->93099K(94016K) Class: 14772K(15424K)->14772K(15424K)
[2025-03-29T21:32:31.280+0000][7][gc          ] GC(39) Pause Young (Normal) (G1 Evacuation Pause) 695M->87M(1024M) 186.051ms
[2025-03-29T21:32:31.281+0000][7][gc,cpu      ] GC(39) User=0.35s Sys=0.00s Real=0.19s
[2025-03-29T21:32:31.281+0000][7][safepoint   ] Safepoint "G1CollectForAllocation", Time since last: 59236730986 ns, Reaching safepoint: 2278375 ns, At safepoint: 190770250 ns, Total: 193048625 ns
[2025-03-29T21:34:31.417+0000][7][safepoint   ] Safepoint "Cleanup", Time since last: 120134970138 ns, Reaching safepoint: 465208 ns, At safepoint: 22125 ns, Total: 487333 ns
[2025-03-29T21:34:48.434+0000][7][safepoint   ] Safepoint "Cleanup", Time since last: 17016431466 ns, Reaching safepoint: 232333 ns, At safepoint: 9917 ns, Total: 242250 ns
[2025-03-29T21:34:54.443+0000][7][safepoint   ] Safepoint "Cleanup", Time since last: 6008466836 ns, Reaching safepoint: 190458 ns, At safepoint: 11375 ns, Total: 201833 ns
[2025-03-29T21:35:04.453+0000][7][safepoint   ] Safepoint "Cleanup", Time since last: 10010129255 ns, Reaching safepoint: 417875 ns, At safepoint: 21375 ns, Total: 439250 ns
[2025-03-29T21:42:59.436+0000][7][safepoint   ] Safepoint "Cleanup", Time since last: 475095464799 ns, Reaching safepoint: 384125 ns, At safepoint: 15292 ns, Total: 399417 ns
[2025-03-29T21:43:31.481+0000][7][safepoint   ] Safepoint "Cleanup", Time since last: 32045452682 ns, Reaching safepoint: 435458 ns, At safepoint: 21125 ns, Total: 456583 ns
[2025-03-29T21:45:40.947+0000][7][safepoint   ] Safepoint "Cleanup", Time since last: 129468286601 ns, Reaching safepoint: 366000 ns, At safepoint: 8708 ns, Total: 374708 ns
[2025-03-29T21:56:35.864+0000][7][safepoint   ] Safepoint "Cleanup", Time since last: 654933436505 ns, Reaching safepoint: 362416 ns, At safepoint: 29584 ns, Total: 392000 ns
[2025-03-29T22:00:33.103+0000][7][gc,start    ] GC(40) Pause Young (Normal) (G1 Evacuation Pause)
[2025-03-29T22:00:33.104+0000][7][gc,task     ] GC(40) Using 2 workers of 2 for evacuation
[2025-03-29T22:00:33.104+0000][7][gc,age      ] GC(40) Desired survivor size 41943040 bytes, new threshold 15 (max threshold 15)
[2025-03-29T22:00:33.124+0000][7][gc,age      ] GC(40) Age table with threshold 15 (max threshold 15)
[2025-03-29T22:00:33.124+0000][7][gc,age      ] GC(40) - age   1:      65488 bytes,      65488 total
[2025-03-29T22:00:33.124+0000][7][gc,age      ] GC(40) - age   2:      54568 bytes,     120056 total
[2025-03-29T22:00:33.124+0000][7][gc,age      ] GC(40) - age   3:      56104 bytes,     176160 total
[2025-03-29T22:00:33.124+0000][7][gc,age      ] GC(40) - age   4:      58496 bytes,     234656 total
[2025-03-29T22:00:33.124+0000][7][gc,age      ] GC(40) - age   5:      54384 bytes,     289040 total
[2025-03-29T22:00:33.124+0000][7][gc,age      ] GC(40) - age   6:      59672 bytes,     348712 total
[2025-03-29T22:00:33.124+0000][7][gc,age      ] GC(40) - age   7:      53440 bytes,     402152 total
[2025-03-29T22:00:33.125+0000][7][gc,age      ] GC(40) - age   8:      58144 bytes,     460296 total
[2025-03-29T22:00:33.125+0000][7][gc,age      ] GC(40) - age   9:      58760 bytes,     519056 total
[2025-03-29T22:00:33.125+0000][7][gc,age      ] GC(40) - age  10:      63224 bytes,     582280 total
[2025-03-29T22:00:33.125+0000][7][gc,age      ] GC(40) - age  11:      57320 bytes,     639600 total
[2025-03-29T22:00:33.125+0000][7][gc,age      ] GC(40) - age  12:      55776 bytes,     695376 total
[2025-03-29T22:00:33.125+0000][7][gc,age      ] GC(40) - age  13:      55488 bytes,     750864 total
[2025-03-29T22:00:33.125+0000][7][gc,age      ] GC(40) - age  14:      54704 bytes,     805568 total
[2025-03-29T22:00:33.125+0000][7][gc,age      ] GC(40) - age  15:      57568 bytes,     863136 total
[2025-03-29T22:00:33.125+0000][7][gc,phases   ] GC(40)   Pre Evacuate Collection Set: 0.6ms
[2025-03-29T22:00:33.125+0000][7][gc,phases   ] GC(40)   Merge Heap Roots: 0.7ms
[2025-03-29T22:00:33.125+0000][7][gc,phases   ] GC(40)   Evacuate Collection Set: 13.9ms
[2025-03-29T22:00:33.125+0000][7][gc,phases   ] GC(40)   Post Evacuate Collection Set: 4.4ms
[2025-03-29T22:00:33.125+0000][7][gc,phases   ] GC(40)   Other: 4.1ms
[2025-03-29T22:00:33.125+0000][7][gc,heap     ] GC(40) Eden regions: 152->0(152)
[2025-03-29T22:00:33.126+0000][7][gc,heap     ] GC(40) Survivor regions: 1->1(20)
[2025-03-29T22:00:33.126+0000][7][gc,heap     ] GC(40) Old regions: 19->19
[2025-03-29T22:00:33.126+0000][7][gc,heap     ] GC(40) Archive regions: 2->2
[2025-03-29T22:00:33.126+0000][7][gc,heap     ] GC(40) Humongous regions: 2->2
[2025-03-29T22:00:33.126+0000][7][gc,metaspace] GC(40) Metaspace: 107885K(109504K)->107885K(109504K) NonClass: 93113K(94080K)->93113K(94080K) Class: 14772K(15424K)->14772K(15424K)
[2025-03-29T22:00:33.126+0000][7][gc          ] GC(40) Pause Young (Normal) (G1 Evacuation Pause) 695M->87M(1024M) 23.394ms
[2025-03-29T22:00:33.126+0000][7][gc,cpu      ] GC(40) User=0.04s Sys=0.00s Real=0.02s
[2025-03-29T22:00:33.126+0000][7][safepoint   ] Safepoint "G1CollectForAllocation", Time since last: 237242471523 ns, Reaching safepoint: 421458 ns, At safepoint: 24796875 ns, Total: 25218333 ns
[2025-03-29T22:11:04.787+0000][7][safepoint   ] Safepoint "Cleanup", Time since last: 631677641037 ns, Reaching safepoint: 1129542 ns, At safepoint: 27125 ns, Total: 1156667 ns
[2025-03-29T22:11:54.853+0000][7][safepoint   ] Safepoint "Cleanup", Time since last: 50067208730 ns, Reaching safepoint: 834792 ns, At safepoint: 46083 ns, Total: 880875 ns
[2025-03-29T22:12:02.864+0000][7][safepoint   ] Safepoint "Cleanup", Time since last: 8011046254 ns, Reaching safepoint: 280875 ns, At safepoint: 13750 ns, Total: 294625 ns
[2025-03-29T22:16:47.586+0000][7][safepoint   ] Safepoint "Cleanup", Time since last: 284724786004 ns, Reaching safepoint: 1226417 ns, At safepoint: 42708 ns, Total: 1269125 ns
[2025-03-29T22:17:32.649+0000][7][safepoint   ] Safepoint "Cleanup", Time since last: 45064004937 ns, Reaching safepoint: 812750 ns, At safepoint: 44250 ns, Total: 857000 ns
[2025-03-29T22:17:37.658+0000][7][safepoint   ] Safepoint "Cleanup", Time since last: 5008415503 ns, Reaching safepoint: 123458 ns, At safepoint: 3792 ns, Total: 127250 ns
[2025-03-29T22:19:02.808+0000][7][safepoint   ] Safepoint "Cleanup", Time since last: 85150927622 ns, Reaching safepoint: 966042 ns, At safepoint: 60208 ns, Total: 1026250 ns
[2025-03-29T22:22:59.509+0000][7][safepoint   ] Safepoint "Cleanup", Time since last: 236611438524 ns, Reaching safepoint: 677417 ns, At safepoint: 26416 ns, Total: 703833 ns
[2025-03-29T22:28:35.907+0000][7][gc,start    ] GC(41) Pause Young (Normal) (G1 Evacuation Pause)
[2025-03-29T22:28:35.908+0000][7][gc,task     ] GC(41) Using 2 workers of 2 for evacuation
[2025-03-29T22:28:35.909+0000][7][gc,age      ] GC(41) Desired survivor size 41943040 bytes, new threshold 15 (max threshold 15)
[2025-03-29T22:28:35.933+0000][7][gc,age      ] GC(41) Age table with threshold 15 (max threshold 15)
[2025-03-29T22:28:35.933+0000][7][gc,age      ] GC(41) - age   1:      66192 bytes,      66192 total
[2025-03-29T22:28:35.933+0000][7][gc,age      ] GC(41) - age   2:      53664 bytes,     119856 total
[2025-03-29T22:28:35.933+0000][7][gc,age      ] GC(41) - age   3:      54184 bytes,     174040 total
[2025-03-29T22:28:35.933+0000][7][gc,age      ] GC(41) - age   4:      56104 bytes,     230144 total
[2025-03-29T22:28:35.933+0000][7][gc,age      ] GC(41) - age   5:      58496 bytes,     288640 total
[2025-03-29T22:28:35.933+0000][7][gc,age      ] GC(41) - age   6:      54384 bytes,     343024 total
[2025-03-29T22:28:35.934+0000][7][gc,age      ] GC(41) - age   7:      59672 bytes,     402696 total
[2025-03-29T22:28:35.934+0000][7][gc,age      ] GC(41) - age   8:      53440 bytes,     456136 total
[2025-03-29T22:28:35.934+0000][7][gc,age      ] GC(41) - age   9:      58144 bytes,     514280 total
[2025-03-29T22:28:35.934+0000][7][gc,age      ] GC(41) - age  10:      58760 bytes,     573040 total
[2025-03-29T22:28:35.934+0000][7][gc,age      ] GC(41) - age  11:      63224 bytes,     636264 total
[2025-03-29T22:28:35.934+0000][7][gc,age      ] GC(41) - age  12:      57320 bytes,     693584 total
[2025-03-29T22:28:35.934+0000][7][gc,age      ] GC(41) - age  13:      55776 bytes,     749360 total
[2025-03-29T22:28:35.934+0000][7][gc,age      ] GC(41) - age  14:      55488 bytes,     804848 total
[2025-03-29T22:28:35.934+0000][7][gc,age      ] GC(41) - age  15:      54704 bytes,     859552 total
[2025-03-29T22:28:35.934+0000][7][gc,phases   ] GC(41)   Pre Evacuate Collection Set: 0.9ms
[2025-03-29T22:28:35.934+0000][7][gc,phases   ] GC(41)   Merge Heap Roots: 0.4ms
[2025-03-29T22:28:35.934+0000][7][gc,phases   ] GC(41)   Evacuate Collection Set: 16.0ms
[2025-03-29T22:28:35.935+0000][7][gc,phases   ] GC(41)   Post Evacuate Collection Set: 6.7ms
[2025-03-29T22:28:35.935+0000][7][gc,phases   ] GC(41)   Other: 3.6ms
[2025-03-29T22:28:35.935+0000][7][gc,heap     ] GC(41) Eden regions: 152->0(152)
[2025-03-29T22:28:35.935+0000][7][gc,heap     ] GC(41) Survivor regions: 1->1(20)
[2025-03-29T22:28:35.935+0000][7][gc,heap     ] GC(41) Old regions: 19->19
[2025-03-29T22:28:35.935+0000][7][gc,heap     ] GC(41) Archive regions: 2->2
[2025-03-29T22:28:35.935+0000][7][gc,heap     ] GC(41) Humongous regions: 2->2
[2025-03-29T22:28:35.935+0000][7][gc,metaspace] GC(41) Metaspace: 107888K(109504K)->107888K(109504K) NonClass: 93116K(94080K)->93116K(94080K) Class: 14772K(15424K)->14772K(15424K)
[2025-03-29T22:28:35.935+0000][7][gc          ] GC(41) Pause Young (Normal) (G1 Evacuation Pause) 695M->87M(1024M) 28.046ms
[2025-03-29T22:28:35.935+0000][7][gc,cpu      ] GC(41) User=0.05s Sys=0.00s Real=0.03s
[2025-03-29T22:28:35.935+0000][7][safepoint   ] Safepoint "G1CollectForAllocation", Time since last: 336397553947 ns, Reaching safepoint: 893417 ns, At safepoint: 28698708 ns, Total: 29592125 ns
[2025-03-29T22:29:02.981+0000][7][safepoint   ] Safepoint "Cleanup", Time since last: 27044681970 ns, Reaching safepoint: 1110167 ns, At safepoint: 41250 ns, Total: 1151417 ns
[2025-03-29T22:31:43.567+0000][7][safepoint   ] Safepoint "Cleanup", Time since last: 132216012894 ns, Reaching safepoint: 1491083 ns, At safepoint: 62792 ns, Total: 1553875 ns
[2025-03-29T23:00:51.070+0000][7][safepoint   ] Safepoint "Cleanup", Time since last: 302678588804 ns, Reaching safepoint: 947584 ns, At safepoint: 35000 ns, Total: 982584 ns
[2025-03-29T23:10:07.049+0000][7][safepoint   ] Safepoint "Cleanup", Time since last: 555975824712 ns, Reaching safepoint: 496584 ns, At safepoint: 43583 ns, Total: 540167 ns
[2025-03-29T23:10:21.066+0000][7][safepoint   ] Safepoint "Cleanup", Time since last: 14017268923 ns, Reaching safepoint: 625166 ns, At safepoint: 56375 ns, Total: 681541 ns
[2025-03-29T23:14:59.516+0000][7][safepoint   ] Safepoint "Cleanup", Time since last: 278447522963 ns, Reaching safepoint: 326333 ns, At safepoint: 12250 ns, Total: 338583 ns
[2025-03-29T23:21:07.071+0000][7][safepoint   ] Safepoint "Cleanup", Time since last: 367553585752 ns, Reaching safepoint: 402416 ns, At safepoint: 21209 ns, Total: 423625 ns
[2025-03-29T23:21:12.909+0000][7][gc,start    ] GC(42) Pause Young (Normal) (G1 Evacuation Pause)
[2025-03-29T23:21:12.909+0000][7][gc,task     ] GC(42) Using 2 workers of 2 for evacuation
[2025-03-29T23:21:12.911+0000][7][gc,age      ] GC(42) Desired survivor size 41943040 bytes, new threshold 15 (max threshold 15)
[2025-03-29T23:21:12.949+0000][7][gc,age      ] GC(42) Age table with threshold 15 (max threshold 15)
[2025-03-29T23:21:12.949+0000][7][gc,age      ] GC(42) - age   1:      68032 bytes,      68032 total
[2025-03-29T23:21:12.949+0000][7][gc,age      ] GC(42) - age   2:      54160 bytes,     122192 total
[2025-03-29T23:21:12.949+0000][7][gc,age      ] GC(42) - age   3:      53664 bytes,     175856 total
[2025-03-29T23:21:12.949+0000][7][gc,age      ] GC(42) - age   4:      54184 bytes,     230040 total
[2025-03-29T23:21:12.949+0000][7][gc,age      ] GC(42) - age   5:      56104 bytes,     286144 total
[2025-03-29T23:21:12.949+0000][7][gc,age      ] GC(42) - age   6:      58496 bytes,     344640 total
[2025-03-29T23:21:12.950+0000][7][gc,age      ] GC(42) - age   7:      54384 bytes,     399024 total
[2025-03-29T23:21:12.950+0000][7][gc,age      ] GC(42) - age   8:      59672 bytes,     458696 total
[2025-03-29T23:21:12.950+0000][7][gc,age      ] GC(42) - age   9:      53440 bytes,     512136 total
[2025-03-29T23:21:12.950+0000][7][gc,age      ] GC(42) - age  10:      58144 bytes,     570280 total
[2025-03-29T23:21:12.950+0000][7][gc,age      ] GC(42) - age  11:      58760 bytes,     629040 total
[2025-03-29T23:21:12.950+0000][7][gc,age      ] GC(42) - age  12:      63224 bytes,     692264 total
[2025-03-29T23:21:12.950+0000][7][gc,age      ] GC(42) - age  13:      57320 bytes,     749584 total
[2025-03-29T23:21:12.950+0000][7][gc,age      ] GC(42) - age  14:      55776 bytes,     805360 total
[2025-03-29T23:21:12.950+0000][7][gc,age      ] GC(42) - age  15:      55488 bytes,     860848 total
[2025-03-29T23:21:12.951+0000][7][gc,phases   ] GC(42)   Pre Evacuate Collection Set: 1.5ms
[2025-03-29T23:21:12.951+0000][7][gc,phases   ] GC(42)   Merge Heap Roots: 1.2ms
[2025-03-29T23:21:12.951+0000][7][gc,phases   ] GC(42)   Evacuate Collection Set: 26.5ms
[2025-03-29T23:21:12.951+0000][7][gc,phases   ] GC(42)   Post Evacuate Collection Set: 8.8ms
[2025-03-29T23:21:12.951+0000][7][gc,phases   ] GC(42)   Other: 4.3ms
[2025-03-29T23:21:12.951+0000][7][gc,heap     ] GC(42) Eden regions: 152->0(152)
[2025-03-29T23:21:12.951+0000][7][gc,heap     ] GC(42) Survivor regions: 1->1(20)
[2025-03-29T23:21:12.951+0000][7][gc,heap     ] GC(42) Old regions: 19->19
[2025-03-29T23:21:12.951+0000][7][gc,heap     ] GC(42) Archive regions: 2->2
[2025-03-29T23:21:12.952+0000][7][gc,heap     ] GC(42) Humongous regions: 2->2
[2025-03-29T23:21:12.952+0000][7][gc,metaspace] GC(42) Metaspace: 107903K(109504K)->107903K(109504K) NonClass: 93131K(94080K)->93131K(94080K) Class: 14772K(15424K)->14772K(15424K)
[2025-03-29T23:21:12.952+0000][7][gc          ] GC(42) Pause Young (Normal) (G1 Evacuation Pause) 695M->87M(1024M) 43.440ms
[2025-03-29T23:21:12.952+0000][7][gc,cpu      ] GC(42) User=0.08s Sys=0.00s Real=0.04s
[2025-03-29T23:21:12.952+0000][7][safepoint   ] Safepoint "G1CollectForAllocation", Time since last: 5837141294 ns, Reaching safepoint: 107250 ns, At safepoint: 44102709 ns, Total: 44209959 ns
[2025-03-29T23:27:26.808+0000][7][safepoint   ] Safepoint "Cleanup", Time since last: 373852802503 ns, Reaching safepoint: 938333 ns, At safepoint: 79167 ns, Total: 1017500 ns
[2025-03-29T23:34:55.968+0000][7][safepoint   ] Safepoint "Cleanup", Time since last: 449118394121 ns, Reaching safepoint: 2353042 ns, At safepoint: 60917 ns, Total: 2413959 ns
[2025-03-29T23:35:08.987+0000][7][safepoint   ] Safepoint "Cleanup", Time since last: 13018678006 ns, Reaching safepoint: 229875 ns, At safepoint: 13833 ns, Total: 243708 ns
[2025-03-29T23:36:07.055+0000][7][safepoint   ] Safepoint "Cleanup", Time since last: 58066844568 ns, Reaching safepoint: 417209 ns, At safepoint: 15666 ns, Total: 432875 ns
[2025-03-29T23:36:30.096+0000][7][safepoint   ] Safepoint "Cleanup", Time since last: 23039254886 ns, Reaching safepoint: 957333 ns, At safepoint: 57167 ns, Total: 1014500 ns
[2025-03-29T23:37:07.150+0000][7][safepoint   ] Safepoint "Cleanup", Time since last: 37053596517 ns, Reaching safepoint: 592625 ns, At safepoint: 29541 ns, Total: 622166 ns
[2025-03-29T23:40:21.533+0000][7][safepoint   ] Safepoint "Cleanup", Time since last: 194378588256 ns, Reaching safepoint: 974791 ns, At safepoint: 39750 ns, Total: 1014541 ns
[2025-03-29T23:43:26.910+0000][7][safepoint   ] Safepoint "Cleanup", Time since last: 185373700918 ns, Reaching safepoint: 826584 ns, At safepoint: 35750 ns, Total: 862334 ns
[2025-03-29T23:49:16.748+0000][7][gc,start    ] GC(43) Pause Young (Normal) (G1 Evacuation Pause)
[2025-03-29T23:49:16.749+0000][7][gc,task     ] GC(43) Using 2 workers of 2 for evacuation
[2025-03-29T23:49:16.750+0000][7][gc,age      ] GC(43) Desired survivor size 41943040 bytes, new threshold 15 (max threshold 15)
[2025-03-29T23:49:16.774+0000][7][gc,age      ] GC(43) Age table with threshold 15 (max threshold 15)
[2025-03-29T23:49:16.774+0000][7][gc,age      ] GC(43) - age   1:      74040 bytes,      74040 total
[2025-03-29T23:49:16.774+0000][7][gc,age      ] GC(43) - age   2:      56016 bytes,     130056 total
[2025-03-29T23:49:16.774+0000][7][gc,age      ] GC(43) - age   3:      53976 bytes,     184032 total
[2025-03-29T23:49:16.775+0000][7][gc,age      ] GC(43) - age   4:      53664 bytes,     237696 total
[2025-03-29T23:49:16.775+0000][7][gc,age      ] GC(43) - age   5:      54184 bytes,     291880 total
[2025-03-29T23:49:16.775+0000][7][gc,age      ] GC(43) - age   6:      56104 bytes,     347984 total
[2025-03-29T23:49:16.775+0000][7][gc,age      ] GC(43) - age   7:      58496 bytes,     406480 total
[2025-03-29T23:49:16.775+0000][7][gc,age      ] GC(43) - age   8:      54384 bytes,     460864 total
[2025-03-29T23:49:16.775+0000][7][gc,age      ] GC(43) - age   9:      59672 bytes,     520536 total
[2025-03-29T23:49:16.775+0000][7][gc,age      ] GC(43) - age  10:      53440 bytes,     573976 total
[2025-03-29T23:49:16.775+0000][7][gc,age      ] GC(43) - age  11:      58144 bytes,     632120 total
[2025-03-29T23:49:16.775+0000][7][gc,age      ] GC(43) - age  12:      58760 bytes,     690880 total
[2025-03-29T23:49:16.775+0000][7][gc,age      ] GC(43) - age  13:      60984 bytes,     751864 total
[2025-03-29T23:49:16.775+0000][7][gc,age      ] GC(43) - age  14:      57320 bytes,     809184 total
[2025-03-29T23:49:16.775+0000][7][gc,age      ] GC(43) - age  15:      55776 bytes,     864960 total
[2025-03-29T23:49:16.775+0000][7][gc,phases   ] GC(43)   Pre Evacuate Collection Set: 1.0ms
[2025-03-29T23:49:16.775+0000][7][gc,phases   ] GC(43)   Merge Heap Roots: 0.3ms
[2025-03-29T23:49:16.775+0000][7][gc,phases   ] GC(43)   Evacuate Collection Set: 17.3ms
[2025-03-29T23:49:16.775+0000][7][gc,phases   ] GC(43)   Post Evacuate Collection Set: 5.3ms
[2025-03-29T23:49:16.775+0000][7][gc,phases   ] GC(43)   Other: 3.2ms
[2025-03-29T23:49:16.775+0000][7][gc,heap     ] GC(43) Eden regions: 152->0(152)
[2025-03-29T23:49:16.775+0000][7][gc,heap     ] GC(43) Survivor regions: 1->1(20)
[2025-03-29T23:49:16.775+0000][7][gc,heap     ] GC(43) Old regions: 19->19
[2025-03-29T23:49:16.775+0000][7][gc,heap     ] GC(43) Archive regions: 2->2
[2025-03-29T23:49:16.775+0000][7][gc,heap     ] GC(43) Humongous regions: 2->2
[2025-03-29T23:49:16.776+0000][7][gc,metaspace] GC(43) Metaspace: 107957K(109568K)->107957K(109568K) NonClass: 93185K(94144K)->93185K(94144K) Class: 14772K(15424K)->14772K(15424K)
[2025-03-29T23:49:16.776+0000][7][gc          ] GC(43) Pause Young (Normal) (G1 Evacuation Pause) 695M->87M(1024M) 27.368ms
[2025-03-29T23:49:16.776+0000][7][gc,cpu      ] GC(43) User=0.04s Sys=0.00s Real=0.02s
[2025-03-29T23:49:16.776+0000][7][safepoint   ] Safepoint "G1CollectForAllocation", Time since last: 349833756826 ns, Reaching safepoint: 559875 ns, At safepoint: 27944125 ns, Total: 28504000 ns
[2025-03-29T23:55:26.587+0000][7][safepoint   ] Safepoint "Cleanup", Time since last: 369804555543 ns, Reaching safepoint: 1080083 ns, At safepoint: 46458 ns, Total: 1126541 ns
[2025-03-29T23:55:57.636+0000][7][safepoint   ] Safepoint "Cleanup", Time since last: 31048111015 ns, Reaching safepoint: 962833 ns, At safepoint: 48375 ns, Total: 1011208 ns
[2025-03-29T23:56:27.680+0000][7][safepoint   ] Safepoint "Cleanup", Time since last: 30041968347 ns, Reaching safepoint: 1492125 ns, At safepoint: 98042 ns, Total: 1590167 ns
[2025-03-30T00:02:27.566+0000][7][safepoint   ] Safepoint "Cleanup", Time since last: 359880228037 ns, Reaching safepoint: 770542 ns, At safepoint: 45292 ns, Total: 815834 ns
[2025-03-30T00:04:36.757+0000][7][safepoint   ] Safepoint "Cleanup", Time since last: 129185642434 ns, Reaching safepoint: 915292 ns, At safepoint: 111208 ns, Total: 1026500 ns
[2025-03-30T00:07:38.313+0000][7][safepoint   ] Safepoint "Cleanup", Time since last: 181552760791 ns, Reaching safepoint: 886958 ns, At safepoint: 49167 ns, Total: 936125 ns
[2025-03-30T00:09:08.458+0000][7][safepoint   ] Safepoint "Cleanup", Time since last: 90142521791 ns, Reaching safepoint: 645583 ns, At safepoint: 22209 ns, Total: 667792 ns
[2025-03-30T00:10:38.592+0000][7][safepoint   ] Safepoint "Cleanup", Time since last: 90130655166 ns, Reaching safepoint: 1763958 ns, At safepoint: 29125 ns, Total: 1793083 ns
[2025-03-30T00:14:38.330+0000][7][safepoint   ] Safepoint "Cleanup", Time since last: 239733943276 ns, Reaching safepoint: 1208375 ns, At safepoint: 61042 ns, Total: 1269417 ns
[2025-03-30T00:43:37.156+0000][7][gc,start    ] GC(44) Pause Young (Normal) (G1 Evacuation Pause)
[2025-03-30T00:43:37.158+0000][7][gc,task     ] GC(44) Using 2 workers of 2 for evacuation
[2025-03-30T00:43:37.158+0000][7][gc,age      ] GC(44) Desired survivor size 41943040 bytes, new threshold 15 (max threshold 15)
[2025-03-30T00:43:37.205+0000][7][gc,age      ] GC(44) Age table with threshold 15 (max threshold 15)
[2025-03-30T00:43:37.205+0000][7][gc,age      ] GC(44) - age   1:      66480 bytes,      66480 total
[2025-03-30T00:43:37.205+0000][7][gc,age      ] GC(44) - age   2:      57680 bytes,     124160 total
[2025-03-30T00:43:37.205+0000][7][gc,age      ] GC(44) - age   3:      56016 bytes,     180176 total
[2025-03-30T00:43:37.205+0000][7][gc,age      ] GC(44) - age   4:      53976 bytes,     234152 total
[2025-03-30T00:43:37.205+0000][7][gc,age      ] GC(44) - age   5:      53664 bytes,     287816 total
[2025-03-30T00:43:37.205+0000][7][gc,age      ] GC(44) - age   6:      54184 bytes,     342000 total
[2025-03-30T00:43:37.205+0000][7][gc,age      ] GC(44) - age   7:      56104 bytes,     398104 total
[2025-03-30T00:43:37.206+0000][7][gc,age      ] GC(44) - age   8:      58496 bytes,     456600 total
[2025-03-30T00:43:37.206+0000][7][gc,age      ] GC(44) - age   9:      54384 bytes,     510984 total
[2025-03-30T00:43:37.206+0000][7][gc,age      ] GC(44) - age  10:      59672 bytes,     570656 total
[2025-03-30T00:43:37.206+0000][7][gc,age      ] GC(44) - age  11:      53440 bytes,     624096 total
[2025-03-30T00:43:37.206+0000][7][gc,age      ] GC(44) - age  12:      58144 bytes,     682240 total
[2025-03-30T00:43:37.206+0000][7][gc,age      ] GC(44) - age  13:      58760 bytes,     741000 total
[2025-03-30T00:43:37.206+0000][7][gc,age      ] GC(44) - age  14:      60984 bytes,     801984 total
[2025-03-30T00:43:37.206+0000][7][gc,age      ] GC(44) - age  15:      57320 bytes,     859304 total
[2025-03-30T00:43:37.206+0000][7][gc,phases   ] GC(44)   Pre Evacuate Collection Set: 1.0ms
[2025-03-30T00:43:37.206+0000][7][gc,phases   ] GC(44)   Merge Heap Roots: 0.3ms
[2025-03-30T00:43:37.207+0000][7][gc,phases   ] GC(44)   Evacuate Collection Set: 32.6ms
[2025-03-30T00:43:37.207+0000][7][gc,phases   ] GC(44)   Post Evacuate Collection Set: 12.5ms
[2025-03-30T00:43:37.207+0000][7][gc,phases   ] GC(44)   Other: 4.4ms
[2025-03-30T00:43:37.207+0000][7][gc,heap     ] GC(44) Eden regions: 152->0(152)
[2025-03-30T00:43:37.207+0000][7][gc,heap     ] GC(44) Survivor regions: 1->1(20)
[2025-03-30T00:43:37.207+0000][7][gc,heap     ] GC(44) Old regions: 19->19
[2025-03-30T00:43:37.207+0000][7][gc,heap     ] GC(44) Archive regions: 2->2
[2025-03-30T00:43:37.207+0000][7][gc,heap     ] GC(44) Humongous regions: 2->2
[2025-03-30T00:43:37.207+0000][7][gc,metaspace] GC(44) Metaspace: 107968K(109568K)->107968K(109568K) NonClass: 93196K(94144K)->93196K(94144K) Class: 14772K(15424K)->14772K(15424K)
[2025-03-30T00:43:37.208+0000][7][gc          ] GC(44) Pause Young (Normal) (G1 Evacuation Pause) 695M->87M(1024M) 51.597ms
[2025-03-30T00:43:37.208+0000][7][gc,cpu      ] GC(44) User=0.09s Sys=0.00s Real=0.06s
[2025-03-30T00:43:37.208+0000][7][safepoint   ] Safepoint "G1CollectForAllocation", Time since last: 162158521031 ns, Reaching safepoint: 1057000 ns, At safepoint: 52492000 ns, Total: 53549000 ns
[2025-03-30T00:46:38.586+0000][7][safepoint   ] Safepoint "Cleanup", Time since last: 181374237542 ns, Reaching safepoint: 1282417 ns, At safepoint: 74375 ns, Total: 1356792 ns
[2025-03-30T00:48:55.796+0000][7][safepoint   ] Safepoint "Cleanup", Time since last: 137206044145 ns, Reaching safepoint: 2269792 ns, At safepoint: 207125 ns, Total: 2476917 ns
[2025-03-30T00:49:16.833+0000][7][safepoint   ] Safepoint "Cleanup", Time since last: 21035941552 ns, Reaching safepoint: 694916 ns, At safepoint: 31167 ns, Total: 726083 ns
[2025-03-30T00:49:55.894+0000][7][safepoint   ] Safepoint "Cleanup", Time since last: 39060051018 ns, Reaching safepoint: 676625 ns, At safepoint: 33750 ns, Total: 710375 ns
[2025-03-30T00:53:00.284+0000][7][safepoint   ] Safepoint "Cleanup", Time since last: 184388561334 ns, Reaching safepoint: 562000 ns, At safepoint: 21375 ns, Total: 583375 ns
[2025-03-30T00:58:25.916+0000][7][safepoint   ] Safepoint "Cleanup", Time since last: 325628115772 ns, Reaching safepoint: 245833 ns, At safepoint: 13792 ns, Total: 259625 ns
[2025-03-30T00:59:56.102+0000][7][safepoint   ] Safepoint "Cleanup", Time since last: 90185405124 ns, Reaching safepoint: 560250 ns, At safepoint: 31542 ns, Total: 591792 ns
[2025-03-30T01:01:26.260+0000][7][safepoint   ] Safepoint "Cleanup", Time since last: 90154499707 ns, Reaching safepoint: 1436084 ns, At safepoint: 72541 ns, Total: 1508625 ns
[2025-03-30T01:02:59.387+0000][7][safepoint   ] Safepoint "Cleanup", Time since last: 93124916418 ns, Reaching safepoint: 1604750 ns, At safepoint: 61708 ns, Total: 1666458 ns
[2025-03-30T01:11:39.666+0000][7][gc,start    ] GC(45) Pause Young (Normal) (G1 Evacuation Pause)
[2025-03-30T01:11:39.668+0000][7][gc,task     ] GC(45) Using 2 workers of 2 for evacuation
[2025-03-30T01:11:39.669+0000][7][gc,age      ] GC(45) Desired survivor size 41943040 bytes, new threshold 15 (max threshold 15)
[2025-03-30T01:11:39.695+0000][7][gc,age      ] GC(45) Age table with threshold 15 (max threshold 15)
[2025-03-30T01:11:39.695+0000][7][gc,age      ] GC(45) - age   1:      66304 bytes,      66304 total
[2025-03-30T01:11:39.695+0000][7][gc,age      ] GC(45) - age   2:      54768 bytes,     121072 total
[2025-03-30T01:11:39.695+0000][7][gc,age      ] GC(45) - age   3:      57296 bytes,     178368 total
[2025-03-30T01:11:39.695+0000][7][gc,age      ] GC(45) - age   4:      56016 bytes,     234384 total
[2025-03-30T01:11:39.696+0000][7][gc,age      ] GC(45) - age   5:      53976 bytes,     288360 total
[2025-03-30T01:11:39.696+0000][7][gc,age      ] GC(45) - age   6:      53664 bytes,     342024 total
[2025-03-30T01:11:39.696+0000][7][gc,age      ] GC(45) - age   7:      54184 bytes,     396208 total
[2025-03-30T01:11:39.696+0000][7][gc,age      ] GC(45) - age   8:      56104 bytes,     452312 total
[2025-03-30T01:11:39.696+0000][7][gc,age      ] GC(45) - age   9:      58496 bytes,     510808 total
[2025-03-30T01:11:39.696+0000][7][gc,age      ] GC(45) - age  10:      54384 bytes,     565192 total
[2025-03-30T01:11:39.696+0000][7][gc,age      ] GC(45) - age  11:      59672 bytes,     624864 total
[2025-03-30T01:11:39.696+0000][7][gc,age      ] GC(45) - age  12:      53440 bytes,     678304 total
[2025-03-30T01:11:39.696+0000][7][gc,age      ] GC(45) - age  13:      58144 bytes,     736448 total
[2025-03-30T01:11:39.696+0000][7][gc,age      ] GC(45) - age  14:      58760 bytes,     795208 total
[2025-03-30T01:11:39.696+0000][7][gc,age      ] GC(45) - age  15:      60984 bytes,     856192 total
[2025-03-30T01:11:39.697+0000][7][gc,phases   ] GC(45)   Pre Evacuate Collection Set: 0.9ms
[2025-03-30T01:11:39.697+0000][7][gc,phases   ] GC(45)   Merge Heap Roots: 1.2ms
[2025-03-30T01:11:39.697+0000][7][gc,phases   ] GC(45)   Evacuate Collection Set: 17.4ms
[2025-03-30T01:11:39.697+0000][7][gc,phases   ] GC(45)   Post Evacuate Collection Set: 6.6ms
[2025-03-30T01:11:39.697+0000][7][gc,phases   ] GC(45)   Other: 5.1ms
[2025-03-30T01:11:39.697+0000][7][gc,heap     ] GC(45) Eden regions: 152->0(152)
[2025-03-30T01:11:39.697+0000][7][gc,heap     ] GC(45) Survivor regions: 1->1(20)
[2025-03-30T01:11:39.697+0000][7][gc,heap     ] GC(45) Old regions: 19->19
[2025-03-30T01:11:39.697+0000][7][gc,heap     ] GC(45) Archive regions: 2->2
[2025-03-30T01:11:39.698+0000][7][gc,heap     ] GC(45) Humongous regions: 2->2
[2025-03-30T01:11:39.698+0000][7][gc,metaspace] GC(45) Metaspace: 107970K(109568K)->107970K(109568K) NonClass: 93198K(94144K)->93198K(94144K) Class: 14772K(15424K)->14772K(15424K)
[2025-03-30T01:11:39.698+0000][7][gc          ] GC(45) Pause Young (Normal) (G1 Evacuation Pause) 695M->87M(1024M) 32.290ms
[2025-03-30T01:11:39.698+0000][7][gc,cpu      ] GC(45) User=0.06s Sys=0.00s Real=0.03s
[2025-03-30T01:11:39.698+0000][7][safepoint   ] Safepoint "G1CollectForAllocation", Time since last: 520294765946 ns, Reaching safepoint: 1807125 ns, At safepoint: 33187208 ns, Total: 34994333 ns
[2025-03-30T01:14:37.793+0000][7][safepoint   ] Safepoint "Cleanup", Time since last: 136166009438 ns, Reaching safepoint: 298500 ns, At safepoint: 15250 ns, Total: 313750 ns
[2025-03-30T01:18:52.156+0000][7][safepoint   ] Safepoint "Cleanup", Time since last: 254362162240 ns, Reaching safepoint: 532959 ns, At safepoint: 15916 ns, Total: 548875 ns
[2025-03-30T01:31:48.530+0000][7][safepoint   ] Safepoint "Cleanup", Time since last: 776371331104 ns, Reaching safepoint: 866709 ns, At safepoint: 24875 ns, Total: 891584 ns
[2025-03-30T01:40:25.304+0000][7][gc,start    ] GC(46) Pause Young (Normal) (G1 Evacuation Pause)
[2025-03-30T01:40:25.306+0000][7][gc,task     ] GC(46) Using 2 workers of 2 for evacuation
[2025-03-30T01:40:25.307+0000][7][gc,age      ] GC(46) Desired survivor size 41943040 bytes, new threshold 15 (max threshold 15)
[2025-03-30T01:40:25.327+0000][7][gc,age      ] GC(46) Age table with threshold 15 (max threshold 15)
[2025-03-30T01:40:25.327+0000][7][gc,age      ] GC(46) - age   1:      66256 bytes,      66256 total
[2025-03-30T01:40:25.327+0000][7][gc,age      ] GC(46) - age   2:      54592 bytes,     120848 total
[2025-03-30T01:40:25.327+0000][7][gc,age      ] GC(46) - age   3:      54568 bytes,     175416 total
[2025-03-30T01:40:25.328+0000][7][gc,age      ] GC(46) - age   4:      57296 bytes,     232712 total
[2025-03-30T01:40:25.328+0000][7][gc,age      ] GC(46) - age   5:      56016 bytes,     288728 total
[2025-03-30T01:40:25.328+0000][7][gc,age      ] GC(46) - age   6:      53976 bytes,     342704 total
[2025-03-30T01:40:25.328+0000][7][gc,age      ] GC(46) - age   7:      53664 bytes,     396368 total
[2025-03-30T01:40:25.328+0000][7][gc,age      ] GC(46) - age   8:      54184 bytes,     450552 total
[2025-03-30T01:40:25.328+0000][7][gc,age      ] GC(46) - age   9:      56104 bytes,     506656 total
[2025-03-30T01:40:25.328+0000][7][gc,age      ] GC(46) - age  10:      58496 bytes,     565152 total
[2025-03-30T01:40:25.328+0000][7][gc,age      ] GC(46) - age  11:      54384 bytes,     619536 total
[2025-03-30T01:40:25.328+0000][7][gc,age      ] GC(46) - age  12:      59672 bytes,     679208 total
[2025-03-30T01:40:25.328+0000][7][gc,age      ] GC(46) - age  13:      53440 bytes,     732648 total
[2025-03-30T01:40:25.328+0000][7][gc,age      ] GC(46) - age  14:      58144 bytes,     790792 total
[2025-03-30T01:40:25.328+0000][7][gc,age      ] GC(46) - age  15:      58760 bytes,     849552 total
[2025-03-30T01:40:25.328+0000][7][gc,phases   ] GC(46)   Pre Evacuate Collection Set: 0.7ms
[2025-03-30T01:40:25.328+0000][7][gc,phases   ] GC(46)   Merge Heap Roots: 0.2ms
[2025-03-30T01:40:25.328+0000][7][gc,phases   ] GC(46)   Evacuate Collection Set: 14.1ms
[2025-03-30T01:40:25.328+0000][7][gc,phases   ] GC(46)   Post Evacuate Collection Set: 5.7ms
[2025-03-30T01:40:25.328+0000][7][gc,phases   ] GC(46)   Other: 3.3ms
[2025-03-30T01:40:25.328+0000][7][gc,heap     ] GC(46) Eden regions: 152->0(152)
[2025-03-30T01:40:25.328+0000][7][gc,heap     ] GC(46) Survivor regions: 1->1(20)
[2025-03-30T01:40:25.328+0000][7][gc,heap     ] GC(46) Old regions: 19->19
[2025-03-30T01:40:25.328+0000][7][gc,heap     ] GC(46) Archive regions: 2->2
[2025-03-30T01:40:25.328+0000][7][gc,heap     ] GC(46) Humongous regions: 2->2
[2025-03-30T01:40:25.329+0000][7][gc,metaspace] GC(46) Metaspace: 107972K(109568K)->107972K(109568K) NonClass: 93199K(94144K)->93199K(94144K) Class: 14772K(15424K)->14772K(15424K)
[2025-03-30T01:40:25.329+0000][7][gc          ] GC(46) Pause Young (Normal) (G1 Evacuation Pause) 695M->87M(1024M) 24.132ms
[2025-03-30T01:40:25.329+0000][7][gc,cpu      ] GC(46) User=0.04s Sys=0.00s Real=0.02s
[2025-03-30T01:40:25.329+0000][7][safepoint   ] Safepoint "G1CollectForAllocation", Time since last: 516771119527 ns, Reaching safepoint: 625125 ns, At safepoint: 24589416 ns, Total: 25214541 ns
[2025-03-30T01:43:08.575+0000][7][safepoint   ] Safepoint "Cleanup", Time since last: 163245366284 ns, Reaching safepoint: 642167 ns, At safepoint: 22125 ns, Total: 664292 ns
[2025-03-30T01:47:08.857+0000][7][safepoint   ] Safepoint "Cleanup", Time since last: 240279057193 ns, Reaching safepoint: 1682625 ns, At safepoint: 57667 ns, Total: 1740292 ns
[2025-03-30T01:48:35.986+0000][7][safepoint   ] Safepoint "Cleanup", Time since last: 87128296998 ns, Reaching safepoint: 508333 ns, At safepoint: 13667 ns, Total: 522000 ns
[2025-03-30T01:48:38.990+0000][7][safepoint   ] Safepoint "Cleanup", Time since last: 3004125001 ns, Reaching safepoint: 148375 ns, At safepoint: 10000 ns, Total: 158375 ns
[2025-03-30T02:08:28.459+0000][7][gc,start    ] GC(47) Pause Young (Normal) (G1 Evacuation Pause)
[2025-03-30T02:08:28.460+0000][7][gc,task     ] GC(47) Using 2 workers of 2 for evacuation
[2025-03-30T02:08:28.461+0000][7][gc,age      ] GC(47) Desired survivor size 41943040 bytes, new threshold 15 (max threshold 15)
[2025-03-30T02:08:28.484+0000][7][gc,age      ] GC(47) Age table with threshold 15 (max threshold 15)
[2025-03-30T02:08:28.484+0000][7][gc,age      ] GC(47) - age   1:      65024 bytes,      65024 total
[2025-03-30T02:08:28.484+0000][7][gc,age      ] GC(47) - age   2:      54512 bytes,     119536 total
[2025-03-30T02:08:28.484+0000][7][gc,age      ] GC(47) - age   3:      54408 bytes,     173944 total
[2025-03-30T02:08:28.484+0000][7][gc,age      ] GC(47) - age   4:      54568 bytes,     228512 total
[2025-03-30T02:08:28.484+0000][7][gc,age      ] GC(47) - age   5:      57296 bytes,     285808 total
[2025-03-30T02:08:28.484+0000][7][gc,age      ] GC(47) - age   6:      56016 bytes,     341824 total
[2025-03-30T02:08:28.484+0000][7][gc,age      ] GC(47) - age   7:      53976 bytes,     395800 total
[2025-03-30T02:08:28.485+0000][7][gc,age      ] GC(47) - age   8:      53664 bytes,     449464 total
[2025-03-30T02:08:28.485+0000][7][gc,age      ] GC(47) - age   9:      54184 bytes,     503648 total
[2025-03-30T02:08:28.485+0000][7][gc,age      ] GC(47) - age  10:      56104 bytes,     559752 total
[2025-03-30T02:08:28.485+0000][7][gc,age      ] GC(47) - age  11:      58496 bytes,     618248 total
[2025-03-30T02:08:28.485+0000][7][gc,age      ] GC(47) - age  12:      54384 bytes,     672632 total
[2025-03-30T02:08:28.485+0000][7][gc,age      ] GC(47) - age  13:      59672 bytes,     732304 total
[2025-03-30T02:08:28.485+0000][7][gc,age      ] GC(47) - age  14:      53440 bytes,     785744 total
[2025-03-30T02:08:28.485+0000][7][gc,age      ] GC(47) - age  15:      58144 bytes,     843888 total
[2025-03-30T02:08:28.485+0000][7][gc,phases   ] GC(47)   Pre Evacuate Collection Set: 0.8ms
[2025-03-30T02:08:28.485+0000][7][gc,phases   ] GC(47)   Merge Heap Roots: 0.3ms
[2025-03-30T02:08:28.485+0000][7][gc,phases   ] GC(47)   Evacuate Collection Set: 16.5ms
[2025-03-30T02:08:28.485+0000][7][gc,phases   ] GC(47)   Post Evacuate Collection Set: 5.1ms
[2025-03-30T02:08:28.485+0000][7][gc,phases   ] GC(47)   Other: 4.0ms
[2025-03-30T02:08:28.485+0000][7][gc,heap     ] GC(47) Eden regions: 152->0(152)
[2025-03-30T02:08:28.486+0000][7][gc,heap     ] GC(47) Survivor regions: 1->1(20)
[2025-03-30T02:08:28.486+0000][7][gc,heap     ] GC(47) Old regions: 19->19
[2025-03-30T02:08:28.486+0000][7][gc,heap     ] GC(47) Archive regions: 2->2
[2025-03-30T02:08:28.486+0000][7][gc,heap     ] GC(47) Humongous regions: 2->2
[2025-03-30T02:08:28.486+0000][7][gc,metaspace] GC(47) Metaspace: 107972K(109568K)->107972K(109568K) NonClass: 93200K(94144K)->93200K(94144K) Class: 14772K(15424K)->14772K(15424K)
[2025-03-30T02:08:28.486+0000][7][gc          ] GC(47) Pause Young (Normal) (G1 Evacuation Pause) 695M->87M(1024M) 27.365ms
[2025-03-30T02:08:28.486+0000][7][gc,cpu      ] GC(47) User=0.05s Sys=0.00s Real=0.03s
[2025-03-30T02:08:28.486+0000][7][safepoint   ] Safepoint "G1CollectForAllocation", Time since last: 1189499277208 ns, Reaching safepoint: 539709 ns, At safepoint: 27938083 ns, Total: 28477792 ns
[2025-03-30T02:12:39.788+0000][7][safepoint   ] Safepoint "Cleanup", Time since last: 251301902656 ns, Reaching safepoint: 945917 ns, At safepoint: 36167 ns, Total: 982084 ns
[2025-03-30T02:27:10.535+0000][7][safepoint   ] Safepoint "Cleanup", Time since last: 870756830438 ns, Reaching safepoint: 1260500 ns, At safepoint: 52833 ns, Total: 1313333 ns
[2025-03-30T02:36:30.629+0000][7][gc,start    ] GC(48) Pause Young (Normal) (G1 Evacuation Pause)
[2025-03-30T02:36:30.631+0000][7][gc,task     ] GC(48) Using 2 workers of 2 for evacuation
[2025-03-30T02:36:30.631+0000][7][gc,age      ] GC(48) Desired survivor size 41943040 bytes, new threshold 15 (max threshold 15)
[2025-03-30T02:36:30.657+0000][7][gc,age      ] GC(48) Age table with threshold 15 (max threshold 15)
[2025-03-30T02:36:30.657+0000][7][gc,age      ] GC(48) - age   1:      65368 bytes,      65368 total
[2025-03-30T02:36:30.657+0000][7][gc,age      ] GC(48) - age   2:      53624 bytes,     118992 total
[2025-03-30T02:36:30.657+0000][7][gc,age      ] GC(48) - age   3:      53912 bytes,     172904 total
[2025-03-30T02:36:30.657+0000][7][gc,age      ] GC(48) - age   4:      54408 bytes,     227312 total
[2025-03-30T02:36:30.657+0000][7][gc,age      ] GC(48) - age   5:      54568 bytes,     281880 total
[2025-03-30T02:36:30.657+0000][7][gc,age      ] GC(48) - age   6:      57296 bytes,     339176 total
[2025-03-30T02:36:30.657+0000][7][gc,age      ] GC(48) - age   7:      56016 bytes,     395192 total
[2025-03-30T02:36:30.657+0000][7][gc,age      ] GC(48) - age   8:      53976 bytes,     449168 total
[2025-03-30T02:36:30.657+0000][7][gc,age      ] GC(48) - age   9:      53664 bytes,     502832 total
[2025-03-30T02:36:30.657+0000][7][gc,age      ] GC(48) - age  10:      54184 bytes,     557016 total
[2025-03-30T02:36:30.657+0000][7][gc,age      ] GC(48) - age  11:      56104 bytes,     613120 total
[2025-03-30T02:36:30.657+0000][7][gc,age      ] GC(48) - age  12:      58496 bytes,     671616 total
[2025-03-30T02:36:30.657+0000][7][gc,age      ] GC(48) - age  13:      54384 bytes,     726000 total
[2025-03-30T02:36:30.657+0000][7][gc,age      ] GC(48) - age  14:      59672 bytes,     785672 total
[2025-03-30T02:36:30.657+0000][7][gc,age      ] GC(48) - age  15:      53440 bytes,     839112 total
[2025-03-30T02:36:30.657+0000][7][gc,phases   ] GC(48)   Pre Evacuate Collection Set: 0.7ms
[2025-03-30T02:36:30.657+0000][7][gc,phases   ] GC(48)   Merge Heap Roots: 0.4ms
[2025-03-30T02:36:30.657+0000][7][gc,phases   ] GC(48)   Evacuate Collection Set: 20.4ms
[2025-03-30T02:36:30.658+0000][7][gc,phases   ] GC(48)   Post Evacuate Collection Set: 3.9ms
[2025-03-30T02:36:30.658+0000][7][gc,phases   ] GC(48)   Other: 3.3ms
[2025-03-30T02:36:30.658+0000][7][gc,heap     ] GC(48) Eden regions: 152->0(152)
[2025-03-30T02:36:30.658+0000][7][gc,heap     ] GC(48) Survivor regions: 1->1(20)
[2025-03-30T02:36:30.658+0000][7][gc,heap     ] GC(48) Old regions: 19->19
[2025-03-30T02:36:30.658+0000][7][gc,heap     ] GC(48) Archive regions: 2->2
[2025-03-30T02:36:30.658+0000][7][gc,heap     ] GC(48) Humongous regions: 2->2
[2025-03-30T02:36:30.658+0000][7][gc,metaspace] GC(48) Metaspace: 107972K(109568K)->107972K(109568K) NonClass: 93200K(94144K)->93200K(94144K) Class: 14772K(15424K)->14772K(15424K)
[2025-03-30T02:36:30.658+0000][7][gc          ] GC(48) Pause Young (Normal) (G1 Evacuation Pause) 695M->87M(1024M) 28.865ms
[2025-03-30T02:36:30.658+0000][7][gc,cpu      ] GC(48) User=0.05s Sys=0.00s Real=0.03s
[2025-03-30T02:36:30.658+0000][7][safepoint   ] Safepoint "G1CollectForAllocation", Time since last: 560097747671 ns, Reaching safepoint: 421291 ns, At safepoint: 29386542 ns, Total: 29807833 ns
[2025-03-30T02:42:10.259+0000][7][safepoint   ] Safepoint "Cleanup", Time since last: 339601910863 ns, Reaching safepoint: 801500 ns, At safepoint: 51375 ns, Total: 852875 ns
[2025-03-30T02:44:58.485+0000][7][safepoint   ] Safepoint "Cleanup", Time since last: 168226646410 ns, Reaching safepoint: 753500 ns, At safepoint: 44542 ns, Total: 798042 ns
[2025-03-30T02:48:50.954+0000][7][safepoint   ] Safepoint "Cleanup", Time since last: 232427350857 ns, Reaching safepoint: 996458 ns, At safepoint: 45833 ns, Total: 1042291 ns
[2025-03-30T03:00:41.445+0000][7][safepoint   ] Safepoint "Cleanup", Time since last: 710485800406 ns, Reaching safepoint: 2105167 ns, At safepoint: 48541 ns, Total: 2153708 ns
[2025-03-30T03:04:35.915+0000][7][gc,start    ] GC(49) Pause Young (Normal) (G1 Evacuation Pause)
[2025-03-30T03:04:35.917+0000][7][gc,task     ] GC(49) Using 2 workers of 2 for evacuation
[2025-03-30T03:04:35.919+0000][7][gc,age      ] GC(49) Desired survivor size 41943040 bytes, new threshold 15 (max threshold 15)
[2025-03-30T03:04:35.973+0000][7][gc,age      ] GC(49) Age table with threshold 15 (max threshold 15)
[2025-03-30T03:04:35.973+0000][7][gc,age      ] GC(49) - age   1:      66848 bytes,      66848 total
[2025-03-30T03:04:35.973+0000][7][gc,age      ] GC(49) - age   2:      53648 bytes,     120496 total
[2025-03-30T03:04:35.973+0000][7][gc,age      ] GC(49) - age   3:      53624 bytes,     174120 total
[2025-03-30T03:04:35.973+0000][7][gc,age      ] GC(49) - age   4:      53912 bytes,     228032 total
[2025-03-30T03:04:35.974+0000][7][gc,age      ] GC(49) - age   5:      54408 bytes,     282440 total
[2025-03-30T03:04:35.974+0000][7][gc,age      ] GC(49) - age   6:      54568 bytes,     337008 total
[2025-03-30T03:04:35.974+0000][7][gc,age      ] GC(49) - age   7:      57296 bytes,     394304 total
[2025-03-30T03:04:35.974+0000][7][gc,age      ] GC(49) - age   8:      56016 bytes,     450320 total
[2025-03-30T03:04:35.974+0000][7][gc,age      ] GC(49) - age   9:      53976 bytes,     504296 total
[2025-03-30T03:04:35.974+0000][7][gc,age      ] GC(49) - age  10:      53664 bytes,     557960 total
[2025-03-30T03:04:35.974+0000][7][gc,age      ] GC(49) - age  11:      54184 bytes,     612144 total
[2025-03-30T03:04:35.974+0000][7][gc,age      ] GC(49) - age  12:      56104 bytes,     668248 total
[2025-03-30T03:04:35.974+0000][7][gc,age      ] GC(49) - age  13:      58496 bytes,     726744 total
[2025-03-30T03:04:35.975+0000][7][gc,age      ] GC(49) - age  14:      54384 bytes,     781128 total
[2025-03-30T03:04:35.975+0000][7][gc,age      ] GC(49) - age  15:      59672 bytes,     840800 total
[2025-03-30T03:04:35.975+0000][7][gc,phases   ] GC(49)   Pre Evacuate Collection Set: 1.9ms
[2025-03-30T03:04:35.975+0000][7][gc,phases   ] GC(49)   Merge Heap Roots: 0.9ms
[2025-03-30T03:04:35.975+0000][7][gc,phases   ] GC(49)   Evacuate Collection Set: 41.6ms
[2025-03-30T03:04:35.976+0000][7][gc,phases   ] GC(49)   Post Evacuate Collection Set: 10.3ms
[2025-03-30T03:04:35.976+0000][7][gc,phases   ] GC(49)   Other: 6.0ms
[2025-03-30T03:04:35.976+0000][7][gc,heap     ] GC(49) Eden regions: 152->0(152)
[2025-03-30T03:04:35.976+0000][7][gc,heap     ] GC(49) Survivor regions: 1->1(20)
[2025-03-30T03:04:35.976+0000][7][gc,heap     ] GC(49) Old regions: 19->19
[2025-03-30T03:04:35.976+0000][7][gc,heap     ] GC(49) Archive regions: 2->2
[2025-03-30T03:04:35.976+0000][7][gc,heap     ] GC(49) Humongous regions: 2->2
[2025-03-30T03:04:35.976+0000][7][gc,metaspace] GC(49) Metaspace: 107994K(109568K)->107994K(109568K) NonClass: 93220K(94144K)->93220K(94144K) Class: 14774K(15424K)->14774K(15424K)
[2025-03-30T03:04:35.976+0000][7][gc          ] GC(49) Pause Young (Normal) (G1 Evacuation Pause) 695M->87M(1024M) 61.154ms
[2025-03-30T03:04:35.976+0000][7][gc,cpu      ] GC(49) User=0.11s Sys=0.00s Real=0.06s
[2025-03-30T03:04:35.977+0000][7][safepoint   ] Safepoint "G1CollectForAllocation", Time since last: 234466991941 ns, Reaching safepoint: 1184458 ns, At safepoint: 62350542 ns, Total: 63535000 ns
[2025-03-30T03:23:00.015+0000][7][safepoint   ] Safepoint "Cleanup", Time since last: 1104020557670 ns, Reaching safepoint: 462917 ns, At safepoint: 22625 ns, Total: 485542 ns
[2025-03-30T03:24:42.143+0000][7][safepoint   ] Safepoint "Cleanup", Time since last: 102125325796 ns, Reaching safepoint: 1070834 ns, At safepoint: 69958 ns, Total: 1140792 ns
[2025-03-30T03:32:35.753+0000][7][gc,start    ] GC(50) Pause Young (Normal) (G1 Evacuation Pause)
[2025-03-30T03:32:35.755+0000][7][gc,task     ] GC(50) Using 2 workers of 2 for evacuation
[2025-03-30T03:32:35.756+0000][7][gc,age      ] GC(50) Desired survivor size 41943040 bytes, new threshold 15 (max threshold 15)
[2025-03-30T03:32:35.796+0000][7][gc,age      ] GC(50) Age table with threshold 15 (max threshold 15)
[2025-03-30T03:32:35.796+0000][7][gc,age      ] GC(50) - age   1:      66280 bytes,      66280 total
[2025-03-30T03:32:35.796+0000][7][gc,age      ] GC(50) - age   2:      55152 bytes,     121432 total
[2025-03-30T03:32:35.796+0000][7][gc,age      ] GC(50) - age   3:      53448 bytes,     174880 total
[2025-03-30T03:32:35.796+0000][7][gc,age      ] GC(50) - age   4:      53440 bytes,     228320 total
[2025-03-30T03:32:35.796+0000][7][gc,age      ] GC(50) - age   5:      53824 bytes,     282144 total
[2025-03-30T03:32:35.796+0000][7][gc,age      ] GC(50) - age   6:      54408 bytes,     336552 total
[2025-03-30T03:32:35.796+0000][7][gc,age      ] GC(50) - age   7:      54568 bytes,     391120 total
[2025-03-30T03:32:35.796+0000][7][gc,age      ] GC(50) - age   8:      57296 bytes,     448416 total
[2025-03-30T03:32:35.796+0000][7][gc,age      ] GC(50) - age   9:      56016 bytes,     504432 total
[2025-03-30T03:32:35.796+0000][7][gc,age      ] GC(50) - age  10:      53976 bytes,     558408 total
[2025-03-30T03:32:35.796+0000][7][gc,age      ] GC(50) - age  11:      53664 bytes,     612072 total
[2025-03-30T03:32:35.796+0000][7][gc,age      ] GC(50) - age  12:      54184 bytes,     666256 total
[2025-03-30T03:32:35.796+0000][7][gc,age      ] GC(50) - age  13:      56104 bytes,     722360 total
[2025-03-30T03:32:35.796+0000][7][gc,age      ] GC(50) - age  14:      58496 bytes,     780856 total
[2025-03-30T03:32:35.796+0000][7][gc,age      ] GC(50) - age  15:      54384 bytes,     835240 total
[2025-03-30T03:32:35.797+0000][7][gc,phases   ] GC(50)   Pre Evacuate Collection Set: 1.3ms
[2025-03-30T03:32:35.797+0000][7][gc,phases   ] GC(50)   Merge Heap Roots: 1.4ms
[2025-03-30T03:32:35.797+0000][7][gc,phases   ] GC(50)   Evacuate Collection Set: 26.4ms
[2025-03-30T03:32:35.797+0000][7][gc,phases   ] GC(50)   Post Evacuate Collection Set: 10.3ms
[2025-03-30T03:32:35.797+0000][7][gc,phases   ] GC(50)   Other: 4.4ms
[2025-03-30T03:32:35.797+0000][7][gc,heap     ] GC(50) Eden regions: 152->0(152)
[2025-03-30T03:32:35.797+0000][7][gc,heap     ] GC(50) Survivor regions: 1->1(20)
[2025-03-30T03:32:35.797+0000][7][gc,heap     ] GC(50) Old regions: 19->19
[2025-03-30T03:32:35.797+0000][7][gc,heap     ] GC(50) Archive regions: 2->2
[2025-03-30T03:32:35.797+0000][7][gc,heap     ] GC(50) Humongous regions: 2->2
[2025-03-30T03:32:35.797+0000][7][gc,metaspace] GC(50) Metaspace: 107996K(109568K)->107996K(109568K) NonClass: 93221K(94144K)->93221K(94144K) Class: 14774K(15424K)->14774K(15424K)
[2025-03-30T03:32:35.797+0000][7][gc          ] GC(50) Pause Young (Normal) (G1 Evacuation Pause) 695M->87M(1024M) 43.804ms
[2025-03-30T03:32:35.797+0000][7][gc,cpu      ] GC(50) User=0.08s Sys=0.00s Real=0.04s
[2025-03-30T03:32:35.797+0000][7][safepoint   ] Safepoint "G1CollectForAllocation", Time since last: 473605075923 ns, Reaching safepoint: 663625 ns, At safepoint: 44545250 ns, Total: 45208875 ns
[2025-03-30T03:34:16.913+0000][7][safepoint   ] Safepoint "Cleanup", Time since last: 101113787713 ns, Reaching safepoint: 1057125 ns, At safepoint: 68500 ns, Total: 1125625 ns
[2025-03-30T03:38:48.336+0000][7][safepoint   ] Safepoint "Cleanup", Time since last: 271419109749 ns, Reaching safepoint: 1138792 ns, At safepoint: 86208 ns, Total: 1225000 ns
[2025-03-30T03:40:09.440+0000][7][safepoint   ] Safepoint "Cleanup", Time since last: 81101033287 ns, Reaching safepoint: 1640583 ns, At safepoint: 34084 ns, Total: 1674667 ns
[2025-03-30T03:40:59.496+0000][7][safepoint   ] Safepoint "Cleanup", Time since last: 50055612522 ns, Reaching safepoint: 421750 ns, At safepoint: 26250 ns, Total: 448000 ns
[2025-03-30T03:48:23.283+0000][7][safepoint   ] Safepoint "Cleanup", Time since last: 443787072202 ns, Reaching safepoint: 1253917 ns, At safepoint: 46250 ns, Total: 1300167 ns
[2025-03-30T03:49:33.370+0000][7][safepoint   ] Safepoint "Cleanup", Time since last: 70086267616 ns, Reaching safepoint: 677958 ns, At safepoint: 28458 ns, Total: 706416 ns
[2025-03-30T05:52:27.894+0000][7][safepoint   ] Safepoint "Cleanup", Time since last: 174302658121 ns, Reaching safepoint: 1122917 ns, At safepoint: 75167 ns, Total: 1198084 ns
[2025-03-30T10:15:15.997+0000][7][safepoint   ] Safepoint "Cleanup", Time since last: 109670293175 ns, Reaching safepoint: 3824833 ns, At safepoint: 69875 ns, Total: 3894708 ns
[2025-03-30T12:03:36.930+0000][7][safepoint   ] Safepoint "Cleanup", Time since last: 40294497017 ns, Reaching safepoint: 2774667 ns, At safepoint: 20083 ns, Total: 2794750 ns
[2025-03-30T13:15:59.399+0000][7][safepoint   ] Safepoint "Cleanup", Time since last: 75105459367 ns, Reaching safepoint: 1270375 ns, At safepoint: 67209 ns, Total: 1337584 ns
[2025-03-30T13:20:26.251+0000][7][gc,start    ] GC(51) Pause Young (Normal) (G1 Evacuation Pause)
[2025-03-30T13:20:26.253+0000][7][gc,task     ] GC(51) Using 2 workers of 2 for evacuation
[2025-03-30T13:20:26.253+0000][7][gc,age      ] GC(51) Desired survivor size 41943040 bytes, new threshold 15 (max threshold 15)
[2025-03-30T13:20:26.298+0000][7][gc,age      ] GC(51) Age table with threshold 15 (max threshold 15)
[2025-03-30T13:20:26.298+0000][7][gc,age      ] GC(51) - age   1:      69040 bytes,      69040 total
[2025-03-30T13:20:26.298+0000][7][gc,age      ] GC(51) - age   2:      54696 bytes,     123736 total
[2025-03-30T13:20:26.298+0000][7][gc,age      ] GC(51) - age   3:      54952 bytes,     178688 total
[2025-03-30T13:20:26.298+0000][7][gc,age      ] GC(51) - age   4:      53448 bytes,     232136 total
[2025-03-30T13:20:26.298+0000][7][gc,age      ] GC(51) - age   5:      53440 bytes,     285576 total
[2025-03-30T13:20:26.298+0000][7][gc,age      ] GC(51) - age   6:      53824 bytes,     339400 total
[2025-03-30T13:20:26.298+0000][7][gc,age      ] GC(51) - age   7:      54408 bytes,     393808 total
[2025-03-30T13:20:26.298+0000][7][gc,age      ] GC(51) - age   8:      54568 bytes,     448376 total
[2025-03-30T13:20:26.298+0000][7][gc,age      ] GC(51) - age   9:      55056 bytes,     503432 total
[2025-03-30T13:20:26.298+0000][7][gc,age      ] GC(51) - age  10:      56016 bytes,     559448 total
[2025-03-30T13:20:26.298+0000][7][gc,age      ] GC(51) - age  11:      53976 bytes,     613424 total
[2025-03-30T13:20:26.299+0000][7][gc,age      ] GC(51) - age  12:      53664 bytes,     667088 total
[2025-03-30T13:20:26.299+0000][7][gc,age      ] GC(51) - age  13:      54184 bytes,     721272 total
[2025-03-30T13:20:26.299+0000][7][gc,age      ] GC(51) - age  14:      56104 bytes,     777376 total
[2025-03-30T13:20:26.299+0000][7][gc,age      ] GC(51) - age  15:      58496 bytes,     835872 total
[2025-03-30T13:20:26.299+0000][7][gc,phases   ] GC(51)   Pre Evacuate Collection Set: 1.4ms
[2025-03-30T13:20:26.299+0000][7][gc,phases   ] GC(51)   Merge Heap Roots: 0.4ms
[2025-03-30T13:20:26.299+0000][7][gc,phases   ] GC(51)   Evacuate Collection Set: 33.9ms
[2025-03-30T13:20:26.299+0000][7][gc,phases   ] GC(51)   Post Evacuate Collection Set: 8.9ms
[2025-03-30T13:20:26.299+0000][7][gc,phases   ] GC(51)   Other: 4.5ms
[2025-03-30T13:20:26.299+0000][7][gc,heap     ] GC(51) Eden regions: 152->0(152)
[2025-03-30T13:20:26.299+0000][7][gc,heap     ] GC(51) Survivor regions: 1->1(20)
[2025-03-30T13:20:26.300+0000][7][gc,heap     ] GC(51) Old regions: 19->19
[2025-03-30T13:20:26.300+0000][7][gc,heap     ] GC(51) Archive regions: 2->2
[2025-03-30T13:20:26.300+0000][7][gc,heap     ] GC(51) Humongous regions: 2->2
[2025-03-30T13:20:26.300+0000][7][gc,metaspace] GC(51) Metaspace: 108000K(109568K)->108000K(109568K) NonClass: 93225K(94144K)->93225K(94144K) Class: 14774K(15424K)->14774K(15424K)
[2025-03-30T13:20:26.300+0000][7][gc          ] GC(51) Pause Young (Normal) (G1 Evacuation Pause) 695M->87M(1024M) 48.938ms
[2025-03-30T13:20:26.300+0000][7][gc,cpu      ] GC(51) User=0.09s Sys=0.00s Real=0.05s
[2025-03-30T13:20:26.300+0000][7][safepoint   ] Safepoint "G1CollectForAllocation", Time since last: 266848809204 ns, Reaching safepoint: 1160709 ns, At safepoint: 50266500 ns, Total: 51427209 ns
[2025-03-30T13:21:59.396+0000][7][safepoint   ] Safepoint "Cleanup", Time since last: 93095290542 ns, Reaching safepoint: 1032166 ns, At safepoint: 45875 ns, Total: 1078041 ns
[2025-03-30T13:24:29.573+0000][7][safepoint   ] Safepoint "Cleanup", Time since last: 150175720651 ns, Reaching safepoint: 894625 ns, At safepoint: 53375 ns, Total: 948000 ns
[2025-03-30T13:27:00.746+0000][7][safepoint   ] Safepoint "Cleanup", Time since last: 151172593444 ns, Reaching safepoint: 577709 ns, At safepoint: 19666 ns, Total: 597375 ns
[2025-03-30T13:30:33.136+0000][7][safepoint   ] Safepoint "Cleanup", Time since last: 212389721014 ns, Reaching safepoint: 945875 ns, At safepoint: 37167 ns, Total: 983042 ns
[2025-03-30T13:43:50.594+0000][7][safepoint   ] Safepoint "Cleanup", Time since last: 797475189989 ns, Reaching safepoint: 479292 ns, At safepoint: 15666 ns, Total: 494958 ns
[2025-03-30T13:44:49.660+0000][7][safepoint   ] Safepoint "Cleanup", Time since last: 59065676777 ns, Reaching safepoint: 617083 ns, At safepoint: 34000 ns, Total: 651083 ns
[2025-03-30T13:48:02.009+0000][7][safepoint   ] Safepoint "Cleanup", Time since last: 192348857297 ns, Reaching safepoint: 702041 ns, At safepoint: 28667 ns, Total: 730708 ns
[2025-03-30T13:48:30.054+0000][7][gc,start    ] GC(52) Pause Young (Normal) (G1 Evacuation Pause)
[2025-03-30T13:48:30.056+0000][7][gc,task     ] GC(52) Using 2 workers of 2 for evacuation
[2025-03-30T13:48:30.056+0000][7][gc,age      ] GC(52) Desired survivor size 41943040 bytes, new threshold 15 (max threshold 15)
[2025-03-30T13:48:30.088+0000][7][gc,age      ] GC(52) Age table with threshold 15 (max threshold 15)
[2025-03-30T13:48:30.088+0000][7][gc,age      ] GC(52) - age   1:      78960 bytes,      78960 total
[2025-03-30T13:48:30.088+0000][7][gc,age      ] GC(52) - age   2:      56680 bytes,     135640 total
[2025-03-30T13:48:30.088+0000][7][gc,age      ] GC(52) - age   3:      54312 bytes,     189952 total
[2025-03-30T13:48:30.088+0000][7][gc,age      ] GC(52) - age   4:      54952 bytes,     244904 total
[2025-03-30T13:48:30.088+0000][7][gc,age      ] GC(52) - age   5:      53448 bytes,     298352 total
[2025-03-30T13:48:30.088+0000][7][gc,age      ] GC(52) - age   6:      53440 bytes,     351792 total
[2025-03-30T13:48:30.088+0000][7][gc,age      ] GC(52) - age   7:      53824 bytes,     405616 total
[2025-03-30T13:48:30.088+0000][7][gc,age      ] GC(52) - age   8:      54408 bytes,     460024 total
[2025-03-30T13:48:30.088+0000][7][gc,age      ] GC(52) - age   9:      54568 bytes,     514592 total
[2025-03-30T13:48:30.089+0000][7][gc,age      ] GC(52) - age  10:      55056 bytes,     569648 total
[2025-03-30T13:48:30.089+0000][7][gc,age      ] GC(52) - age  11:      56016 bytes,     625664 total
[2025-03-30T13:48:30.089+0000][7][gc,age      ] GC(52) - age  12:      53976 bytes,     679640 total
[2025-03-30T13:48:30.089+0000][7][gc,age      ] GC(52) - age  13:      53664 bytes,     733304 total
[2025-03-30T13:48:30.089+0000][7][gc,age      ] GC(52) - age  14:      54184 bytes,     787488 total
[2025-03-30T13:48:30.089+0000][7][gc,age      ] GC(52) - age  15:      56104 bytes,     843592 total
[2025-03-30T13:48:30.089+0000][7][gc,phases   ] GC(52)   Pre Evacuate Collection Set: 1.1ms
[2025-03-30T13:48:30.089+0000][7][gc,phases   ] GC(52)   Merge Heap Roots: 0.3ms
[2025-03-30T13:48:30.089+0000][7][gc,phases   ] GC(52)   Evacuate Collection Set: 22.7ms
[2025-03-30T13:48:30.089+0000][7][gc,phases   ] GC(52)   Post Evacuate Collection Set: 7.5ms
[2025-03-30T13:48:30.089+0000][7][gc,phases   ] GC(52)   Other: 4.1ms
[2025-03-30T13:48:30.089+0000][7][gc,heap     ] GC(52) Eden regions: 152->0(152)
[2025-03-30T13:48:30.089+0000][7][gc,heap     ] GC(52) Survivor regions: 1->1(20)
[2025-03-30T13:48:30.089+0000][7][gc,heap     ] GC(52) Old regions: 19->19
[2025-03-30T13:48:30.089+0000][7][gc,heap     ] GC(52) Archive regions: 2->2
[2025-03-30T13:48:30.089+0000][7][gc,heap     ] GC(52) Humongous regions: 2->2
[2025-03-30T13:48:30.089+0000][7][gc,metaspace] GC(52) Metaspace: 108021K(109568K)->108021K(109568K) NonClass: 93244K(94144K)->93244K(94144K) Class: 14776K(15424K)->14776K(15424K)
[2025-03-30T13:48:30.090+0000][7][gc          ] GC(52) Pause Young (Normal) (G1 Evacuation Pause) 695M->87M(1024M) 35.752ms
[2025-03-30T13:48:30.090+0000][7][gc,cpu      ] GC(52) User=0.06s Sys=0.00s Real=0.03s
[2025-03-30T13:48:30.090+0000][7][safepoint   ] Safepoint "G1CollectForAllocation", Time since last: 28043965096 ns, Reaching safepoint: 318583 ns, At safepoint: 36649334 ns, Total: 36967917 ns
[2025-03-30T14:02:59.577+0000][7][safepoint   ] Safepoint "Cleanup", Time since last: 869491872435 ns, Reaching safepoint: 460125 ns, At safepoint: 18541 ns, Total: 478666 ns
[2025-03-30T14:34:59.369+0000][7][safepoint   ] Safepoint "Cleanup", Time since last: 600522139398 ns, Reaching safepoint: 941542 ns, At safepoint: 40500 ns, Total: 982042 ns
[2025-03-30T14:38:35.754+0000][7][gc,start    ] GC(53) Pause Young (Normal) (G1 Evacuation Pause)
[2025-03-30T14:38:35.755+0000][7][gc,task     ] GC(53) Using 2 workers of 2 for evacuation
[2025-03-30T14:38:35.755+0000][7][gc,age      ] GC(53) Desired survivor size 41943040 bytes, new threshold 15 (max threshold 15)
[2025-03-30T14:38:35.771+0000][7][gc,age      ] GC(53) Age table with threshold 15 (max threshold 15)
[2025-03-30T14:38:35.771+0000][7][gc,age      ] GC(53) - age   1:      71976 bytes,      71976 total
[2025-03-30T14:38:35.771+0000][7][gc,age      ] GC(53) - age   2:      59072 bytes,     131048 total
[2025-03-30T14:38:35.771+0000][7][gc,age      ] GC(53) - age   3:      56680 bytes,     187728 total
[2025-03-30T14:38:35.771+0000][7][gc,age      ] GC(53) - age   4:      54312 bytes,     242040 total
[2025-03-30T14:38:35.771+0000][7][gc,age      ] GC(53) - age   5:      54952 bytes,     296992 total
[2025-03-30T14:38:35.771+0000][7][gc,age      ] GC(53) - age   6:      53448 bytes,     350440 total
[2025-03-30T14:38:35.772+0000][7][gc,age      ] GC(53) - age   7:      53440 bytes,     403880 total
[2025-03-30T14:38:35.772+0000][7][gc,age      ] GC(53) - age   8:      53824 bytes,     457704 total
[2025-03-30T14:38:35.772+0000][7][gc,age      ] GC(53) - age   9:      54408 bytes,     512112 total
[2025-03-30T14:38:35.772+0000][7][gc,age      ] GC(53) - age  10:      54568 bytes,     566680 total
[2025-03-30T14:38:35.772+0000][7][gc,age      ] GC(53) - age  11:      55056 bytes,     621736 total
[2025-03-30T14:38:35.772+0000][7][gc,age      ] GC(53) - age  12:      56016 bytes,     677752 total
[2025-03-30T14:38:35.772+0000][7][gc,age      ] GC(53) - age  13:      53976 bytes,     731728 total
[2025-03-30T14:38:35.772+0000][7][gc,age      ] GC(53) - age  14:      53664 bytes,     785392 total
[2025-03-30T14:38:35.772+0000][7][gc,age      ] GC(53) - age  15:      54184 bytes,     839576 total
[2025-03-30T14:38:35.772+0000][7][gc,phases   ] GC(53)   Pre Evacuate Collection Set: 0.9ms
[2025-03-30T14:38:35.772+0000][7][gc,phases   ] GC(53)   Merge Heap Roots: 0.5ms
[2025-03-30T14:38:35.772+0000][7][gc,phases   ] GC(53)   Evacuate Collection Set: 11.7ms
[2025-03-30T14:38:35.772+0000][7][gc,phases   ] GC(53)   Post Evacuate Collection Set: 2.5ms
[2025-03-30T14:38:35.772+0000][7][gc,phases   ] GC(53)   Other: 2.0ms
[2025-03-30T14:38:35.772+0000][7][gc,heap     ] GC(53) Eden regions: 152->0(152)
[2025-03-30T14:38:35.772+0000][7][gc,heap     ] GC(53) Survivor regions: 1->1(20)
[2025-03-30T14:38:35.772+0000][7][gc,heap     ] GC(53) Old regions: 19->19
[2025-03-30T14:38:35.772+0000][7][gc,heap     ] GC(53) Archive regions: 2->2
[2025-03-30T14:38:35.772+0000][7][gc,heap     ] GC(53) Humongous regions: 2->2
[2025-03-30T14:38:35.772+0000][7][gc,metaspace] GC(53) Metaspace: 108027K(109568K)->108027K(109568K) NonClass: 93250K(94144K)->93250K(94144K) Class: 14777K(15424K)->14777K(15424K)
[2025-03-30T14:38:35.772+0000][7][gc          ] GC(53) Pause Young (Normal) (G1 Evacuation Pause) 695M->87M(1024M) 17.908ms
[2025-03-30T14:38:35.772+0000][7][gc,cpu      ] GC(53) User=0.03s Sys=0.00s Real=0.02s
[2025-03-30T14:38:35.772+0000][7][safepoint   ] Safepoint "G1CollectForAllocation", Time since last: 216384370974 ns, Reaching safepoint: 331917 ns, At safepoint: 18253958 ns, Total: 18585875 ns
[2025-03-30T14:43:00.127+0000][7][safepoint   ] Safepoint "Cleanup", Time since last: 264354135619 ns, Reaching safepoint: 676375 ns, At safepoint: 123792 ns, Total: 800167 ns
[2025-03-30T14:57:27.524+0000][7][safepoint   ] Safepoint "Cleanup", Time since last: 867391535355 ns, Reaching safepoint: 761250 ns, At safepoint: 40125 ns, Total: 801375 ns
[2025-03-30T15:06:38.649+0000][7][gc,start    ] GC(54) Pause Young (Normal) (G1 Evacuation Pause)
[2025-03-30T15:06:38.650+0000][7][gc,task     ] GC(54) Using 2 workers of 2 for evacuation
[2025-03-30T15:06:38.651+0000][7][gc,age      ] GC(54) Desired survivor size 41943040 bytes, new threshold 15 (max threshold 15)
[2025-03-30T15:06:38.687+0000][7][gc,age      ] GC(54) Age table with threshold 15 (max threshold 15)
[2025-03-30T15:06:38.688+0000][7][gc,age      ] GC(54) - age   1:      68448 bytes,      68448 total
[2025-03-30T15:06:38.688+0000][7][gc,age      ] GC(54) - age   2:      55984 bytes,     124432 total
[2025-03-30T15:06:38.688+0000][7][gc,age      ] GC(54) - age   3:      58800 bytes,     183232 total
[2025-03-30T15:06:38.688+0000][7][gc,age      ] GC(54) - age   4:      56680 bytes,     239912 total
[2025-03-30T15:06:38.688+0000][7][gc,age      ] GC(54) - age   5:      54312 bytes,     294224 total
[2025-03-30T15:06:38.688+0000][7][gc,age      ] GC(54) - age   6:      54952 bytes,     349176 total
[2025-03-30T15:06:38.688+0000][7][gc,age      ] GC(54) - age   7:      53448 bytes,     402624 total
[2025-03-30T15:06:38.688+0000][7][gc,age      ] GC(54) - age   8:      53440 bytes,     456064 total
[2025-03-30T15:06:38.688+0000][7][gc,age      ] GC(54) - age   9:      53824 bytes,     509888 total
[2025-03-30T15:06:38.688+0000][7][gc,age      ] GC(54) - age  10:      54408 bytes,     564296 total
[2025-03-30T15:06:38.688+0000][7][gc,age      ] GC(54) - age  11:      54568 bytes,     618864 total
[2025-03-30T15:06:38.688+0000][7][gc,age      ] GC(54) - age  12:      55056 bytes,     673920 total
[2025-03-30T15:06:38.688+0000][7][gc,age      ] GC(54) - age  13:      56016 bytes,     729936 total
[2025-03-30T15:06:38.688+0000][7][gc,age      ] GC(54) - age  14:      53976 bytes,     783912 total
[2025-03-30T15:06:38.688+0000][7][gc,age      ] GC(54) - age  15:      53664 bytes,     837576 total
[2025-03-30T15:06:38.689+0000][7][gc,phases   ] GC(54)   Pre Evacuate Collection Set: 0.9ms
[2025-03-30T15:06:38.689+0000][7][gc,phases   ] GC(54)   Merge Heap Roots: 0.3ms
[2025-03-30T15:06:38.689+0000][7][gc,phases   ] GC(54)   Evacuate Collection Set: 29.8ms
[2025-03-30T15:06:38.689+0000][7][gc,phases   ] GC(54)   Post Evacuate Collection Set: 5.6ms
[2025-03-30T15:06:38.689+0000][7][gc,phases   ] GC(54)   Other: 3.2ms
[2025-03-30T15:06:38.689+0000][7][gc,heap     ] GC(54) Eden regions: 152->0(152)
[2025-03-30T15:06:38.689+0000][7][gc,heap     ] GC(54) Survivor regions: 1->1(20)
[2025-03-30T15:06:38.689+0000][7][gc,heap     ] GC(54) Old regions: 19->19
[2025-03-30T15:06:38.689+0000][7][gc,heap     ] GC(54) Archive regions: 2->2
[2025-03-30T15:06:38.689+0000][7][gc,heap     ] GC(54) Humongous regions: 2->2
[2025-03-30T15:06:38.689+0000][7][gc,metaspace] GC(54) Metaspace: 108029K(109568K)->108029K(109568K) NonClass: 93251K(94144K)->93251K(94144K) Class: 14777K(15424K)->14777K(15424K)
[2025-03-30T15:06:38.689+0000][7][gc          ] GC(54) Pause Young (Normal) (G1 Evacuation Pause) 695M->87M(1024M) 40.225ms
[2025-03-30T15:06:38.690+0000][7][gc,cpu      ] GC(54) User=0.08s Sys=0.00s Real=0.04s
[2025-03-30T15:06:38.690+0000][7][safepoint   ] Safepoint "G1CollectForAllocation", Time since last: 551156697626 ns, Reaching safepoint: 581041 ns, At safepoint: 40885834 ns, Total: 41466875 ns
[2025-03-30T15:18:27.075+0000][7][safepoint   ] Safepoint "Cleanup", Time since last: 708385168949 ns, Reaching safepoint: 4083625 ns, At safepoint: 193000 ns, Total: 4276625 ns
[2025-03-30T15:18:47.103+0000][7][safepoint   ] Safepoint "Cleanup", Time since last: 20027884925 ns, Reaching safepoint: 220667 ns, At safepoint: 16333 ns, Total: 237000 ns
[2025-03-30T15:30:31.601+0000][7][safepoint   ] Safepoint "Cleanup", Time since last: 704473345612 ns, Reaching safepoint: 888625 ns, At safepoint: 59458 ns, Total: 948083 ns
[2025-03-30T15:34:42.537+0000][7][gc,start    ] GC(55) Pause Young (Normal) (G1 Evacuation Pause)
[2025-03-30T15:34:42.539+0000][7][gc,task     ] GC(55) Using 2 workers of 2 for evacuation
[2025-03-30T15:34:42.540+0000][7][gc,age      ] GC(55) Desired survivor size 41943040 bytes, new threshold 15 (max threshold 15)
[2025-03-30T15:34:42.571+0000][7][gc,age      ] GC(55) Age table with threshold 15 (max threshold 15)
[2025-03-30T15:34:42.571+0000][7][gc,age      ] GC(55) - age   1:      67760 bytes,      67760 total
[2025-03-30T15:34:42.571+0000][7][gc,age      ] GC(55) - age   2:      55032 bytes,     122792 total
[2025-03-30T15:34:42.571+0000][7][gc,age      ] GC(55) - age   3:      55984 bytes,     178776 total
[2025-03-30T15:34:42.572+0000][7][gc,age      ] GC(55) - age   4:      58800 bytes,     237576 total
[2025-03-30T15:34:42.572+0000][7][gc,age      ] GC(55) - age   5:      56680 bytes,     294256 total
[2025-03-30T15:34:42.572+0000][7][gc,age      ] GC(55) - age   6:      54224 bytes,     348480 total
[2025-03-30T15:34:42.573+0000][7][gc,age      ] GC(55) - age   7:      54952 bytes,     403432 total
[2025-03-30T15:34:42.573+0000][7][gc,age      ] GC(55) - age   8:      53448 bytes,     456880 total
[2025-03-30T15:34:42.573+0000][7][gc,age      ] GC(55) - age   9:      53440 bytes,     510320 total
[2025-03-30T15:34:42.573+0000][7][gc,age      ] GC(55) - age  10:      53824 bytes,     564144 total
[2025-03-30T15:34:42.573+0000][7][gc,age      ] GC(55) - age  11:      54408 bytes,     618552 total
[2025-03-30T15:34:42.574+0000][7][gc,age      ] GC(55) - age  12:      54568 bytes,     673120 total
[2025-03-30T15:34:42.574+0000][7][gc,age      ] GC(55) - age  13:      55056 bytes,     728176 total
[2025-03-30T15:34:42.574+0000][7][gc,age      ] GC(55) - age  14:      56016 bytes,     784192 total
[2025-03-30T15:34:42.574+0000][7][gc,age      ] GC(55) - age  15:      53976 bytes,     838168 total
[2025-03-30T15:34:42.574+0000][7][gc,phases   ] GC(55)   Pre Evacuate Collection Set: 0.7ms
[2025-03-30T15:34:42.574+0000][7][gc,phases   ] GC(55)   Merge Heap Roots: 0.3ms
[2025-03-30T15:34:42.574+0000][7][gc,phases   ] GC(55)   Evacuate Collection Set: 21.1ms
[2025-03-30T15:34:42.574+0000][7][gc,phases   ] GC(55)   Post Evacuate Collection Set: 8.8ms
[2025-03-30T15:34:42.574+0000][7][gc,phases   ] GC(55)   Other: 5.9ms
[2025-03-30T15:34:42.574+0000][7][gc,heap     ] GC(55) Eden regions: 152->0(152)
[2025-03-30T15:34:42.574+0000][7][gc,heap     ] GC(55) Survivor regions: 1->1(20)
[2025-03-30T15:34:42.574+0000][7][gc,heap     ] GC(55) Old regions: 19->19
[2025-03-30T15:34:42.575+0000][7][gc,heap     ] GC(55) Archive regions: 2->2
[2025-03-30T15:34:42.575+0000][7][gc,heap     ] GC(55) Humongous regions: 2->2
[2025-03-30T15:34:42.575+0000][7][gc,metaspace] GC(55) Metaspace: 108030K(109568K)->108030K(109568K) NonClass: 93252K(94144K)->93252K(94144K) Class: 14778K(15424K)->14778K(15424K)
[2025-03-30T15:34:42.575+0000][7][gc          ] GC(55) Pause Young (Normal) (G1 Evacuation Pause) 695M->87M(1024M) 37.383ms
[2025-03-30T15:34:42.575+0000][7][gc,cpu      ] GC(55) User=0.06s Sys=0.00s Real=0.04s
[2025-03-30T15:34:42.575+0000][7][safepoint   ] Safepoint "G1CollectForAllocation", Time since last: 250934614613 ns, Reaching safepoint: 593083 ns, At safepoint: 37915667 ns, Total: 38508750 ns
[2025-03-30T15:40:00.258+0000][7][safepoint   ] Safepoint "Cleanup", Time since last: 317683423103 ns, Reaching safepoint: 484750 ns, At safepoint: 16667 ns, Total: 501417 ns
[2025-03-30T15:51:29.600+0000][7][safepoint   ] Safepoint "Cleanup", Time since last: 689338006022 ns, Reaching safepoint: 355625 ns, At safepoint: 10708 ns, Total: 366333 ns
[2025-03-30T15:52:59.693+0000][7][safepoint   ] Safepoint "Cleanup", Time since last: 90092453207 ns, Reaching safepoint: 1076750 ns, At safepoint: 136459 ns, Total: 1213209 ns
[2025-03-30T15:55:02.859+0000][7][safepoint   ] Safepoint "Cleanup", Time since last: 123163544680 ns, Reaching safepoint: 1501167 ns, At safepoint: 71625 ns, Total: 1572792 ns
[2025-03-30T16:02:46.210+0000][7][gc,start    ] GC(56) Pause Young (Normal) (G1 Evacuation Pause)
[2025-03-30T16:02:46.212+0000][7][gc,task     ] GC(56) Using 2 workers of 2 for evacuation
[2025-03-30T16:02:46.213+0000][7][gc,age      ] GC(56) Desired survivor size 41943040 bytes, new threshold 15 (max threshold 15)
[2025-03-30T16:02:46.254+0000][7][gc,age      ] GC(56) Age table with threshold 15 (max threshold 15)
[2025-03-30T16:02:46.254+0000][7][gc,age      ] GC(56) - age   1:      64944 bytes,      64944 total
[2025-03-30T16:02:46.254+0000][7][gc,age      ] GC(56) - age   2:      56120 bytes,     121064 total
[2025-03-30T16:02:46.254+0000][7][gc,age      ] GC(56) - age   3:      54848 bytes,     175912 total
[2025-03-30T16:02:46.254+0000][7][gc,age      ] GC(56) - age   4:      55984 bytes,     231896 total
[2025-03-30T16:02:46.254+0000][7][gc,age      ] GC(56) - age   5:      58800 bytes,     290696 total
[2025-03-30T16:02:46.254+0000][7][gc,age      ] GC(56) - age   6:      56680 bytes,     347376 total
[2025-03-30T16:02:46.254+0000][7][gc,age      ] GC(56) - age   7:      54224 bytes,     401600 total
[2025-03-30T16:02:46.254+0000][7][gc,age      ] GC(56) - age   8:      54952 bytes,     456552 total
[2025-03-30T16:02:46.254+0000][7][gc,age      ] GC(56) - age   9:      53448 bytes,     510000 total
[2025-03-30T16:02:46.254+0000][7][gc,age      ] GC(56) - age  10:      53440 bytes,     563440 total
[2025-03-30T16:02:46.254+0000][7][gc,age      ] GC(56) - age  11:      53824 bytes,     617264 total
[2025-03-30T16:02:46.254+0000][7][gc,age      ] GC(56) - age  12:      54408 bytes,     671672 total
[2025-03-30T16:02:46.255+0000][7][gc,age      ] GC(56) - age  13:      54568 bytes,     726240 total
[2025-03-30T16:02:46.255+0000][7][gc,age      ] GC(56) - age  14:      55056 bytes,     781296 total
[2025-03-30T16:02:46.255+0000][7][gc,age      ] GC(56) - age  15:      56016 bytes,     837312 total
[2025-03-30T16:02:46.255+0000][7][gc,phases   ] GC(56)   Pre Evacuate Collection Set: 1.3ms
[2025-03-30T16:02:46.255+0000][7][gc,phases   ] GC(56)   Merge Heap Roots: 0.5ms
[2025-03-30T16:02:46.255+0000][7][gc,phases   ] GC(56)   Evacuate Collection Set: 34.8ms
[2025-03-30T16:02:46.255+0000][7][gc,phases   ] GC(56)   Post Evacuate Collection Set: 3.3ms
[2025-03-30T16:02:46.255+0000][7][gc,phases   ] GC(56)   Other: 5.8ms
[2025-03-30T16:02:46.255+0000][7][gc,heap     ] GC(56) Eden regions: 152->0(152)
[2025-03-30T16:02:46.255+0000][7][gc,heap     ] GC(56) Survivor regions: 1->1(20)
[2025-03-30T16:02:46.255+0000][7][gc,heap     ] GC(56) Old regions: 19->19
[2025-03-30T16:02:46.255+0000][7][gc,heap     ] GC(56) Archive regions: 2->2
[2025-03-30T16:02:46.255+0000][7][gc,heap     ] GC(56) Humongous regions: 2->2
[2025-03-30T16:02:46.255+0000][7][gc,metaspace] GC(56) Metaspace: 108031K(109568K)->108031K(109568K) NonClass: 93253K(94144K)->93253K(94144K) Class: 14778K(15424K)->14778K(15424K)
[2025-03-30T16:02:46.255+0000][7][gc          ] GC(56) Pause Young (Normal) (G1 Evacuation Pause) 695M->88M(1024M) 45.579ms
[2025-03-30T16:02:46.255+0000][7][gc,cpu      ] GC(56) User=0.08s Sys=0.01s Real=0.05s
[2025-03-30T16:02:46.255+0000][7][safepoint   ] Safepoint "G1CollectForAllocation", Time since last: 463333765876 ns, Reaching safepoint: 1856750 ns, At safepoint: 46525959 ns, Total: 48382709 ns
[2025-03-30T16:23:29.896+0000][7][safepoint   ] Safepoint "Cleanup", Time since last: 1243630469856 ns, Reaching safepoint: 896708 ns, At safepoint: 39625 ns, Total: 936333 ns
[2025-03-30T16:30:50.115+0000][7][gc,start    ] GC(57) Pause Young (Normal) (G1 Evacuation Pause)
[2025-03-30T16:30:50.116+0000][7][gc,task     ] GC(57) Using 2 workers of 2 for evacuation
[2025-03-30T16:30:50.117+0000][7][gc,age      ] GC(57) Desired survivor size 41943040 bytes, new threshold 15 (max threshold 15)
[2025-03-30T16:30:50.141+0000][7][gc,age      ] GC(57) Age table with threshold 15 (max threshold 15)
[2025-03-30T16:30:50.141+0000][7][gc,age      ] GC(57) - age   1:      65336 bytes,      65336 total
[2025-03-30T16:30:50.141+0000][7][gc,age      ] GC(57) - age   2:      53304 bytes,     118640 total
[2025-03-30T16:30:50.141+0000][7][gc,age      ] GC(57) - age   3:      55720 bytes,     174360 total
[2025-03-30T16:30:50.141+0000][7][gc,age      ] GC(57) - age   4:      54848 bytes,     229208 total
[2025-03-30T16:30:50.141+0000][7][gc,age      ] GC(57) - age   5:      55984 bytes,     285192 total
[2025-03-30T16:30:50.141+0000][7][gc,age      ] GC(57) - age   6:      58800 bytes,     343992 total
[2025-03-30T16:30:50.141+0000][7][gc,age      ] GC(57) - age   7:      56680 bytes,     400672 total
[2025-03-30T16:30:50.141+0000][7][gc,age      ] GC(57) - age   8:      54224 bytes,     454896 total
[2025-03-30T16:30:50.141+0000][7][gc,age      ] GC(57) - age   9:      54952 bytes,     509848 total
[2025-03-30T16:30:50.141+0000][7][gc,age      ] GC(57) - age  10:      53448 bytes,     563296 total
[2025-03-30T16:30:50.141+0000][7][gc,age      ] GC(57) - age  11:      53440 bytes,     616736 total
[2025-03-30T16:30:50.141+0000][7][gc,age      ] GC(57) - age  12:      53824 bytes,     670560 total
[2025-03-30T16:30:50.141+0000][7][gc,age      ] GC(57) - age  13:      54408 bytes,     724968 total
[2025-03-30T16:30:50.141+0000][7][gc,age      ] GC(57) - age  14:      54568 bytes,     779536 total
[2025-03-30T16:30:50.142+0000][7][gc,age      ] GC(57) - age  15:      55056 bytes,     834592 total
[2025-03-30T16:30:50.142+0000][7][gc,phases   ] GC(57)   Pre Evacuate Collection Set: 0.7ms
[2025-03-30T16:30:50.142+0000][7][gc,phases   ] GC(57)   Merge Heap Roots: 0.4ms
[2025-03-30T16:30:50.142+0000][7][gc,phases   ] GC(57)   Evacuate Collection Set: 18.0ms
[2025-03-30T16:30:50.142+0000][7][gc,phases   ] GC(57)   Post Evacuate Collection Set: 4.7ms
[2025-03-30T16:30:50.142+0000][7][gc,phases   ] GC(57)   Other: 3.0ms
[2025-03-30T16:30:50.142+0000][7][gc,heap     ] GC(57) Eden regions: 152->0(152)
[2025-03-30T16:30:50.142+0000][7][gc,heap     ] GC(57) Survivor regions: 1->1(20)
[2025-03-30T16:30:50.142+0000][7][gc,heap     ] GC(57) Old regions: 19->19
[2025-03-30T16:30:50.142+0000][7][gc,heap     ] GC(57) Archive regions: 2->2
[2025-03-30T16:30:50.142+0000][7][gc,heap     ] GC(57) Humongous regions: 2->2
[2025-03-30T16:30:50.142+0000][7][gc,metaspace] GC(57) Metaspace: 108032K(109568K)->108032K(109568K) NonClass: 93254K(94144K)->93254K(94144K) Class: 14778K(15424K)->14778K(15424K)
[2025-03-30T16:30:50.142+0000][7][gc          ] GC(57) Pause Young (Normal) (G1 Evacuation Pause) 696M->88M(1024M) 27.203ms
[2025-03-30T16:30:50.142+0000][7][gc,cpu      ] GC(57) User=0.05s Sys=0.00s Real=0.02s
[2025-03-30T16:30:50.143+0000][7][safepoint   ] Safepoint "G1CollectForAllocation", Time since last: 440218444242 ns, Reaching safepoint: 936041 ns, At safepoint: 27816584 ns, Total: 28752625 ns
[2025-03-30T16:32:59.395+0000][7][safepoint   ] Safepoint "Cleanup", Time since last: 129250603308 ns, Reaching safepoint: 596917 ns, At safepoint: 37000 ns, Total: 633917 ns
[2025-03-30T16:42:59.638+0000][7][safepoint   ] Safepoint "Cleanup", Time since last: 600239207607 ns, Reaching safepoint: 322083 ns, At safepoint: 28583 ns, Total: 350666 ns
[2025-03-30T16:45:11.834+0000][7][safepoint   ] Safepoint "Cleanup", Time since last: 132195857769 ns, Reaching safepoint: 762333 ns, At safepoint: 46458 ns, Total: 808791 ns
[2025-03-30T16:58:56.605+0000][7][gc,start    ] GC(58) Pause Young (Normal) (G1 Evacuation Pause)
[2025-03-30T16:58:56.606+0000][7][gc,task     ] GC(58) Using 2 workers of 2 for evacuation
[2025-03-30T16:58:56.607+0000][7][gc,age      ] GC(58) Desired survivor size 41943040 bytes, new threshold 15 (max threshold 15)
[2025-03-30T16:58:56.660+0000][7][gc,age      ] GC(58) Age table with threshold 15 (max threshold 15)
[2025-03-30T16:58:56.660+0000][7][gc,age      ] GC(58) - age   1:      66640 bytes,      66640 total
[2025-03-30T16:58:56.660+0000][7][gc,age      ] GC(58) - age   2:      53840 bytes,     120480 total
[2025-03-30T16:58:56.660+0000][7][gc,age      ] GC(58) - age   3:      53120 bytes,     173600 total
[2025-03-30T16:58:56.660+0000][7][gc,age      ] GC(58) - age   4:      55720 bytes,     229320 total
[2025-03-30T16:58:56.660+0000][7][gc,age      ] GC(58) - age   5:      54848 bytes,     284168 total
[2025-03-30T16:58:56.660+0000][7][gc,age      ] GC(58) - age   6:      55984 bytes,     340152 total
[2025-03-30T16:58:56.660+0000][7][gc,age      ] GC(58) - age   7:      58800 bytes,     398952 total
[2025-03-30T16:58:56.660+0000][7][gc,age      ] GC(58) - age   8:      56680 bytes,     455632 total
[2025-03-30T16:58:56.660+0000][7][gc,age      ] GC(58) - age   9:      54224 bytes,     509856 total
[2025-03-30T16:58:56.660+0000][7][gc,age      ] GC(58) - age  10:      54952 bytes,     564808 total
[2025-03-30T16:58:56.660+0000][7][gc,age      ] GC(58) - age  11:      53448 bytes,     618256 total
[2025-03-30T16:58:56.660+0000][7][gc,age      ] GC(58) - age  12:      53440 bytes,     671696 total
[2025-03-30T16:58:56.660+0000][7][gc,age      ] GC(58) - age  13:      53824 bytes,     725520 total
[2025-03-30T16:58:56.660+0000][7][gc,age      ] GC(58) - age  14:      54408 bytes,     779928 total
[2025-03-30T16:58:56.660+0000][7][gc,age      ] GC(58) - age  15:      54568 bytes,     834496 total
[2025-03-30T16:58:56.661+0000][7][gc,phases   ] GC(58)   Pre Evacuate Collection Set: 1.6ms
[2025-03-30T16:58:56.661+0000][7][gc,phases   ] GC(58)   Merge Heap Roots: 0.3ms
[2025-03-30T16:58:56.661+0000][7][gc,phases   ] GC(58)   Evacuate Collection Set: 42.3ms
[2025-03-30T16:58:56.661+0000][7][gc,phases   ] GC(58)   Post Evacuate Collection Set: 8.1ms
[2025-03-30T16:58:56.661+0000][7][gc,phases   ] GC(58)   Other: 3.7ms
[2025-03-30T16:58:56.661+0000][7][gc,heap     ] GC(58) Eden regions: 152->0(152)
[2025-03-30T16:58:56.661+0000][7][gc,heap     ] GC(58) Survivor regions: 1->1(20)
[2025-03-30T16:58:56.661+0000][7][gc,heap     ] GC(58) Old regions: 19->19
[2025-03-30T16:58:56.661+0000][7][gc,heap     ] GC(58) Archive regions: 2->2
[2025-03-30T16:58:56.661+0000][7][gc,heap     ] GC(58) Humongous regions: 2->2
[2025-03-30T16:58:56.661+0000][7][gc,metaspace] GC(58) Metaspace: 108032K(109568K)->108032K(109568K) NonClass: 93254K(94144K)->93254K(94144K) Class: 14778K(15424K)->14778K(15424K)
[2025-03-30T16:58:56.661+0000][7][gc          ] GC(58) Pause Young (Normal) (G1 Evacuation Pause) 696M->88M(1024M) 55.732ms
[2025-03-30T16:58:56.661+0000][7][gc,cpu      ] GC(58) User=0.11s Sys=0.00s Real=0.06s
[2025-03-30T16:58:56.661+0000][7][safepoint   ] Safepoint "G1CollectForAllocation", Time since last: 824769149083 ns, Reaching safepoint: 1556625 ns, At safepoint: 56949042 ns, Total: 58505667 ns
[2025-03-30T17:06:43.704+0000][7][safepoint   ] Safepoint "Cleanup", Time since last: 467039592421 ns, Reaching safepoint: 939375 ns, At safepoint: 28875 ns, Total: 968250 ns
[2025-03-30T17:11:10.225+0000][7][safepoint   ] Safepoint "Cleanup", Time since last: 266520493706 ns, Reaching safepoint: 706125 ns, At safepoint: 31041 ns, Total: 737166 ns
[2025-03-30T17:24:05.680+0000][7][safepoint   ] Safepoint "Cleanup", Time since last: 775449534269 ns, Reaching safepoint: 1761042 ns, At safepoint: 58708 ns, Total: 1819750 ns
[2025-03-30T17:27:00.983+0000][7][gc,start    ] GC(59) Pause Young (Normal) (G1 Evacuation Pause)
[2025-03-30T17:27:00.983+0000][7][gc,task     ] GC(59) Using 2 workers of 2 for evacuation
[2025-03-30T17:27:00.984+0000][7][gc,age      ] GC(59) Desired survivor size 41943040 bytes, new threshold 15 (max threshold 15)
[2025-03-30T17:27:01.010+0000][7][gc,age      ] GC(59) Age table with threshold 15 (max threshold 15)
[2025-03-30T17:27:01.010+0000][7][gc,age      ] GC(59) - age   1:      65424 bytes,      65424 total
[2025-03-30T17:27:01.010+0000][7][gc,age      ] GC(59) - age   2:      53624 bytes,     119048 total
[2025-03-30T17:27:01.010+0000][7][gc,age      ] GC(59) - age   3:      53440 bytes,     172488 total
[2025-03-30T17:27:01.010+0000][7][gc,age      ] GC(59) - age   4:      53120 bytes,     225608 total
[2025-03-30T17:27:01.010+0000][7][gc,age      ] GC(59) - age   5:      55720 bytes,     281328 total
[2025-03-30T17:27:01.010+0000][7][gc,age      ] GC(59) - age   6:      54848 bytes,     336176 total
[2025-03-30T17:27:01.010+0000][7][gc,age      ] GC(59) - age   7:      55984 bytes,     392160 total
[2025-03-30T17:27:01.010+0000][7][gc,age      ] GC(59) - age   8:      58800 bytes,     450960 total
[2025-03-30T17:27:01.011+0000][7][gc,age      ] GC(59) - age   9:      56680 bytes,     507640 total
[2025-03-30T17:27:01.011+0000][7][gc,age      ] GC(59) - age  10:      54224 bytes,     561864 total
[2025-03-30T17:27:01.011+0000][7][gc,age      ] GC(59) - age  11:      54952 bytes,     616816 total
[2025-03-30T17:27:01.011+0000][7][gc,age      ] GC(59) - age  12:      53448 bytes,     670264 total
[2025-03-30T17:27:01.011+0000][7][gc,age      ] GC(59) - age  13:      53440 bytes,     723704 total
[2025-03-30T17:27:01.011+0000][7][gc,age      ] GC(59) - age  14:      53824 bytes,     777528 total
[2025-03-30T17:27:01.011+0000][7][gc,age      ] GC(59) - age  15:      54408 bytes,     831936 total
[2025-03-30T17:27:01.011+0000][7][gc,phases   ] GC(59)   Pre Evacuate Collection Set: 1.6ms
[2025-03-30T17:27:01.012+0000][7][gc,phases   ] GC(59)   Merge Heap Roots: 0.6ms
[2025-03-30T17:27:01.012+0000][7][gc,phases   ] GC(59)   Evacuate Collection Set: 19.6ms
[2025-03-30T17:27:01.012+0000][7][gc,phases   ] GC(59)   Post Evacuate Collection Set: 4.1ms
[2025-03-30T17:27:01.012+0000][7][gc,phases   ] GC(59)   Other: 2.8ms
[2025-03-30T17:27:01.012+0000][7][gc,heap     ] GC(59) Eden regions: 152->0(152)
[2025-03-30T17:27:01.012+0000][7][gc,heap     ] GC(59) Survivor regions: 1->1(20)
[2025-03-30T17:27:01.012+0000][7][gc,heap     ] GC(59) Old regions: 19->19
[2025-03-30T17:27:01.012+0000][7][gc,heap     ] GC(59) Archive regions: 2->2
[2025-03-30T17:27:01.012+0000][7][gc,heap     ] GC(59) Humongous regions: 2->2
[2025-03-30T17:27:01.012+0000][7][gc,metaspace] GC(59) Metaspace: 108033K(109568K)->108033K(109568K) NonClass: 93255K(94144K)->93255K(94144K) Class: 14778K(15424K)->14778K(15424K)
[2025-03-30T17:27:01.012+0000][7][gc          ] GC(59) Pause Young (Normal) (G1 Evacuation Pause) 696M->88M(1024M) 29.653ms
[2025-03-30T17:27:01.012+0000][7][gc,cpu      ] GC(59) User=0.05s Sys=0.00s Real=0.03s
[2025-03-30T17:27:01.012+0000][7][safepoint   ] Safepoint "G1CollectForAllocation", Time since last: 175320111330 ns, Reaching safepoint: 521000 ns, At safepoint: 30139166 ns, Total: 30660166 ns
[2025-03-30T17:31:05.405+0000][7][safepoint   ] Safepoint "Cleanup", Time since last: 244390985987 ns, Reaching safepoint: 1952208 ns, At safepoint: 581209 ns, Total: 2533417 ns
[2025-03-30T17:32:59.551+0000][7][safepoint   ] Safepoint "Cleanup", Time since last: 114145028969 ns, Reaching safepoint: 300125 ns, At safepoint: 14083 ns, Total: 314208 ns
[2025-03-30T17:49:39.437+0000][7][safepoint   ] Safepoint "Cleanup", Time since last: 999887373917 ns, Reaching safepoint: 600166 ns, At safepoint: 27042 ns, Total: 627208 ns
[2025-03-30T17:49:49.450+0000][7][safepoint   ] Safepoint "Cleanup", Time since last: 10012781296 ns, Reaching safepoint: 136291 ns, At safepoint: 5375 ns, Total: 141666 ns
[2025-03-30T17:55:04.222+0000][7][gc,start    ] GC(60) Pause Young (Normal) (G1 Evacuation Pause)
[2025-03-30T17:55:04.224+0000][7][gc,task     ] GC(60) Using 2 workers of 2 for evacuation
[2025-03-30T17:55:04.225+0000][7][gc,age      ] GC(60) Desired survivor size 41943040 bytes, new threshold 15 (max threshold 15)
[2025-03-30T17:55:04.258+0000][7][gc,age      ] GC(60) Age table with threshold 15 (max threshold 15)
[2025-03-30T17:55:04.258+0000][7][gc,age      ] GC(60) - age   1:      72664 bytes,      72664 total
[2025-03-30T17:55:04.258+0000][7][gc,age      ] GC(60) - age   2:      53904 bytes,     126568 total
[2025-03-30T17:55:04.258+0000][7][gc,age      ] GC(60) - age   3:      53440 bytes,     180008 total
[2025-03-30T17:55:04.258+0000][7][gc,age      ] GC(60) - age   4:      53440 bytes,     233448 total
[2025-03-30T17:55:04.259+0000][7][gc,age      ] GC(60) - age   5:      53120 bytes,     286568 total
[2025-03-30T17:55:04.259+0000][7][gc,age      ] GC(60) - age   6:      55720 bytes,     342288 total
[2025-03-30T17:55:04.259+0000][7][gc,age      ] GC(60) - age   7:      54848 bytes,     397136 total
[2025-03-30T17:55:04.259+0000][7][gc,age      ] GC(60) - age   8:      55984 bytes,     453120 total
[2025-03-30T17:55:04.259+0000][7][gc,age      ] GC(60) - age   9:      58800 bytes,     511920 total
[2025-03-30T17:55:04.259+0000][7][gc,age      ] GC(60) - age  10:      56680 bytes,     568600 total
[2025-03-30T17:55:04.259+0000][7][gc,age      ] GC(60) - age  11:      54224 bytes,     622824 total
[2025-03-30T17:55:04.259+0000][7][gc,age      ] GC(60) - age  12:      54952 bytes,     677776 total
[2025-03-30T17:55:04.259+0000][7][gc,age      ] GC(60) - age  13:      53448 bytes,     731224 total
[2025-03-30T17:55:04.259+0000][7][gc,age      ] GC(60) - age  14:      53440 bytes,     784664 total
[2025-03-30T17:55:04.259+0000][7][gc,age      ] GC(60) - age  15:      53824 bytes,     838488 total
[2025-03-30T17:55:04.259+0000][7][gc,phases   ] GC(60)   Pre Evacuate Collection Set: 1.0ms
[2025-03-30T17:55:04.259+0000][7][gc,phases   ] GC(60)   Merge Heap Roots: 0.5ms
[2025-03-30T17:55:04.259+0000][7][gc,phases   ] GC(60)   Evacuate Collection Set: 23.0ms
[2025-03-30T17:55:04.260+0000][7][gc,phases   ] GC(60)   Post Evacuate Collection Set: 8.6ms
[2025-03-30T17:55:04.260+0000][7][gc,phases   ] GC(60)   Other: 4.4ms
[2025-03-30T17:55:04.260+0000][7][gc,heap     ] GC(60) Eden regions: 152->0(152)
[2025-03-30T17:55:04.260+0000][7][gc,heap     ] GC(60) Survivor regions: 1->1(20)
[2025-03-30T17:55:04.260+0000][7][gc,heap     ] GC(60) Old regions: 19->19
[2025-03-30T17:55:04.260+0000][7][gc,heap     ] GC(60) Archive regions: 2->2
[2025-03-30T17:55:04.260+0000][7][gc,heap     ] GC(60) Humongous regions: 2->2
[2025-03-30T17:55:04.260+0000][7][gc,metaspace] GC(60) Metaspace: 108046K(109568K)->108046K(109568K) NonClass: 93268K(94144K)->93268K(94144K) Class: 14778K(15424K)->14778K(15424K)
[2025-03-30T17:55:04.260+0000][7][gc          ] GC(60) Pause Young (Normal) (G1 Evacuation Pause) 696M->88M(1024M) 37.806ms
[2025-03-30T17:55:04.260+0000][7][gc,cpu      ] GC(60) User=0.06s Sys=0.00s Real=0.03s
[2025-03-30T17:55:04.260+0000][7][safepoint   ] Safepoint "G1CollectForAllocation", Time since last: 314771567228 ns, Reaching safepoint: 849666 ns, At safepoint: 38488542 ns, Total: 39338208 ns
[2025-03-30T18:11:20.918+0000][7][safepoint   ] Safepoint "Cleanup", Time since last: 976735133113 ns, Reaching safepoint: 480917 ns, At safepoint: 17041 ns, Total: 497958 ns
[2025-03-30T18:23:06.859+0000][7][gc,start    ] GC(61) Pause Young (Normal) (G1 Evacuation Pause)
[2025-03-30T18:23:06.862+0000][7][gc,task     ] GC(61) Using 2 workers of 2 for evacuation
[2025-03-30T18:23:06.863+0000][7][gc,age      ] GC(61) Desired survivor size 41943040 bytes, new threshold 15 (max threshold 15)
[2025-03-30T18:23:06.909+0000][7][gc,age      ] GC(61) Age table with threshold 15 (max threshold 15)
[2025-03-30T18:23:06.909+0000][7][gc,age      ] GC(61) - age   1:      79840 bytes,      79840 total
[2025-03-30T18:23:06.909+0000][7][gc,age      ] GC(61) - age   2:      61056 bytes,     140896 total
[2025-03-30T18:23:06.909+0000][7][gc,age      ] GC(61) - age   3:      53504 bytes,     194400 total
[2025-03-30T18:23:06.910+0000][7][gc,age      ] GC(61) - age   4:      53440 bytes,     247840 total
[2025-03-30T18:23:06.910+0000][7][gc,age      ] GC(61) - age   5:      53440 bytes,     301280 total
[2025-03-30T18:23:06.910+0000][7][gc,age      ] GC(61) - age   6:      53120 bytes,     354400 total
[2025-03-30T18:23:06.910+0000][7][gc,age      ] GC(61) - age   7:      55720 bytes,     410120 total
[2025-03-30T18:23:06.910+0000][7][gc,age      ] GC(61) - age   8:      54848 bytes,     464968 total
[2025-03-30T18:23:06.910+0000][7][gc,age      ] GC(61) - age   9:      55984 bytes,     520952 total
[2025-03-30T18:23:06.910+0000][7][gc,age      ] GC(61) - age  10:      58800 bytes,     579752 total
[2025-03-30T18:23:06.910+0000][7][gc,age      ] GC(61) - age  11:      54440 bytes,     634192 total
[2025-03-30T18:23:06.910+0000][7][gc,age      ] GC(61) - age  12:      54224 bytes,     688416 total
[2025-03-30T18:23:06.910+0000][7][gc,age      ] GC(61) - age  13:      54952 bytes,     743368 total
[2025-03-30T18:23:06.910+0000][7][gc,age      ] GC(61) - age  14:      53448 bytes,     796816 total
[2025-03-30T18:23:06.910+0000][7][gc,age      ] GC(61) - age  15:      53440 bytes,     850256 total
[2025-03-30T18:23:06.910+0000][7][gc,phases   ] GC(61)   Pre Evacuate Collection Set: 1.6ms
[2025-03-30T18:23:06.910+0000][7][gc,phases   ] GC(61)   Merge Heap Roots: 0.5ms
[2025-03-30T18:23:06.910+0000][7][gc,phases   ] GC(61)   Evacuate Collection Set: 40.3ms
[2025-03-30T18:23:06.910+0000][7][gc,phases   ] GC(61)   Post Evacuate Collection Set: 4.1ms
[2025-03-30T18:23:06.910+0000][7][gc,phases   ] GC(61)   Other: 4.9ms
[2025-03-30T18:23:06.910+0000][7][gc,heap     ] GC(61) Eden regions: 152->0(152)
[2025-03-30T18:23:06.910+0000][7][gc,heap     ] GC(61) Survivor regions: 1->1(20)
[2025-03-30T18:23:06.910+0000][7][gc,heap     ] GC(61) Old regions: 19->19
[2025-03-30T18:23:06.910+0000][7][gc,heap     ] GC(61) Archive regions: 2->2
[2025-03-30T18:23:06.910+0000][7][gc,heap     ] GC(61) Humongous regions: 2->2
[2025-03-30T18:23:06.910+0000][7][gc,metaspace] GC(61) Metaspace: 108049K(109568K)->108049K(109568K) NonClass: 93270K(94144K)->93270K(94144K) Class: 14778K(15424K)->14778K(15424K)
[2025-03-30T18:23:06.911+0000][7][gc          ] GC(61) Pause Young (Normal) (G1 Evacuation Pause) 696M->88M(1024M) 51.456ms
[2025-03-30T18:23:06.911+0000][7][gc,cpu      ] GC(61) User=0.09s Sys=0.00s Real=0.06s
[2025-03-30T18:23:06.911+0000][7][safepoint   ] Safepoint "G1CollectForAllocation", Time since last: 705953796242 ns, Reaching safepoint: 592667 ns, At safepoint: 52160458 ns, Total: 52753125 ns
[2025-03-30T18:32:23.957+0000][7][safepoint   ] Safepoint "Cleanup", Time since last: 556990462212 ns, Reaching safepoint: 1434417 ns, At safepoint: 34583 ns, Total: 1469000 ns
[2025-03-30T18:38:07.593+0000][7][safepoint   ] Safepoint "Cleanup", Time since last: 343635837783 ns, Reaching safepoint: 906250 ns, At safepoint: 43792 ns, Total: 950042 ns
[2025-03-30T18:51:09.995+0000][7][gc,start    ] GC(62) Pause Young (Normal) (G1 Evacuation Pause)
[2025-03-30T18:51:09.996+0000][7][gc,task     ] GC(62) Using 2 workers of 2 for evacuation
[2025-03-30T18:51:09.999+0000][7][gc,age      ] GC(62) Desired survivor size 41943040 bytes, new threshold 15 (max threshold 15)
[2025-03-30T18:51:10.051+0000][7][gc,age      ] GC(62) Age table with threshold 15 (max threshold 15)
[2025-03-30T18:51:10.051+0000][7][gc,age      ] GC(62) - age   1:      66032 bytes,      66032 total
[2025-03-30T18:51:10.051+0000][7][gc,age      ] GC(62) - age   2:      55416 bytes,     121448 total
[2025-03-30T18:51:10.051+0000][7][gc,age      ] GC(62) - age   3:      60872 bytes,     182320 total
[2025-03-30T18:51:10.051+0000][7][gc,age      ] GC(62) - age   4:      53504 bytes,     235824 total
[2025-03-30T18:51:10.051+0000][7][gc,age      ] GC(62) - age   5:      53440 bytes,     289264 total
[2025-03-30T18:51:10.051+0000][7][gc,age      ] GC(62) - age   6:      53440 bytes,     342704 total
[2025-03-30T18:51:10.051+0000][7][gc,age      ] GC(62) - age   7:      53120 bytes,     395824 total
[2025-03-30T18:51:10.051+0000][7][gc,age      ] GC(62) - age   8:      55720 bytes,     451544 total
[2025-03-30T18:51:10.051+0000][7][gc,age      ] GC(62) - age   9:      54848 bytes,     506392 total
[2025-03-30T18:51:10.051+0000][7][gc,age      ] GC(62) - age  10:      55984 bytes,     562376 total
[2025-03-30T18:51:10.051+0000][7][gc,age      ] GC(62) - age  11:      58800 bytes,     621176 total
[2025-03-30T18:51:10.051+0000][7][gc,age      ] GC(62) - age  12:      54440 bytes,     675616 total
[2025-03-30T18:51:10.051+0000][7][gc,age      ] GC(62) - age  13:      54224 bytes,     729840 total
[2025-03-30T18:51:10.051+0000][7][gc,age      ] GC(62) - age  14:      54952 bytes,     784792 total
[2025-03-30T18:51:10.051+0000][7][gc,age      ] GC(62) - age  15:      53448 bytes,     838240 total
[2025-03-30T18:51:10.052+0000][7][gc,phases   ] GC(62)   Pre Evacuate Collection Set: 2.9ms
[2025-03-30T18:51:10.052+0000][7][gc,phases   ] GC(62)   Merge Heap Roots: 0.6ms
[2025-03-30T18:51:10.052+0000][7][gc,phases   ] GC(62)   Evacuate Collection Set: 39.1ms
[2025-03-30T18:51:10.052+0000][7][gc,phases   ] GC(62)   Post Evacuate Collection Set: 10.2ms
[2025-03-30T18:51:10.052+0000][7][gc,phases   ] GC(62)   Other: 5.5ms
[2025-03-30T18:51:10.052+0000][7][gc,heap     ] GC(62) Eden regions: 152->0(152)
[2025-03-30T18:51:10.052+0000][7][gc,heap     ] GC(62) Survivor regions: 1->1(20)
[2025-03-30T18:51:10.052+0000][7][gc,heap     ] GC(62) Old regions: 19->19
[2025-03-30T18:51:10.052+0000][7][gc,heap     ] GC(62) Archive regions: 2->2
[2025-03-30T18:51:10.052+0000][7][gc,heap     ] GC(62) Humongous regions: 2->2
[2025-03-30T18:51:10.052+0000][7][gc,metaspace] GC(62) Metaspace: 108057K(109632K)->108057K(109632K) NonClass: 93279K(94208K)->93279K(94208K) Class: 14778K(15424K)->14778K(15424K)
[2025-03-30T18:51:10.052+0000][7][gc          ] GC(62) Pause Young (Normal) (G1 Evacuation Pause) 696M->88M(1024M) 57.542ms
[2025-03-30T18:51:10.052+0000][7][gc,cpu      ] GC(62) User=0.10s Sys=0.00s Real=0.06s
[2025-03-30T18:51:10.053+0000][7][safepoint   ] Safepoint "G1CollectForAllocation", Time since last: 782381920273 ns, Reaching safepoint: 987958 ns, At safepoint: 59914459 ns, Total: 60902417 ns
[2025-03-30T18:54:15.421+0000][7][safepoint   ] Safepoint "Cleanup", Time since last: 185343121168 ns, Reaching safepoint: 970250 ns, At safepoint: 42167 ns, Total: 1012417 ns
[2025-03-30T19:09:09.104+0000][7][safepoint   ] Safepoint "Cleanup", Time since last: 893674982491 ns, Reaching safepoint: 955625 ns, At safepoint: 59416 ns, Total: 1015041 ns
[2025-03-30T19:15:56.752+0000][7][safepoint   ] Safepoint "Cleanup", Time since last: 407643044227 ns, Reaching safepoint: 1190917 ns, At safepoint: 38500 ns, Total: 1229417 ns
[2025-03-30T19:19:13.797+0000][7][gc,start    ] GC(63) Pause Young (Normal) (G1 Evacuation Pause)
[2025-03-30T19:19:13.798+0000][7][gc,task     ] GC(63) Using 2 workers of 2 for evacuation
[2025-03-30T19:19:13.799+0000][7][gc,age      ] GC(63) Desired survivor size 41943040 bytes, new threshold 15 (max threshold 15)
[2025-03-30T19:19:13.839+0000][7][gc,age      ] GC(63) Age table with threshold 15 (max threshold 15)
[2025-03-30T19:19:13.839+0000][7][gc,age      ] GC(63) - age   1:      66008 bytes,      66008 total
[2025-03-30T19:19:13.840+0000][7][gc,age      ] GC(63) - age   2:      54048 bytes,     120056 total
[2025-03-30T19:19:13.840+0000][7][gc,age      ] GC(63) - age   3:      55416 bytes,     175472 total
[2025-03-30T19:19:13.840+0000][7][gc,age      ] GC(63) - age   4:      60872 bytes,     236344 total
[2025-03-30T19:19:13.840+0000][7][gc,age      ] GC(63) - age   5:      53504 bytes,     289848 total
[2025-03-30T19:19:13.840+0000][7][gc,age      ] GC(63) - age   6:      53440 bytes,     343288 total
[2025-03-30T19:19:13.840+0000][7][gc,age      ] GC(63) - age   7:      53440 bytes,     396728 total
[2025-03-30T19:19:13.840+0000][7][gc,age      ] GC(63) - age   8:      53120 bytes,     449848 total
[2025-03-30T19:19:13.840+0000][7][gc,age      ] GC(63) - age   9:      55720 bytes,     505568 total
[2025-03-30T19:19:13.840+0000][7][gc,age      ] GC(63) - age  10:      54848 bytes,     560416 total
[2025-03-30T19:19:13.840+0000][7][gc,age      ] GC(63) - age  11:      55984 bytes,     616400 total
[2025-03-30T19:19:13.840+0000][7][gc,age      ] GC(63) - age  12:      58800 bytes,     675200 total
[2025-03-30T19:19:13.840+0000][7][gc,age      ] GC(63) - age  13:      54440 bytes,     729640 total
[2025-03-30T19:19:13.840+0000][7][gc,age      ] GC(63) - age  14:      54224 bytes,     783864 total
[2025-03-30T19:19:13.840+0000][7][gc,age      ] GC(63) - age  15:      54952 bytes,     838816 total
[2025-03-30T19:19:13.840+0000][7][gc,phases   ] GC(63)   Pre Evacuate Collection Set: 1.0ms
[2025-03-30T19:19:13.841+0000][7][gc,phases   ] GC(63)   Merge Heap Roots: 0.4ms
[2025-03-30T19:19:13.841+0000][7][gc,phases   ] GC(63)   Evacuate Collection Set: 24.7ms
[2025-03-30T19:19:13.841+0000][7][gc,phases   ] GC(63)   Post Evacuate Collection Set: 14.1ms
[2025-03-30T19:19:13.841+0000][7][gc,phases   ] GC(63)   Other: 4.0ms
[2025-03-30T19:19:13.841+0000][7][gc,heap     ] GC(63) Eden regions: 152->0(152)
[2025-03-30T19:19:13.841+0000][7][gc,heap     ] GC(63) Survivor regions: 1->1(20)
[2025-03-30T19:19:13.841+0000][7][gc,heap     ] GC(63) Old regions: 19->19
[2025-03-30T19:19:13.841+0000][7][gc,heap     ] GC(63) Archive regions: 2->2
[2025-03-30T19:19:13.841+0000][7][gc,heap     ] GC(63) Humongous regions: 2->2
[2025-03-30T19:19:13.841+0000][7][gc,metaspace] GC(63) Metaspace: 108065K(109632K)->108065K(109632K) NonClass: 93287K(94208K)->93287K(94208K) Class: 14778K(15424K)->14778K(15424K)
[2025-03-30T19:19:13.841+0000][7][gc          ] GC(63) Pause Young (Normal) (G1 Evacuation Pause) 696M->88M(1024M) 44.275ms
[2025-03-30T19:19:13.841+0000][7][gc,cpu      ] GC(63) User=0.08s Sys=0.00s Real=0.05s
[2025-03-30T19:19:13.841+0000][7][safepoint   ] Safepoint "G1CollectForAllocation", Time since last: 197041079214 ns, Reaching safepoint: 1044750 ns, At safepoint: 45213209 ns, Total: 46257959 ns
[2025-03-30T19:27:09.561+0000][7][safepoint   ] Safepoint "Cleanup", Time since last: 475717500675 ns, Reaching safepoint: 419916 ns, At safepoint: 20459 ns, Total: 440375 ns
[2025-03-30T19:27:39.593+0000][7][safepoint   ] Safepoint "Cleanup", Time since last: 30031088472 ns, Reaching safepoint: 1223042 ns, At safepoint: 32416 ns, Total: 1255458 ns
[2025-03-30T19:28:09.639+0000][7][safepoint   ] Safepoint "Cleanup", Time since last: 30045194389 ns, Reaching safepoint: 1006250 ns, At safepoint: 48875 ns, Total: 1055125 ns
[2025-03-30T19:37:28.461+0000][7][safepoint   ] Safepoint "Cleanup", Time since last: 558813067920 ns, Reaching safepoint: 1273417 ns, At safepoint: 68625 ns, Total: 1342042 ns
[2025-03-30T19:42:59.989+0000][7][safepoint   ] Safepoint "Cleanup", Time since last: 331526757943 ns, Reaching safepoint: 1175541 ns, At safepoint: 34667 ns, Total: 1210208 ns
[2025-03-30T19:47:19.466+0000][7][gc,start    ] GC(64) Pause Young (Normal) (G1 Evacuation Pause)
[2025-03-30T19:47:19.467+0000][7][gc,task     ] GC(64) Using 2 workers of 2 for evacuation
[2025-03-30T19:47:19.470+0000][7][gc,age      ] GC(64) Desired survivor size 41943040 bytes, new threshold 15 (max threshold 15)
[2025-03-30T19:47:19.513+0000][7][gc,age      ] GC(64) Age table with threshold 15 (max threshold 15)
[2025-03-30T19:47:19.513+0000][7][gc,age      ] GC(64) - age   1:      65704 bytes,      65704 total
[2025-03-30T19:47:19.513+0000][7][gc,age      ] GC(64) - age   2:      53864 bytes,     119568 total
[2025-03-30T19:47:19.513+0000][7][gc,age      ] GC(64) - age   3:      54048 bytes,     173616 total
[2025-03-30T19:47:19.514+0000][7][gc,age      ] GC(64) - age   4:      55416 bytes,     229032 total
[2025-03-30T19:47:19.514+0000][7][gc,age      ] GC(64) - age   5:      60872 bytes,     289904 total
[2025-03-30T19:47:19.514+0000][7][gc,age      ] GC(64) - age   6:      53504 bytes,     343408 total
[2025-03-30T19:47:19.514+0000][7][gc,age      ] GC(64) - age   7:      53440 bytes,     396848 total
[2025-03-30T19:47:19.514+0000][7][gc,age      ] GC(64) - age   8:      53440 bytes,     450288 total
[2025-03-30T19:47:19.514+0000][7][gc,age      ] GC(64) - age   9:      53120 bytes,     503408 total
[2025-03-30T19:47:19.514+0000][7][gc,age      ] GC(64) - age  10:      55720 bytes,     559128 total
[2025-03-30T19:47:19.514+0000][7][gc,age      ] GC(64) - age  11:      54848 bytes,     613976 total
[2025-03-30T19:47:19.514+0000][7][gc,age      ] GC(64) - age  12:      55984 bytes,     669960 total
[2025-03-30T19:47:19.514+0000][7][gc,age      ] GC(64) - age  13:      58800 bytes,     728760 total
[2025-03-30T19:47:19.514+0000][7][gc,age      ] GC(64) - age  14:      54440 bytes,     783200 total
[2025-03-30T19:47:19.514+0000][7][gc,age      ] GC(64) - age  15:      54224 bytes,     837424 total
[2025-03-30T19:47:19.514+0000][7][gc,phases   ] GC(64)   Pre Evacuate Collection Set: 2.6ms
[2025-03-30T19:47:19.514+0000][7][gc,phases   ] GC(64)   Merge Heap Roots: 0.6ms
[2025-03-30T19:47:19.514+0000][7][gc,phases   ] GC(64)   Evacuate Collection Set: 30.9ms
[2025-03-30T19:47:19.514+0000][7][gc,phases   ] GC(64)   Post Evacuate Collection Set: 10.3ms
[2025-03-30T19:47:19.514+0000][7][gc,phases   ] GC(64)   Other: 5.4ms
[2025-03-30T19:47:19.515+0000][7][gc,heap     ] GC(64) Eden regions: 152->0(152)
[2025-03-30T19:47:19.515+0000][7][gc,heap     ] GC(64) Survivor regions: 1->1(20)
[2025-03-30T19:47:19.515+0000][7][gc,heap     ] GC(64) Old regions: 19->19
[2025-03-30T19:47:19.515+0000][7][gc,heap     ] GC(64) Archive regions: 2->2
[2025-03-30T19:47:19.515+0000][7][gc,heap     ] GC(64) Humongous regions: 2->2
[2025-03-30T19:47:19.515+0000][7][gc,metaspace] GC(64) Metaspace: 108089K(109632K)->108089K(109632K) NonClass: 93310K(94208K)->93310K(94208K) Class: 14778K(15424K)->14778K(15424K)
[2025-03-30T19:47:19.515+0000][7][gc          ] GC(64) Pause Young (Normal) (G1 Evacuation Pause) 696M->88M(1024M) 49.361ms
[2025-03-30T19:47:19.515+0000][7][gc,cpu      ] GC(64) User=0.08s Sys=0.00s Real=0.05s
[2025-03-30T19:47:19.515+0000][7][safepoint   ] Safepoint "G1CollectForAllocation", Time since last: 259469176868 ns, Reaching safepoint: 1052500 ns, At safepoint: 52932375 ns, Total: 53984875 ns
[2025-03-30T19:59:02.709+0000][7][safepoint   ] Safepoint "Cleanup", Time since last: 703173781445 ns, Reaching safepoint: 1001500 ns, At safepoint: 26250 ns, Total: 1027750 ns
[2025-03-30T20:05:40.527+0000][7][safepoint   ] Safepoint "Cleanup", Time since last: 397813339680 ns, Reaching safepoint: 998000 ns, At safepoint: 53958 ns, Total: 1051958 ns
[2025-03-30T20:10:10.945+0000][7][safepoint   ] Safepoint "Cleanup", Time since last: 270412890997 ns, Reaching safepoint: 1003459 ns, At safepoint: 112500 ns, Total: 1115959 ns
[2025-03-30T20:11:11.016+0000][7][safepoint   ] Safepoint "Cleanup", Time since last: 60068326944 ns, Reaching safepoint: 1605208 ns, At safepoint: 60750 ns, Total: 1665958 ns
[2025-03-30T20:15:20.674+0000][7][gc,start    ] GC(65) Pause Young (Normal) (G1 Evacuation Pause)
[2025-03-30T20:15:20.675+0000][7][gc,task     ] GC(65) Using 2 workers of 2 for evacuation
[2025-03-30T20:15:20.676+0000][7][gc,age      ] GC(65) Desired survivor size 41943040 bytes, new threshold 15 (max threshold 15)
[2025-03-30T20:15:20.740+0000][7][gc,age      ] GC(65) Age table with threshold 15 (max threshold 15)
[2025-03-30T20:15:20.740+0000][7][gc,age      ] GC(65) - age   1:      69400 bytes,      69400 total
[2025-03-30T20:15:20.740+0000][7][gc,age      ] GC(65) - age   2:      54080 bytes,     123480 total
[2025-03-30T20:15:20.740+0000][7][gc,age      ] GC(65) - age   3:      53664 bytes,     177144 total
[2025-03-30T20:15:20.740+0000][7][gc,age      ] GC(65) - age   4:      53864 bytes,     231008 total
[2025-03-30T20:15:20.740+0000][7][gc,age      ] GC(65) - age   5:      55416 bytes,     286424 total
[2025-03-30T20:15:20.740+0000][7][gc,age      ] GC(65) - age   6:      60872 bytes,     347296 total
[2025-03-30T20:15:20.740+0000][7][gc,age      ] GC(65) - age   7:      53504 bytes,     400800 total
[2025-03-30T20:15:20.740+0000][7][gc,age      ] GC(65) - age   8:      53440 bytes,     454240 total
[2025-03-30T20:15:20.740+0000][7][gc,age      ] GC(65) - age   9:      53440 bytes,     507680 total
[2025-03-30T20:15:20.740+0000][7][gc,age      ] GC(65) - age  10:      53120 bytes,     560800 total
[2025-03-30T20:15:20.740+0000][7][gc,age      ] GC(65) - age  11:      55720 bytes,     616520 total
[2025-03-30T20:15:20.740+0000][7][gc,age      ] GC(65) - age  12:      54848 bytes,     671368 total
[2025-03-30T20:15:20.740+0000][7][gc,age      ] GC(65) - age  13:      55984 bytes,     727352 total
[2025-03-30T20:15:20.740+0000][7][gc,age      ] GC(65) - age  14:      58800 bytes,     786152 total
[2025-03-30T20:15:20.740+0000][7][gc,age      ] GC(65) - age  15:      54440 bytes,     840592 total
[2025-03-30T20:15:20.741+0000][7][gc,phases   ] GC(65)   Pre Evacuate Collection Set: 2.2ms
[2025-03-30T20:15:20.741+0000][7][gc,phases   ] GC(65)   Merge Heap Roots: 1.2ms
[2025-03-30T20:15:20.741+0000][7][gc,phases   ] GC(65)   Evacuate Collection Set: 48.1ms
[2025-03-30T20:15:20.741+0000][7][gc,phases   ] GC(65)   Post Evacuate Collection Set: 12.0ms
[2025-03-30T20:15:20.741+0000][7][gc,phases   ] GC(65)   Other: 4.4ms
[2025-03-30T20:15:20.741+0000][7][gc,heap     ] GC(65) Eden regions: 152->0(152)
[2025-03-30T20:15:20.741+0000][7][gc,heap     ] GC(65) Survivor regions: 1->1(20)
[2025-03-30T20:15:20.741+0000][7][gc,heap     ] GC(65) Old regions: 19->19
[2025-03-30T20:15:20.741+0000][7][gc,heap     ] GC(65) Archive regions: 2->2
[2025-03-30T20:15:20.741+0000][7][gc,heap     ] GC(65) Humongous regions: 2->2
[2025-03-30T20:15:20.741+0000][7][gc,metaspace] GC(65) Metaspace: 108100K(109632K)->108100K(109632K) NonClass: 93321K(94208K)->93321K(94208K) Class: 14779K(15424K)->14779K(15424K)
[2025-03-30T20:15:20.741+0000][7][gc          ] GC(65) Pause Young (Normal) (G1 Evacuation Pause) 696M->88M(1024M) 67.720ms
[2025-03-30T20:15:20.741+0000][7][gc,cpu      ] GC(65) User=0.12s Sys=0.00s Real=0.07s
[2025-03-30T20:15:20.741+0000][7][safepoint   ] Safepoint "G1CollectForAllocation", Time since last: 249652473071 ns, Reaching safepoint: 824208 ns, At safepoint: 69484209 ns, Total: 70308417 ns
[2025-03-30T20:26:05.960+0000][7][safepoint   ] Safepoint "Cleanup", Time since last: 645238825296 ns, Reaching safepoint: 560083 ns, At safepoint: 6333 ns, Total: 566416 ns
[2025-03-30T20:26:11.968+0000][7][safepoint   ] Safepoint "Cleanup", Time since last: 6008292670 ns, Reaching safepoint: 151666 ns, At safepoint: 10292 ns, Total: 161958 ns
[2025-03-30T20:26:12.971+0000][7][safepoint   ] Safepoint "Cleanup", Time since last: 1002343251 ns, Reaching safepoint: 207208 ns, At safepoint: 82417 ns, Total: 289625 ns
[2025-03-30T20:26:13.972+0000][7][safepoint   ] Safepoint "Cleanup", Time since last: 1000646500 ns, Reaching safepoint: 84125 ns, At safepoint: 4541 ns, Total: 88666 ns
[2025-03-30T20:28:27.155+0000][7][safepoint   ] Safepoint "Cleanup", Time since last: 133182050353 ns, Reaching safepoint: 842875 ns, At safepoint: 24083 ns, Total: 866958 ns
[2025-03-30T20:28:42.175+0000][7][safepoint   ] Safepoint "Cleanup", Time since last: 15018697174 ns, Reaching safepoint: 1025708 ns, At safepoint: 44584 ns, Total: 1070292 ns
[2025-03-30T20:32:59.574+0000][7][safepoint   ] Safepoint "Cleanup", Time since last: 257397781451 ns, Reaching safepoint: 770333 ns, At safepoint: 43042 ns, Total: 813375 ns
[2025-03-30T20:37:42.097+0000][7][safepoint   ] Safepoint "Cleanup", Time since last: 282521331337 ns, Reaching safepoint: 709208 ns, At safepoint: 35833 ns, Total: 745041 ns
[2025-03-30T20:41:59.455+0000][7][safepoint   ] Safepoint "Cleanup", Time since last: 257356122742 ns, Reaching safepoint: 479792 ns, At safepoint: 26958 ns, Total: 506750 ns
[2025-03-30T20:43:18.109+0000][7][gc,start    ] GC(66) Pause Young (Normal) (G1 Evacuation Pause)
[2025-03-30T20:43:18.111+0000][7][gc,task     ] GC(66) Using 2 workers of 2 for evacuation
[2025-03-30T20:43:18.113+0000][7][gc,age      ] GC(66) Desired survivor size 41943040 bytes, new threshold 15 (max threshold 15)
[2025-03-30T20:43:18.147+0000][7][gc,age      ] GC(66) Age table with threshold 15 (max threshold 15)
[2025-03-30T20:43:18.147+0000][7][gc,age      ] GC(66) - age   1:     250728 bytes,     250728 total
[2025-03-30T20:43:18.147+0000][7][gc,age      ] GC(66) - age   2:      57456 bytes,     308184 total
[2025-03-30T20:43:18.147+0000][7][gc,age      ] GC(66) - age   3:      53880 bytes,     362064 total
[2025-03-30T20:43:18.147+0000][7][gc,age      ] GC(66) - age   4:      53664 bytes,     415728 total
[2025-03-30T20:43:18.148+0000][7][gc,age      ] GC(66) - age   5:      53864 bytes,     469592 total
[2025-03-30T20:43:18.148+0000][7][gc,age      ] GC(66) - age   6:      55416 bytes,     525008 total
[2025-03-30T20:43:18.148+0000][7][gc,age      ] GC(66) - age   7:      60872 bytes,     585880 total
[2025-03-30T20:43:18.148+0000][7][gc,age      ] GC(66) - age   8:      53504 bytes,     639384 total
[2025-03-30T20:43:18.148+0000][7][gc,age      ] GC(66) - age   9:      53440 bytes,     692824 total
[2025-03-30T20:43:18.148+0000][7][gc,age      ] GC(66) - age  10:      53440 bytes,     746264 total
[2025-03-30T20:43:18.148+0000][7][gc,age      ] GC(66) - age  11:      53120 bytes,     799384 total
[2025-03-30T20:43:18.148+0000][7][gc,age      ] GC(66) - age  12:      55720 bytes,     855104 total
[2025-03-30T20:43:18.148+0000][7][gc,age      ] GC(66) - age  13:      54848 bytes,     909952 total
[2025-03-30T20:43:18.148+0000][7][gc,age      ] GC(66) - age  14:      55984 bytes,     965936 total
[2025-03-30T20:43:18.148+0000][7][gc,age      ] GC(66) - age  15:      58800 bytes,    1024736 total
[2025-03-30T20:43:18.149+0000][7][gc,phases   ] GC(66)   Pre Evacuate Collection Set: 1.4ms
[2025-03-30T20:43:18.149+0000][7][gc,phases   ] GC(66)   Merge Heap Roots: 0.8ms
[2025-03-30T20:43:18.149+0000][7][gc,phases   ] GC(66)   Evacuate Collection Set: 28.2ms
[2025-03-30T20:43:18.149+0000][7][gc,phases   ] GC(66)   Post Evacuate Collection Set: 4.3ms
[2025-03-30T20:43:18.149+0000][7][gc,phases   ] GC(66)   Other: 5.0ms
[2025-03-30T20:43:18.149+0000][7][gc,heap     ] GC(66) Eden regions: 152->0(152)
[2025-03-30T20:43:18.149+0000][7][gc,heap     ] GC(66) Survivor regions: 1->1(20)
[2025-03-30T20:43:18.149+0000][7][gc,heap     ] GC(66) Old regions: 19->19
[2025-03-30T20:43:18.149+0000][7][gc,heap     ] GC(66) Archive regions: 2->2
[2025-03-30T20:43:18.149+0000][7][gc,heap     ] GC(66) Humongous regions: 2->2
[2025-03-30T20:43:18.149+0000][7][gc,metaspace] GC(66) Metaspace: 108542K(110144K)->108542K(110144K) NonClass: 93685K(94656K)->93685K(94656K) Class: 14857K(15488K)->14857K(15488K)
[2025-03-30T20:43:18.150+0000][7][gc          ] GC(66) Pause Young (Normal) (G1 Evacuation Pause) 696M->88M(1024M) 40.300ms
[2025-03-30T20:43:18.150+0000][7][gc,cpu      ] GC(66) User=0.07s Sys=0.00s Real=0.04s
[2025-03-30T20:43:18.150+0000][7][safepoint   ] Safepoint "G1CollectForAllocation", Time since last: 78651322494 ns, Reaching safepoint: 942833 ns, At safepoint: 42598834 ns, Total: 43541667 ns
[2025-03-30T20:50:43.065+0000][7][safepoint   ] Safepoint "Cleanup", Time since last: 444912957661 ns, Reaching safepoint: 536417 ns, At safepoint: 15291 ns, Total: 551708 ns
[2025-03-30T20:54:42.481+0000][7][safepoint   ] Safepoint "Cleanup", Time since last: 239398240527 ns, Reaching safepoint: 1218667 ns, At safepoint: 107125 ns, Total: 1325792 ns
[2025-03-30T20:58:12.895+0000][7][safepoint   ] Safepoint "Cleanup", Time since last: 210412342304 ns, Reaching safepoint: 458667 ns, At safepoint: 24666 ns, Total: 483333 ns
[2025-03-30T20:58:42.930+0000][7][safepoint   ] Safepoint "Cleanup", Time since last: 30033935597 ns, Reaching safepoint: 1005667 ns, At safepoint: 48458 ns, Total: 1054125 ns
[2025-03-30T21:07:12.899+0000][7][safepoint   ] Safepoint "Cleanup", Time since last: 509962148775 ns, Reaching safepoint: 1777083 ns, At safepoint: 199083 ns, Total: 1976166 ns
[2025-03-30T21:08:12.969+0000][7][safepoint   ] Safepoint "Cleanup", Time since last: 60069165403 ns, Reaching safepoint: 437125 ns, At safepoint: 19000 ns, Total: 456125 ns
[2025-03-30T21:11:22.628+0000][7][gc,start    ] GC(67) Pause Young (Normal) (G1 Evacuation Pause)
[2025-03-30T21:11:22.630+0000][7][gc,task     ] GC(67) Using 2 workers of 2 for evacuation
[2025-03-30T21:11:22.631+0000][7][gc,age      ] GC(67) Desired survivor size 41943040 bytes, new threshold 15 (max threshold 15)
[2025-03-30T21:11:22.707+0000][7][gc,age      ] GC(67) Age table with threshold 15 (max threshold 15)
[2025-03-30T21:11:22.707+0000][7][gc,age      ] GC(67) - age   1:      65928 bytes,      65928 total
[2025-03-30T21:11:22.707+0000][7][gc,age      ] GC(67) - age   2:     219024 bytes,     284952 total
[2025-03-30T21:11:22.707+0000][7][gc,age      ] GC(67) - age   3:      57072 bytes,     342024 total
[2025-03-30T21:11:22.707+0000][7][gc,age      ] GC(67) - age   4:      53880 bytes,     395904 total
[2025-03-30T21:11:22.707+0000][7][gc,age      ] GC(67) - age   5:      53664 bytes,     449568 total
[2025-03-30T21:11:22.707+0000][7][gc,age      ] GC(67) - age   6:      53864 bytes,     503432 total
[2025-03-30T21:11:22.707+0000][7][gc,age      ] GC(67) - age   7:      55416 bytes,     558848 total
[2025-03-30T21:11:22.707+0000][7][gc,age      ] GC(67) - age   8:      60872 bytes,     619720 total
[2025-03-30T21:11:22.707+0000][7][gc,age      ] GC(67) - age   9:      53504 bytes,     673224 total
[2025-03-30T21:11:22.707+0000][7][gc,age      ] GC(67) - age  10:      53440 bytes,     726664 total
[2025-03-30T21:11:22.707+0000][7][gc,age      ] GC(67) - age  11:      53440 bytes,     780104 total
[2025-03-30T21:11:22.707+0000][7][gc,age      ] GC(67) - age  12:      53120 bytes,     833224 total
[2025-03-30T21:11:22.707+0000][7][gc,age      ] GC(67) - age  13:      55720 bytes,     888944 total
[2025-03-30T21:11:22.707+0000][7][gc,age      ] GC(67) - age  14:      54848 bytes,     943792 total
[2025-03-30T21:11:22.707+0000][7][gc,age      ] GC(67) - age  15:      55984 bytes,     999776 total
[2025-03-30T21:11:22.708+0000][7][gc,phases   ] GC(67)   Pre Evacuate Collection Set: 1.8ms
[2025-03-30T21:11:22.708+0000][7][gc,phases   ] GC(67)   Merge Heap Roots: 0.9ms
[2025-03-30T21:11:22.708+0000][7][gc,phases   ] GC(67)   Evacuate Collection Set: 59.5ms
[2025-03-30T21:11:22.708+0000][7][gc,phases   ] GC(67)   Post Evacuate Collection Set: 13.6ms
[2025-03-30T21:11:22.708+0000][7][gc,phases   ] GC(67)   Other: 5.1ms
[2025-03-30T21:11:22.708+0000][7][gc,heap     ] GC(67) Eden regions: 152->0(152)
[2025-03-30T21:11:22.708+0000][7][gc,heap     ] GC(67) Survivor regions: 1->1(20)
[2025-03-30T21:11:22.708+0000][7][gc,heap     ] GC(67) Old regions: 19->19
[2025-03-30T21:11:22.708+0000][7][gc,heap     ] GC(67) Archive regions: 2->2
[2025-03-30T21:11:22.708+0000][7][gc,heap     ] GC(67) Humongous regions: 2->2
[2025-03-30T21:11:22.708+0000][7][gc,metaspace] GC(67) Metaspace: 108547K(110144K)->108547K(110144K) NonClass: 93689K(94656K)->93689K(94656K) Class: 14857K(15488K)->14857K(15488K)
[2025-03-30T21:11:22.709+0000][7][gc          ] GC(67) Pause Young (Normal) (G1 Evacuation Pause) 696M->88M(1024M) 80.434ms
[2025-03-30T21:11:22.709+0000][7][gc,cpu      ] GC(67) User=0.15s Sys=0.00s Real=0.08s
[2025-03-30T21:11:22.709+0000][7][safepoint   ] Safepoint "G1CollectForAllocation", Time since last: 189655404128 ns, Reaching safepoint: 882583 ns, At safepoint: 82750834 ns, Total: 83633417 ns
[2025-03-30T21:13:42.868+0000][7][safepoint   ] Safepoint "Cleanup", Time since last: 140156584230 ns, Reaching safepoint: 917458 ns, At safepoint: 34125 ns, Total: 951583 ns
[2025-03-30T21:25:07.177+0000][7][safepoint   ] Safepoint "Cleanup", Time since last: 684346994023 ns, Reaching safepoint: 743375 ns, At safepoint: 74417 ns, Total: 817792 ns
[2025-03-30T21:25:17.189+0000][7][safepoint   ] Safepoint "Cleanup", Time since last: 10012503629 ns, Reaching safepoint: 549125 ns, At safepoint: 20250 ns, Total: 569375 ns
[2025-03-30T21:39:27.270+0000][7][gc,start    ] GC(68) Pause Young (Normal) (G1 Evacuation Pause)
[2025-03-30T21:39:27.271+0000][7][gc,task     ] GC(68) Using 2 workers of 2 for evacuation
[2025-03-30T21:39:27.273+0000][7][gc,age      ] GC(68) Desired survivor size 41943040 bytes, new threshold 15 (max threshold 15)
[2025-03-30T21:39:27.305+0000][7][gc,age      ] GC(68) Age table with threshold 15 (max threshold 15)
[2025-03-30T21:39:27.305+0000][7][gc,age      ] GC(68) - age   1:      69296 bytes,      69296 total
[2025-03-30T21:39:27.305+0000][7][gc,age      ] GC(68) - age   2:      54096 bytes,     123392 total
[2025-03-30T21:39:27.305+0000][7][gc,age      ] GC(68) - age   3:     219024 bytes,     342416 total
[2025-03-30T21:39:27.305+0000][7][gc,age      ] GC(68) - age   4:      57072 bytes,     399488 total
[2025-03-30T21:39:27.305+0000][7][gc,age      ] GC(68) - age   5:      53880 bytes,     453368 total
[2025-03-30T21:39:27.305+0000][7][gc,age      ] GC(68) - age   6:      53664 bytes,     507032 total
[2025-03-30T21:39:27.305+0000][7][gc,age      ] GC(68) - age   7:      53864 bytes,     560896 total
[2025-03-30T21:39:27.305+0000][7][gc,age      ] GC(68) - age   8:      55416 bytes,     616312 total
[2025-03-30T21:39:27.305+0000][7][gc,age      ] GC(68) - age   9:      60872 bytes,     677184 total
[2025-03-30T21:39:27.305+0000][7][gc,age      ] GC(68) - age  10:      53504 bytes,     730688 total
[2025-03-30T21:39:27.305+0000][7][gc,age      ] GC(68) - age  11:      53440 bytes,     784128 total
[2025-03-30T21:39:27.305+0000][7][gc,age      ] GC(68) - age  12:      53440 bytes,     837568 total
[2025-03-30T21:39:27.305+0000][7][gc,age      ] GC(68) - age  13:      53120 bytes,     890688 total
[2025-03-30T21:39:27.305+0000][7][gc,age      ] GC(68) - age  14:      55720 bytes,     946408 total
[2025-03-30T21:39:27.305+0000][7][gc,age      ] GC(68) - age  15:      54848 bytes,    1001256 total
[2025-03-30T21:39:27.305+0000][7][gc,phases   ] GC(68)   Pre Evacuate Collection Set: 2.3ms
[2025-03-30T21:39:27.305+0000][7][gc,phases   ] GC(68)   Merge Heap Roots: 0.7ms
[2025-03-30T21:39:27.305+0000][7][gc,phases   ] GC(68)   Evacuate Collection Set: 24.5ms
[2025-03-30T21:39:27.305+0000][7][gc,phases   ] GC(68)   Post Evacuate Collection Set: 5.0ms
[2025-03-30T21:39:27.305+0000][7][gc,phases   ] GC(68)   Other: 3.8ms
[2025-03-30T21:39:27.305+0000][7][gc,heap     ] GC(68) Eden regions: 152->0(152)
[2025-03-30T21:39:27.306+0000][7][gc,heap     ] GC(68) Survivor regions: 1->1(20)
[2025-03-30T21:39:27.306+0000][7][gc,heap     ] GC(68) Old regions: 19->19
[2025-03-30T21:39:27.306+0000][7][gc,heap     ] GC(68) Archive regions: 2->2
[2025-03-30T21:39:27.306+0000][7][gc,heap     ] GC(68) Humongous regions: 2->2
[2025-03-30T21:39:27.306+0000][7][gc,metaspace] GC(68) Metaspace: 108550K(110144K)->108550K(110144K) NonClass: 93693K(94656K)->93693K(94656K) Class: 14857K(15488K)->14857K(15488K)
[2025-03-30T21:39:27.306+0000][7][gc          ] GC(68) Pause Young (Normal) (G1 Evacuation Pause) 696M->88M(1024M) 36.095ms
[2025-03-30T21:39:27.306+0000][7][gc,cpu      ] GC(68) User=0.06s Sys=0.00s Real=0.03s
[2025-03-30T21:39:27.306+0000][7][safepoint   ] Safepoint "G1CollectForAllocation", Time since last: 850088279052 ns, Reaching safepoint: 1079250 ns, At safepoint: 37630250 ns, Total: 38709500 ns
[2025-03-30T21:44:13.708+0000][7][safepoint   ] Safepoint "Cleanup", Time since last: 286398755382 ns, Reaching safepoint: 527958 ns, At safepoint: 20667 ns, Total: 548625 ns
[2025-03-30T21:46:13.874+0000][7][safepoint   ] Safepoint "Cleanup", Time since last: 120167838846 ns, Reaching safepoint: 617875 ns, At safepoint: 21917 ns, Total: 639792 ns
[2025-03-30T21:46:32.766+0000][7][safepoint   ] Safepoint "Cleanup", Time since last: 18889222716 ns, Reaching safepoint: 381084 ns, At safepoint: 20458 ns, Total: 401542 ns
[2025-03-30T22:07:34.579+0000][7][gc,start    ] GC(69) Pause Young (Normal) (G1 Evacuation Pause)
[2025-03-30T22:07:34.580+0000][7][gc,task     ] GC(69) Using 2 workers of 2 for evacuation
[2025-03-30T22:07:34.582+0000][7][gc,age      ] GC(69) Desired survivor size 41943040 bytes, new threshold 15 (max threshold 15)
[2025-03-30T22:07:34.618+0000][7][gc,age      ] GC(69) Age table with threshold 15 (max threshold 15)
[2025-03-30T22:07:34.618+0000][7][gc,age      ] GC(69) - age   1:      65856 bytes,      65856 total
[2025-03-30T22:07:34.618+0000][7][gc,age      ] GC(69) - age   2:      53696 bytes,     119552 total
[2025-03-30T22:07:34.618+0000][7][gc,age      ] GC(69) - age   3:      53512 bytes,     173064 total
[2025-03-30T22:07:34.618+0000][7][gc,age      ] GC(69) - age   4:     219024 bytes,     392088 total
[2025-03-30T22:07:34.618+0000][7][gc,age      ] GC(69) - age   5:      57072 bytes,     449160 total
[2025-03-30T22:07:34.618+0000][7][gc,age      ] GC(69) - age   6:      53880 bytes,     503040 total
[2025-03-30T22:07:34.618+0000][7][gc,age      ] GC(69) - age   7:      53664 bytes,     556704 total
[2025-03-30T22:07:34.618+0000][7][gc,age      ] GC(69) - age   8:      53864 bytes,     610568 total
[2025-03-30T22:07:34.618+0000][7][gc,age      ] GC(69) - age   9:      55416 bytes,     665984 total
[2025-03-30T22:07:34.618+0000][7][gc,age      ] GC(69) - age  10:      60872 bytes,     726856 total
[2025-03-30T22:07:34.618+0000][7][gc,age      ] GC(69) - age  11:      53504 bytes,     780360 total
[2025-03-30T22:07:34.618+0000][7][gc,age      ] GC(69) - age  12:      53440 bytes,     833800 total
[2025-03-30T22:07:34.618+0000][7][gc,age      ] GC(69) - age  13:      53440 bytes,     887240 total
[2025-03-30T22:07:34.619+0000][7][gc,age      ] GC(69) - age  14:      53120 bytes,     940360 total
[2025-03-30T22:07:34.619+0000][7][gc,age      ] GC(69) - age  15:      55720 bytes,     996080 total
[2025-03-30T22:07:34.619+0000][7][gc,phases   ] GC(69)   Pre Evacuate Collection Set: 2.1ms
[2025-03-30T22:07:34.619+0000][7][gc,phases   ] GC(69)   Merge Heap Roots: 0.5ms
[2025-03-30T22:07:34.619+0000][7][gc,phases   ] GC(69)   Evacuate Collection Set: 26.2ms
[2025-03-30T22:07:34.619+0000][7][gc,phases   ] GC(69)   Post Evacuate Collection Set: 7.6ms
[2025-03-30T22:07:34.619+0000][7][gc,phases   ] GC(69)   Other: 4.4ms
[2025-03-30T22:07:34.619+0000][7][gc,heap     ] GC(69) Eden regions: 152->0(152)
[2025-03-30T22:07:34.619+0000][7][gc,heap     ] GC(69) Survivor regions: 1->1(20)
[2025-03-30T22:07:34.619+0000][7][gc,heap     ] GC(69) Old regions: 19->19
[2025-03-30T22:07:34.619+0000][7][gc,heap     ] GC(69) Archive regions: 2->2
[2025-03-30T22:07:34.619+0000][7][gc,heap     ] GC(69) Humongous regions: 2->2
[2025-03-30T22:07:34.619+0000][7][gc,metaspace] GC(69) Metaspace: 108562K(110144K)->108562K(110144K) NonClass: 93705K(94656K)->93705K(94656K) Class: 14857K(15488K)->14857K(15488K)
[2025-03-30T22:07:34.620+0000][7][gc          ] GC(69) Pause Young (Normal) (G1 Evacuation Pause) 696M->88M(1024M) 40.856ms
[2025-03-30T22:07:34.620+0000][7][gc,cpu      ] GC(69) User=0.07s Sys=0.00s Real=0.04s
[2025-03-30T22:07:34.620+0000][7][safepoint   ] Safepoint "G1CollectForAllocation", Time since last: 1261820407781 ns, Reaching safepoint: 769875 ns, At safepoint: 41776167 ns, Total: 42546042 ns
[2025-03-30T22:12:59.853+0000][7][safepoint   ] Safepoint "Cleanup", Time since last: 325176912563 ns, Reaching safepoint: 682209 ns, At safepoint: 55250 ns, Total: 737459 ns
[2025-03-30T22:19:05.522+0000][7][safepoint   ] Safepoint "Cleanup", Time since last: 365663498792 ns, Reaching safepoint: 908208 ns, At safepoint: 25917 ns, Total: 934125 ns
[2025-03-30T22:24:45.192+0000][7][safepoint   ] Safepoint "Cleanup", Time since last: 339665854864 ns, Reaching safepoint: 539000 ns, At safepoint: 31083 ns, Total: 570083 ns
[2025-03-30T22:29:45.809+0000][7][safepoint   ] Safepoint "Cleanup", Time since last: 300613282722 ns, Reaching safepoint: 884500 ns, At safepoint: 38334 ns, Total: 922834 ns
[2025-03-30T22:31:15.925+0000][7][safepoint   ] Safepoint "Cleanup", Time since last: 90114078791 ns, Reaching safepoint: 1308250 ns, At safepoint: 328166 ns, Total: 1636416 ns
[2025-03-30T22:35:43.422+0000][7][gc,start    ] GC(70) Pause Young (Normal) (G1 Evacuation Pause)
[2025-03-30T22:35:43.424+0000][7][gc,task     ] GC(70) Using 2 workers of 2 for evacuation
[2025-03-30T22:35:43.425+0000][7][gc,age      ] GC(70) Desired survivor size 41943040 bytes, new threshold 15 (max threshold 15)
[2025-03-30T22:35:43.477+0000][7][gc,age      ] GC(70) Age table with threshold 15 (max threshold 15)
[2025-03-30T22:35:43.477+0000][7][gc,age      ] GC(70) - age   1:      66072 bytes,      66072 total
[2025-03-30T22:35:43.477+0000][7][gc,age      ] GC(70) - age   2:      53648 bytes,     119720 total
[2025-03-30T22:35:43.477+0000][7][gc,age      ] GC(70) - age   3:      53696 bytes,     173416 total
[2025-03-30T22:35:43.477+0000][7][gc,age      ] GC(70) - age   4:      53512 bytes,     226928 total
[2025-03-30T22:35:43.477+0000][7][gc,age      ] GC(70) - age   5:     219024 bytes,     445952 total
[2025-03-30T22:35:43.477+0000][7][gc,age      ] GC(70) - age   6:      57072 bytes,     503024 total
[2025-03-30T22:35:43.477+0000][7][gc,age      ] GC(70) - age   7:      53880 bytes,     556904 total
[2025-03-30T22:35:43.477+0000][7][gc,age      ] GC(70) - age   8:      53664 bytes,     610568 total
[2025-03-30T22:35:43.477+0000][7][gc,age      ] GC(70) - age   9:      53864 bytes,     664432 total
[2025-03-30T22:35:43.477+0000][7][gc,age      ] GC(70) - age  10:      55416 bytes,     719848 total
[2025-03-30T22:35:43.477+0000][7][gc,age      ] GC(70) - age  11:      60872 bytes,     780720 total
[2025-03-30T22:35:43.477+0000][7][gc,age      ] GC(70) - age  12:      53504 bytes,     834224 total
[2025-03-30T22:35:43.477+0000][7][gc,age      ] GC(70) - age  13:      53440 bytes,     887664 total
[2025-03-30T22:35:43.477+0000][7][gc,age      ] GC(70) - age  14:      53440 bytes,     941104 total
[2025-03-30T22:35:43.477+0000][7][gc,age      ] GC(70) - age  15:      53120 bytes,     994224 total
[2025-03-30T22:35:43.478+0000][7][gc,phases   ] GC(70)   Pre Evacuate Collection Set: 1.9ms
[2025-03-30T22:35:43.478+0000][7][gc,phases   ] GC(70)   Merge Heap Roots: 0.9ms
[2025-03-30T22:35:43.478+0000][7][gc,phases   ] GC(70)   Evacuate Collection Set: 42.6ms
[2025-03-30T22:35:43.478+0000][7][gc,phases   ] GC(70)   Post Evacuate Collection Set: 6.7ms
[2025-03-30T22:35:43.478+0000][7][gc,phases   ] GC(70)   Other: 6.8ms
[2025-03-30T22:35:43.478+0000][7][gc,heap     ] GC(70) Eden regions: 152->0(152)
[2025-03-30T22:35:43.478+0000][7][gc,heap     ] GC(70) Survivor regions: 1->1(20)
[2025-03-30T22:35:43.478+0000][7][gc,heap     ] GC(70) Old regions: 19->20
[2025-03-30T22:35:43.478+0000][7][gc,heap     ] GC(70) Archive regions: 2->2
[2025-03-30T22:35:43.478+0000][7][gc,heap     ] GC(70) Humongous regions: 2->2
[2025-03-30T22:35:43.478+0000][7][gc,metaspace] GC(70) Metaspace: 108568K(110144K)->108568K(110144K) NonClass: 93710K(94656K)->93710K(94656K) Class: 14857K(15488K)->14857K(15488K)
[2025-03-30T22:35:43.478+0000][7][gc          ] GC(70) Pause Young (Normal) (G1 Evacuation Pause) 696M->89M(1024M) 56.023ms
[2025-03-30T22:35:43.478+0000][7][gc,cpu      ] GC(70) User=0.10s Sys=0.00s Real=0.05s
[2025-03-30T22:35:43.478+0000][7][safepoint   ] Safepoint "G1CollectForAllocation", Time since last: 267490049331 ns, Reaching safepoint: 770208 ns, At safepoint: 59788750 ns, Total: 60558958 ns
[2025-03-30T23:52:55.054+0000][7][gc,start    ] GC(71) Pause Young (Normal) (G1 Evacuation Pause)
[2025-03-30T23:52:55.056+0000][7][gc,task     ] GC(71) Using 2 workers of 2 for evacuation
[2025-03-30T23:52:55.058+0000][7][gc,age      ] GC(71) Desired survivor size 41943040 bytes, new threshold 15 (max threshold 15)
[2025-03-30T23:52:55.153+0000][7][gc,age      ] GC(71) Age table with threshold 15 (max threshold 15)
[2025-03-30T23:52:55.153+0000][7][gc,age      ] GC(71) - age   1:      65496 bytes,      65496 total
[2025-03-30T23:52:55.153+0000][7][gc,age      ] GC(71) - age   2:      54064 bytes,     119560 total
[2025-03-30T23:52:55.153+0000][7][gc,age      ] GC(71) - age   3:      53464 bytes,     173024 total
[2025-03-30T23:52:55.153+0000][7][gc,age      ] GC(71) - age   4:      53696 bytes,     226720 total
[2025-03-30T23:52:55.153+0000][7][gc,age      ] GC(71) - age   5:      53512 bytes,     280232 total
[2025-03-30T23:52:55.153+0000][7][gc,age      ] GC(71) - age   6:     219024 bytes,     499256 total
[2025-03-30T23:52:55.153+0000][7][gc,age      ] GC(71) - age   7:      57072 bytes,     556328 total
[2025-03-30T23:52:55.153+0000][7][gc,age      ] GC(71) - age   8:      53880 bytes,     610208 total
[2025-03-30T23:52:55.153+0000][7][gc,age      ] GC(71) - age   9:      53664 bytes,     663872 total
[2025-03-30T23:52:55.153+0000][7][gc,age      ] GC(71) - age  10:      53864 bytes,     717736 total
[2025-03-30T23:52:55.153+0000][7][gc,age      ] GC(71) - age  11:      55416 bytes,     773152 total
[2025-03-30T23:52:55.154+0000][7][gc,age      ] GC(71) - age  12:      60872 bytes,     834024 total
[2025-03-30T23:52:55.154+0000][7][gc,age      ] GC(71) - age  13:      53504 bytes,     887528 total
[2025-03-30T23:52:55.154+0000][7][gc,age      ] GC(71) - age  14:      53440 bytes,     940968 total
[2025-03-30T23:52:55.154+0000][7][gc,age      ] GC(71) - age  15:      53440 bytes,     994408 total
[2025-03-30T23:52:55.154+0000][7][gc,phases   ] GC(71)   Pre Evacuate Collection Set: 3.0ms
[2025-03-30T23:52:55.154+0000][7][gc,phases   ] GC(71)   Merge Heap Roots: 1.0ms
[2025-03-30T23:52:55.154+0000][7][gc,phases   ] GC(71)   Evacuate Collection Set: 77.4ms
[2025-03-30T23:52:55.154+0000][7][gc,phases   ] GC(71)   Post Evacuate Collection Set: 14.4ms
[2025-03-30T23:52:55.154+0000][7][gc,phases   ] GC(71)   Other: 5.2ms
[2025-03-30T23:52:55.154+0000][7][gc,heap     ] GC(71) Eden regions: 152->0(152)
[2025-03-30T23:52:55.154+0000][7][gc,heap     ] GC(71) Survivor regions: 1->1(20)
[2025-03-30T23:52:55.154+0000][7][gc,heap     ] GC(71) Old regions: 20->20
[2025-03-30T23:52:55.154+0000][7][gc,heap     ] GC(71) Archive regions: 2->2
[2025-03-30T23:52:55.154+0000][7][gc,heap     ] GC(71) Humongous regions: 2->2
[2025-03-30T23:52:55.154+0000][7][gc,metaspace] GC(71) Metaspace: 108575K(110144K)->108575K(110144K) NonClass: 93718K(94656K)->93718K(94656K) Class: 14857K(15488K)->14857K(15488K)
[2025-03-30T23:52:55.154+0000][7][gc          ] GC(71) Pause Young (Normal) (G1 Evacuation Pause) 697M->89M(1024M) 100.611ms
[2025-03-30T23:52:55.155+0000][7][gc,cpu      ] GC(71) User=0.19s Sys=0.00s Real=0.10s
[2025-03-30T23:52:55.155+0000][7][safepoint   ] Safepoint "G1CollectForAllocation", Time since last: 1684600433474 ns, Reaching safepoint: 3473958 ns, At safepoint: 101774292 ns, Total: 105248250 ns
[2025-03-30T23:53:23.200+0000][7][safepoint   ] Safepoint "Cleanup", Time since last: 28044084597 ns, Reaching safepoint: 990333 ns, At safepoint: 45417 ns, Total: 1035750 ns
[2025-03-30T23:57:12.745+0000][7][safepoint   ] Safepoint "Cleanup", Time since last: 229540573064 ns, Reaching safepoint: 2174291 ns, At safepoint: 101417 ns, Total: 2275708 ns
[2025-03-31T00:38:42.369+0000][7][safepoint   ] Safepoint "Cleanup", Time since last: 618399344322 ns, Reaching safepoint: 3933458 ns, At safepoint: 55667 ns, Total: 3989125 ns
[2025-03-31T00:52:11.142+0000][7][gc,start    ] GC(72) Pause Young (Normal) (G1 Evacuation Pause)
[2025-03-31T00:52:11.143+0000][7][gc,task     ] GC(72) Using 2 workers of 2 for evacuation
[2025-03-31T00:52:11.144+0000][7][gc,age      ] GC(72) Desired survivor size 41943040 bytes, new threshold 15 (max threshold 15)
[2025-03-31T00:52:11.218+0000][7][gc,age      ] GC(72) Age table with threshold 15 (max threshold 15)
[2025-03-31T00:52:11.219+0000][7][gc,age      ] GC(72) - age   1:      68280 bytes,      68280 total
[2025-03-31T00:52:11.219+0000][7][gc,age      ] GC(72) - age   2:      53624 bytes,     121904 total
[2025-03-31T00:52:11.219+0000][7][gc,age      ] GC(72) - age   3:      53864 bytes,     175768 total
[2025-03-31T00:52:11.219+0000][7][gc,age      ] GC(72) - age   4:      53464 bytes,     229232 total
[2025-03-31T00:52:11.219+0000][7][gc,age      ] GC(72) - age   5:      53696 bytes,     282928 total
[2025-03-31T00:52:11.219+0000][7][gc,age      ] GC(72) - age   6:      53512 bytes,     336440 total
[2025-03-31T00:52:11.219+0000][7][gc,age      ] GC(72) - age   7:     219024 bytes,     555464 total
[2025-03-31T00:52:11.219+0000][7][gc,age      ] GC(72) - age   8:      57072 bytes,     612536 total
[2025-03-31T00:52:11.219+0000][7][gc,age      ] GC(72) - age   9:      53880 bytes,     666416 total
[2025-03-31T00:52:11.219+0000][7][gc,age      ] GC(72) - age  10:      53664 bytes,     720080 total
[2025-03-31T00:52:11.219+0000][7][gc,age      ] GC(72) - age  11:      53864 bytes,     773944 total
[2025-03-31T00:52:11.219+0000][7][gc,age      ] GC(72) - age  12:      53176 bytes,     827120 total
[2025-03-31T00:52:11.219+0000][7][gc,age      ] GC(72) - age  13:      60872 bytes,     887992 total
[2025-03-31T00:52:11.219+0000][7][gc,age      ] GC(72) - age  14:      53504 bytes,     941496 total
[2025-03-31T00:52:11.219+0000][7][gc,age      ] GC(72) - age  15:      53440 bytes,     994936 total
[2025-03-31T00:52:11.219+0000][7][gc,phases   ] GC(72)   Pre Evacuate Collection Set: 2.1ms
[2025-03-31T00:52:11.219+0000][7][gc,phases   ] GC(72)   Merge Heap Roots: 0.7ms
[2025-03-31T00:52:11.219+0000][7][gc,phases   ] GC(72)   Evacuate Collection Set: 58.1ms
[2025-03-31T00:52:11.220+0000][7][gc,phases   ] GC(72)   Post Evacuate Collection Set: 14.1ms
[2025-03-31T00:52:11.220+0000][7][gc,phases   ] GC(72)   Other: 3.3ms
[2025-03-31T00:52:11.220+0000][7][gc,heap     ] GC(72) Eden regions: 152->0(152)
[2025-03-31T00:52:11.220+0000][7][gc,heap     ] GC(72) Survivor regions: 1->1(20)
[2025-03-31T00:52:11.220+0000][7][gc,heap     ] GC(72) Old regions: 20->20
[2025-03-31T00:52:11.220+0000][7][gc,heap     ] GC(72) Archive regions: 2->2
[2025-03-31T00:52:11.220+0000][7][gc,heap     ] GC(72) Humongous regions: 2->2
[2025-03-31T00:52:11.220+0000][7][gc,metaspace] GC(72) Metaspace: 108578K(110144K)->108578K(110144K) NonClass: 93721K(94656K)->93721K(94656K) Class: 14857K(15488K)->14857K(15488K)
[2025-03-31T00:52:11.220+0000][7][gc          ] GC(72) Pause Young (Normal) (G1 Evacuation Pause) 697M->89M(1024M) 78.144ms
[2025-03-31T00:52:11.220+0000][7][gc,cpu      ] GC(72) User=0.15s Sys=0.00s Real=0.08s
[2025-03-31T00:52:11.220+0000][7][safepoint   ] Safepoint "G1CollectForAllocation", Time since last: 808783963826 ns, Reaching safepoint: 398875 ns, At safepoint: 79628167 ns, Total: 80027042 ns
[2025-03-31T01:02:06.272+0000][7][safepoint   ] Safepoint "Cleanup", Time since last: 595051057353 ns, Reaching safepoint: 2580834 ns, At safepoint: 77708 ns, Total: 2658542 ns
[2025-03-31T01:06:35.667+0000][7][safepoint   ] Safepoint "Cleanup", Time since last: 269391442872 ns, Reaching safepoint: 2693209 ns, At safepoint: 97541 ns, Total: 2790750 ns
[2025-03-31T01:08:05.775+0000][7][safepoint   ] Safepoint "Cleanup", Time since last: 90104218250 ns, Reaching safepoint: 2768875 ns, At safepoint: 206083 ns, Total: 2974958 ns
[2025-03-31T01:16:06.671+0000][7][safepoint   ] Safepoint "Cleanup", Time since last: 480895042470 ns, Reaching safepoint: 1558292 ns, At safepoint: 26666 ns, Total: 1584958 ns
[2025-03-31T01:20:21.272+0000][7][gc,start    ] GC(73) Pause Young (Normal) (G1 Evacuation Pause)
[2025-03-31T01:20:21.274+0000][7][gc,task     ] GC(73) Using 2 workers of 2 for evacuation
[2025-03-31T01:20:21.275+0000][7][gc,age      ] GC(73) Desired survivor size 41943040 bytes, new threshold 15 (max threshold 15)
[2025-03-31T01:20:21.314+0000][7][gc,age      ] GC(73) Age table with threshold 15 (max threshold 15)
[2025-03-31T01:20:21.314+0000][7][gc,age      ] GC(73) - age   1:      65672 bytes,      65672 total
[2025-03-31T01:20:21.314+0000][7][gc,age      ] GC(73) - age   2:      55680 bytes,     121352 total
[2025-03-31T01:20:21.314+0000][7][gc,age      ] GC(73) - age   3:      53440 bytes,     174792 total
[2025-03-31T01:20:21.314+0000][7][gc,age      ] GC(73) - age   4:      53864 bytes,     228656 total
[2025-03-31T01:20:21.314+0000][7][gc,age      ] GC(73) - age   5:      53464 bytes,     282120 total
[2025-03-31T01:20:21.314+0000][7][gc,age      ] GC(73) - age   6:      53696 bytes,     335816 total
[2025-03-31T01:20:21.314+0000][7][gc,age      ] GC(73) - age   7:      53512 bytes,     389328 total
[2025-03-31T01:20:21.314+0000][7][gc,age      ] GC(73) - age   8:     219024 bytes,     608352 total
[2025-03-31T01:20:21.314+0000][7][gc,age      ] GC(73) - age   9:      57072 bytes,     665424 total
[2025-03-31T01:20:21.314+0000][7][gc,age      ] GC(73) - age  10:      53880 bytes,     719304 total
[2025-03-31T01:20:21.314+0000][7][gc,age      ] GC(73) - age  11:      53664 bytes,     772968 total
[2025-03-31T01:20:21.314+0000][7][gc,age      ] GC(73) - age  12:      53864 bytes,     826832 total
[2025-03-31T01:20:21.314+0000][7][gc,age      ] GC(73) - age  13:      53176 bytes,     880008 total
[2025-03-31T01:20:21.314+0000][7][gc,age      ] GC(73) - age  14:      60872 bytes,     940880 total
[2025-03-31T01:20:21.315+0000][7][gc,age      ] GC(73) - age  15:      53504 bytes,     994384 total
[2025-03-31T01:20:21.315+0000][7][gc,phases   ] GC(73)   Pre Evacuate Collection Set: 0.7ms
[2025-03-31T01:20:21.315+0000][7][gc,phases   ] GC(73)   Merge Heap Roots: 0.6ms
[2025-03-31T01:20:21.315+0000][7][gc,phases   ] GC(73)   Evacuate Collection Set: 28.4ms
[2025-03-31T01:20:21.315+0000][7][gc,phases   ] GC(73)   Post Evacuate Collection Set: 9.5ms
[2025-03-31T01:20:21.315+0000][7][gc,phases   ] GC(73)   Other: 4.1ms
[2025-03-31T01:20:21.315+0000][7][gc,heap     ] GC(73) Eden regions: 152->0(152)
[2025-03-31T01:20:21.315+0000][7][gc,heap     ] GC(73) Survivor regions: 1->1(20)
[2025-03-31T01:20:21.315+0000][7][gc,heap     ] GC(73) Old regions: 20->20
[2025-03-31T01:20:21.315+0000][7][gc,heap     ] GC(73) Archive regions: 2->2
[2025-03-31T01:20:21.316+0000][7][gc,heap     ] GC(73) Humongous regions: 2->2
[2025-03-31T01:20:21.316+0000][7][gc,metaspace] GC(73) Metaspace: 108580K(110144K)->108580K(110144K) NonClass: 93723K(94656K)->93723K(94656K) Class: 14857K(15488K)->14857K(15488K)
[2025-03-31T01:20:21.316+0000][7][gc          ] GC(73) Pause Young (Normal) (G1 Evacuation Pause) 697M->89M(1024M) 43.887ms
[2025-03-31T01:20:21.316+0000][7][gc,cpu      ] GC(73) User=0.08s Sys=0.00s Real=0.05s
[2025-03-31T01:20:21.316+0000][7][safepoint   ] Safepoint "G1CollectForAllocation", Time since last: 254594558243 ns, Reaching safepoint: 1337416 ns, At safepoint: 45211084 ns, Total: 46548500 ns
[2025-03-31T01:48:27.260+0000][7][gc,start    ] GC(74) Pause Young (Normal) (G1 Evacuation Pause)
[2025-03-31T01:48:27.262+0000][7][gc,task     ] GC(74) Using 2 workers of 2 for evacuation
[2025-03-31T01:48:27.263+0000][7][gc,age      ] GC(74) Desired survivor size 41943040 bytes, new threshold 15 (max threshold 15)
[2025-03-31T01:48:27.302+0000][7][gc,age      ] GC(74) Age table with threshold 15 (max threshold 15)
[2025-03-31T01:48:27.302+0000][7][gc,age      ] GC(74) - age   1:      69360 bytes,      69360 total
[2025-03-31T01:48:27.302+0000][7][gc,age      ] GC(74) - age   2:      53440 bytes,     122800 total
[2025-03-31T01:48:27.302+0000][7][gc,age      ] GC(74) - age   3:      55680 bytes,     178480 total
[2025-03-31T01:48:27.302+0000][7][gc,age      ] GC(74) - age   4:      53440 bytes,     231920 total
[2025-03-31T01:48:27.302+0000][7][gc,age      ] GC(74) - age   5:      53864 bytes,     285784 total
[2025-03-31T01:48:27.302+0000][7][gc,age      ] GC(74) - age   6:      53464 bytes,     339248 total
[2025-03-31T01:48:27.302+0000][7][gc,age      ] GC(74) - age   7:      53696 bytes,     392944 total
[2025-03-31T01:48:27.302+0000][7][gc,age      ] GC(74) - age   8:      53512 bytes,     446456 total
[2025-03-31T01:48:27.302+0000][7][gc,age      ] GC(74) - age   9:     219024 bytes,     665480 total
[2025-03-31T01:48:27.302+0000][7][gc,age      ] GC(74) - age  10:      57072 bytes,     722552 total
[2025-03-31T01:48:27.302+0000][7][gc,age      ] GC(74) - age  11:      53880 bytes,     776432 total
[2025-03-31T01:48:27.302+0000][7][gc,age      ] GC(74) - age  12:      53664 bytes,     830096 total
[2025-03-31T01:48:27.302+0000][7][gc,age      ] GC(74) - age  13:      53864 bytes,     883960 total
[2025-03-31T01:48:27.302+0000][7][gc,age      ] GC(74) - age  14:      53176 bytes,     937136 total
[2025-03-31T01:48:27.302+0000][7][gc,age      ] GC(74) - age  15:      60872 bytes,     998008 total
[2025-03-31T01:48:27.303+0000][7][gc,phases   ] GC(74)   Pre Evacuate Collection Set: 0.9ms
[2025-03-31T01:48:27.303+0000][7][gc,phases   ] GC(74)   Merge Heap Roots: 0.6ms
[2025-03-31T01:48:27.303+0000][7][gc,phases   ] GC(74)   Evacuate Collection Set: 26.1ms
[2025-03-31T01:48:27.303+0000][7][gc,phases   ] GC(74)   Post Evacuate Collection Set: 11.4ms
[2025-03-31T01:48:27.303+0000][7][gc,phases   ] GC(74)   Other: 4.6ms
[2025-03-31T01:48:27.303+0000][7][gc,heap     ] GC(74) Eden regions: 152->0(152)
[2025-03-31T01:48:27.303+0000][7][gc,heap     ] GC(74) Survivor regions: 1->1(20)
[2025-03-31T01:48:27.303+0000][7][gc,heap     ] GC(74) Old regions: 20->20
[2025-03-31T01:48:27.303+0000][7][gc,heap     ] GC(74) Archive regions: 2->2
[2025-03-31T01:48:27.303+0000][7][gc,heap     ] GC(74) Humongous regions: 2->2
[2025-03-31T01:48:27.304+0000][7][gc,metaspace] GC(74) Metaspace: 108583K(110144K)->108583K(110144K) NonClass: 93726K(94656K)->93726K(94656K) Class: 14857K(15488K)->14857K(15488K)
[2025-03-31T01:48:27.304+0000][7][gc          ] GC(74) Pause Young (Normal) (G1 Evacuation Pause) 697M->89M(1024M) 43.479ms
[2025-03-31T01:48:27.304+0000][7][gc,cpu      ] GC(74) User=0.08s Sys=0.00s Real=0.05s
[2025-03-31T01:48:27.304+0000][7][safepoint   ] Safepoint "G1CollectForAllocation", Time since last: 1685935769350 ns, Reaching safepoint: 1438250 ns, At safepoint: 45454333 ns, Total: 46892583 ns
[2025-03-31T01:59:44.569+0000][7][safepoint   ] Safepoint "Cleanup", Time since last: 677284124183 ns, Reaching safepoint: 551917 ns, At safepoint: 22792 ns, Total: 574709 ns
[2025-03-31T02:16:30.611+0000][7][gc,start    ] GC(75) Pause Young (Normal) (G1 Evacuation Pause)
[2025-03-31T02:16:30.612+0000][7][gc,task     ] GC(75) Using 2 workers of 2 for evacuation
[2025-03-31T02:16:30.613+0000][7][gc,age      ] GC(75) Desired survivor size 41943040 bytes, new threshold 15 (max threshold 15)
[2025-03-31T02:16:30.681+0000][7][gc,age      ] GC(75) Age table with threshold 15 (max threshold 15)
[2025-03-31T02:16:30.681+0000][7][gc,age      ] GC(75) - age   1:      65520 bytes,      65520 total
[2025-03-31T02:16:30.682+0000][7][gc,age      ] GC(75) - age   2:      53336 bytes,     118856 total
[2025-03-31T02:16:30.682+0000][7][gc,age      ] GC(75) - age   3:      53256 bytes,     172112 total
[2025-03-31T02:16:30.682+0000][7][gc,age      ] GC(75) - age   4:      55680 bytes,     227792 total
[2025-03-31T02:16:30.682+0000][7][gc,age      ] GC(75) - age   5:      53440 bytes,     281232 total
[2025-03-31T02:16:30.682+0000][7][gc,age      ] GC(75) - age   6:      53864 bytes,     335096 total
[2025-03-31T02:16:30.683+0000][7][gc,age      ] GC(75) - age   7:      53464 bytes,     388560 total
[2025-03-31T02:16:30.683+0000][7][gc,age      ] GC(75) - age   8:      53696 bytes,     442256 total
[2025-03-31T02:16:30.683+0000][7][gc,age      ] GC(75) - age   9:      53512 bytes,     495768 total
[2025-03-31T02:16:30.683+0000][7][gc,age      ] GC(75) - age  10:     219024 bytes,     714792 total
[2025-03-31T02:16:30.683+0000][7][gc,age      ] GC(75) - age  11:      57072 bytes,     771864 total
[2025-03-31T02:16:30.683+0000][7][gc,age      ] GC(75) - age  12:      53880 bytes,     825744 total
[2025-03-31T02:16:30.684+0000][7][gc,age      ] GC(75) - age  13:      53664 bytes,     879408 total
[2025-03-31T02:16:30.684+0000][7][gc,age      ] GC(75) - age  14:      53864 bytes,     933272 total
[2025-03-31T02:16:30.684+0000][7][gc,age      ] GC(75) - age  15:      53176 bytes,     986448 total
[2025-03-31T02:16:30.685+0000][7][gc,phases   ] GC(75)   Pre Evacuate Collection Set: 1.7ms
[2025-03-31T02:16:30.686+0000][7][gc,phases   ] GC(75)   Merge Heap Roots: 0.5ms
[2025-03-31T02:16:30.686+0000][7][gc,phases   ] GC(75)   Evacuate Collection Set: 55.8ms
[2025-03-31T02:16:30.686+0000][7][gc,phases   ] GC(75)   Post Evacuate Collection Set: 9.4ms
[2025-03-31T02:16:30.686+0000][7][gc,phases   ] GC(75)   Other: 7.0ms
[2025-03-31T02:16:30.687+0000][7][gc,heap     ] GC(75) Eden regions: 152->0(152)
[2025-03-31T02:16:30.687+0000][7][gc,heap     ] GC(75) Survivor regions: 1->1(20)
[2025-03-31T02:16:30.687+0000][7][gc,heap     ] GC(75) Old regions: 20->20
[2025-03-31T02:16:30.687+0000][7][gc,heap     ] GC(75) Archive regions: 2->2
[2025-03-31T02:16:30.687+0000][7][gc,heap     ] GC(75) Humongous regions: 2->2
[2025-03-31T02:16:30.687+0000][7][gc,metaspace] GC(75) Metaspace: 108588K(110144K)->108588K(110144K) NonClass: 93731K(94656K)->93731K(94656K) Class: 14857K(15488K)->14857K(15488K)
[2025-03-31T02:16:30.688+0000][7][gc          ] GC(75) Pause Young (Normal) (G1 Evacuation Pause) 697M->89M(1024M) 77.027ms
[2025-03-31T02:16:30.688+0000][7][gc,cpu      ] GC(75) User=0.13s Sys=0.00s Real=0.07s
[2025-03-31T02:16:30.688+0000][7][safepoint   ] Safepoint "G1CollectForAllocation", Time since last: 1006042513335 ns, Reaching safepoint: 1517708 ns, At safepoint: 77919000 ns, Total: 79436708 ns
[2025-03-31T02:17:08.733+0000][7][safepoint   ] Safepoint "Cleanup", Time since last: 38042946476 ns, Reaching safepoint: 2053166 ns, At safepoint: 49375 ns, Total: 2102541 ns
[2025-03-31T02:23:39.304+0000][7][safepoint   ] Safepoint "Cleanup", Time since last: 390594034387 ns, Reaching safepoint: 760625 ns, At safepoint: 28292 ns, Total: 788917 ns
[2025-03-31T02:33:00.191+0000][7][safepoint   ] Safepoint "Cleanup", Time since last: 560894212923 ns, Reaching safepoint: 431333 ns, At safepoint: 107375 ns, Total: 538708 ns
[2025-03-31T02:44:34.232+0000][7][gc,start    ] GC(76) Pause Young (Normal) (G1 Evacuation Pause)
[2025-03-31T02:44:34.234+0000][7][gc,task     ] GC(76) Using 2 workers of 2 for evacuation
[2025-03-31T02:44:34.235+0000][7][gc,age      ] GC(76) Desired survivor size 41943040 bytes, new threshold 15 (max threshold 15)
[2025-03-31T02:44:34.277+0000][7][gc,age      ] GC(76) Age table with threshold 15 (max threshold 15)
[2025-03-31T02:44:34.277+0000][7][gc,age      ] GC(76) - age   1:      65360 bytes,      65360 total
[2025-03-31T02:44:34.277+0000][7][gc,age      ] GC(76) - age   2:      53688 bytes,     119048 total
[2025-03-31T02:44:34.277+0000][7][gc,age      ] GC(76) - age   3:      53336 bytes,     172384 total
[2025-03-31T02:44:34.277+0000][7][gc,age      ] GC(76) - age   4:      53256 bytes,     225640 total
[2025-03-31T02:44:34.277+0000][7][gc,age      ] GC(76) - age   5:      55680 bytes,     281320 total
[2025-03-31T02:44:34.277+0000][7][gc,age      ] GC(76) - age   6:      53440 bytes,     334760 total
[2025-03-31T02:44:34.277+0000][7][gc,age      ] GC(76) - age   7:      53864 bytes,     388624 total
[2025-03-31T02:44:34.277+0000][7][gc,age      ] GC(76) - age   8:      53464 bytes,     442088 total
[2025-03-31T02:44:34.277+0000][7][gc,age      ] GC(76) - age   9:      53696 bytes,     495784 total
[2025-03-31T02:44:34.277+0000][7][gc,age      ] GC(76) - age  10:      53512 bytes,     549296 total
[2025-03-31T02:44:34.277+0000][7][gc,age      ] GC(76) - age  11:     219024 bytes,     768320 total
[2025-03-31T02:44:34.277+0000][7][gc,age      ] GC(76) - age  12:      56872 bytes,     825192 total
[2025-03-31T02:44:34.278+0000][7][gc,age      ] GC(76) - age  13:      53880 bytes,     879072 total
[2025-03-31T02:44:34.278+0000][7][gc,age      ] GC(76) - age  14:      53664 bytes,     932736 total
[2025-03-31T02:44:34.278+0000][7][gc,age      ] GC(76) - age  15:      53864 bytes,     986600 total
[2025-03-31T02:44:34.278+0000][7][gc,phases   ] GC(76)   Pre Evacuate Collection Set: 1.5ms
[2025-03-31T02:44:34.278+0000][7][gc,phases   ] GC(76)   Merge Heap Roots: 0.7ms
[2025-03-31T02:44:34.278+0000][7][gc,phases   ] GC(76)   Evacuate Collection Set: 33.7ms
[2025-03-31T02:44:34.278+0000][7][gc,phases   ] GC(76)   Post Evacuate Collection Set: 5.8ms
[2025-03-31T02:44:34.278+0000][7][gc,phases   ] GC(76)   Other: 4.4ms
[2025-03-31T02:44:34.278+0000][7][gc,heap     ] GC(76) Eden regions: 152->0(152)
[2025-03-31T02:44:34.278+0000][7][gc,heap     ] GC(76) Survivor regions: 1->1(20)
[2025-03-31T02:44:34.278+0000][7][gc,heap     ] GC(76) Old regions: 20->20
[2025-03-31T02:44:34.278+0000][7][gc,heap     ] GC(76) Archive regions: 2->2
[2025-03-31T02:44:34.278+0000][7][gc,heap     ] GC(76) Humongous regions: 2->2
[2025-03-31T02:44:34.278+0000][7][gc,metaspace] GC(76) Metaspace: 108588K(110144K)->108588K(110144K) NonClass: 93731K(94656K)->93731K(94656K) Class: 14857K(15488K)->14857K(15488K)
[2025-03-31T02:44:34.278+0000][7][gc          ] GC(76) Pause Young (Normal) (G1 Evacuation Pause) 697M->89M(1024M) 46.108ms
[2025-03-31T02:44:34.278+0000][7][gc,cpu      ] GC(76) User=0.08s Sys=0.00s Real=0.05s
[2025-03-31T02:44:34.278+0000][7][safepoint   ] Safepoint "G1CollectForAllocation", Time since last: 694046668441 ns, Reaching safepoint: 1691042 ns, At safepoint: 47809875 ns, Total: 49500917 ns
[2025-03-31T02:50:39.931+0000][7][safepoint   ] Safepoint "Cleanup", Time since last: 365657032416 ns, Reaching safepoint: 560958 ns, At safepoint: 29500 ns, Total: 590458 ns
[2025-03-31T02:56:54.633+0000][7][safepoint   ] Safepoint "Cleanup", Time since last: 374648058713 ns, Reaching safepoint: 5689166 ns, At safepoint: 279542 ns, Total: 5968708 ns
[2025-03-31T03:12:37.992+0000][7][gc,start    ] GC(77) Pause Young (Normal) (G1 Evacuation Pause)
[2025-03-31T03:12:37.994+0000][7][gc,task     ] GC(77) Using 2 workers of 2 for evacuation
[2025-03-31T03:12:37.997+0000][7][gc,age      ] GC(77) Desired survivor size 41943040 bytes, new threshold 15 (max threshold 15)
[2025-03-31T03:12:38.037+0000][7][gc,age      ] GC(77) Age table with threshold 15 (max threshold 15)
[2025-03-31T03:12:38.037+0000][7][gc,age      ] GC(77) - age   1:      67008 bytes,      67008 total
[2025-03-31T03:12:38.037+0000][7][gc,age      ] GC(77) - age   2:      53320 bytes,     120328 total
[2025-03-31T03:12:38.037+0000][7][gc,age      ] GC(77) - age   3:      53304 bytes,     173632 total
[2025-03-31T03:12:38.038+0000][7][gc,age      ] GC(77) - age   4:      53336 bytes,     226968 total
[2025-03-31T03:12:38.038+0000][7][gc,age      ] GC(77) - age   5:      53256 bytes,     280224 total
[2025-03-31T03:12:38.038+0000][7][gc,age      ] GC(77) - age   6:      55680 bytes,     335904 total
[2025-03-31T03:12:38.038+0000][7][gc,age      ] GC(77) - age   7:      53440 bytes,     389344 total
[2025-03-31T03:12:38.038+0000][7][gc,age      ] GC(77) - age   8:      53864 bytes,     443208 total
[2025-03-31T03:12:38.038+0000][7][gc,age      ] GC(77) - age   9:      53464 bytes,     496672 total
[2025-03-31T03:12:38.038+0000][7][gc,age      ] GC(77) - age  10:      53696 bytes,     550368 total
[2025-03-31T03:12:38.038+0000][7][gc,age      ] GC(77) - age  11:      53512 bytes,     603880 total
[2025-03-31T03:12:38.038+0000][7][gc,age      ] GC(77) - age  12:     218296 bytes,     822176 total
[2025-03-31T03:12:38.038+0000][7][gc,age      ] GC(77) - age  13:      56872 bytes,     879048 total
[2025-03-31T03:12:38.038+0000][7][gc,age      ] GC(77) - age  14:      53880 bytes,     932928 total
[2025-03-31T03:12:38.038+0000][7][gc,age      ] GC(77) - age  15:      53664 bytes,     986592 total
[2025-03-31T03:12:38.038+0000][7][gc,phases   ] GC(77)   Pre Evacuate Collection Set: 3.6ms
[2025-03-31T03:12:38.038+0000][7][gc,phases   ] GC(77)   Merge Heap Roots: 0.6ms
[2025-03-31T03:12:38.038+0000][7][gc,phases   ] GC(77)   Evacuate Collection Set: 32.3ms
[2025-03-31T03:12:38.038+0000][7][gc,phases   ] GC(77)   Post Evacuate Collection Set: 6.2ms
[2025-03-31T03:12:38.039+0000][7][gc,phases   ] GC(77)   Other: 4.8ms
[2025-03-31T03:12:38.039+0000][7][gc,heap     ] GC(77) Eden regions: 152->0(152)
[2025-03-31T03:12:38.039+0000][7][gc,heap     ] GC(77) Survivor regions: 1->1(20)
[2025-03-31T03:12:38.039+0000][7][gc,heap     ] GC(77) Old regions: 20->20
[2025-03-31T03:12:38.039+0000][7][gc,heap     ] GC(77) Archive regions: 2->2
[2025-03-31T03:12:38.039+0000][7][gc,heap     ] GC(77) Humongous regions: 2->2
[2025-03-31T03:12:38.039+0000][7][gc,metaspace] GC(77) Metaspace: 108594K(110144K)->108594K(110144K) NonClass: 93737K(94656K)->93737K(94656K) Class: 14857K(15488K)->14857K(15488K)
[2025-03-31T03:12:38.039+0000][7][gc          ] GC(77) Pause Young (Normal) (G1 Evacuation Pause) 697M->89M(1024M) 47.944ms
[2025-03-31T03:12:38.039+0000][7][gc,cpu      ] GC(77) User=0.09s Sys=0.00s Real=0.05s
[2025-03-31T03:12:38.039+0000][7][safepoint   ] Safepoint "G1CollectForAllocation", Time since last: 943354485928 ns, Reaching safepoint: 895958 ns, At safepoint: 50093792 ns, Total: 50989750 ns
[2025-03-31T03:29:41.039+0000][7][safepoint   ] Safepoint "Cleanup", Time since last: 1022954544384 ns, Reaching safepoint: 3236458 ns, At safepoint: 93625 ns, Total: 3330083 ns
[2025-03-31T03:32:11.229+0000][7][safepoint   ] Safepoint "Cleanup", Time since last: 150187593110 ns, Reaching safepoint: 1336333 ns, At safepoint: 53000 ns, Total: 1389333 ns
[2025-03-31T03:40:41.199+0000][7][gc,start    ] GC(78) Pause Young (Normal) (G1 Evacuation Pause)
[2025-03-31T03:40:41.200+0000][7][gc,task     ] GC(78) Using 2 workers of 2 for evacuation
[2025-03-31T03:40:41.201+0000][7][gc,age      ] GC(78) Desired survivor size 41943040 bytes, new threshold 15 (max threshold 15)
[2025-03-31T03:40:41.239+0000][7][gc,age      ] GC(78) Age table with threshold 15 (max threshold 15)
[2025-03-31T03:40:41.239+0000][7][gc,age      ] GC(78) - age   1:      81192 bytes,      81192 total
[2025-03-31T03:40:41.239+0000][7][gc,age      ] GC(78) - age   2:      54984 bytes,     136176 total
[2025-03-31T03:40:41.239+0000][7][gc,age      ] GC(78) - age   3:      53320 bytes,     189496 total
[2025-03-31T03:40:41.239+0000][7][gc,age      ] GC(78) - age   4:      53304 bytes,     242800 total
[2025-03-31T03:40:41.239+0000][7][gc,age      ] GC(78) - age   5:      53336 bytes,     296136 total
[2025-03-31T03:40:41.239+0000][7][gc,age      ] GC(78) - age   6:      53256 bytes,     349392 total
[2025-03-31T03:40:41.239+0000][7][gc,age      ] GC(78) - age   7:      55680 bytes,     405072 total
[2025-03-31T03:40:41.239+0000][7][gc,age      ] GC(78) - age   8:      53440 bytes,     458512 total
[2025-03-31T03:40:41.239+0000][7][gc,age      ] GC(78) - age   9:      53864 bytes,     512376 total
[2025-03-31T03:40:41.239+0000][7][gc,age      ] GC(78) - age  10:      53464 bytes,     565840 total
[2025-03-31T03:40:41.240+0000][7][gc,age      ] GC(78) - age  11:      53696 bytes,     619536 total
[2025-03-31T03:40:41.240+0000][7][gc,age      ] GC(78) - age  12:      53512 bytes,     673048 total
[2025-03-31T03:40:41.240+0000][7][gc,age      ] GC(78) - age  13:     218296 bytes,     891344 total
[2025-03-31T03:40:41.240+0000][7][gc,age      ] GC(78) - age  14:      56872 bytes,     948216 total
[2025-03-31T03:40:41.240+0000][7][gc,age      ] GC(78) - age  15:      53880 bytes,    1002096 total
[2025-03-31T03:40:41.240+0000][7][gc,phases   ] GC(78)   Pre Evacuate Collection Set: 1.1ms
[2025-03-31T03:40:41.240+0000][7][gc,phases   ] GC(78)   Merge Heap Roots: 0.7ms
[2025-03-31T03:40:41.240+0000][7][gc,phases   ] GC(78)   Evacuate Collection Set: 31.2ms
[2025-03-31T03:40:41.240+0000][7][gc,phases   ] GC(78)   Post Evacuate Collection Set: 5.4ms
[2025-03-31T03:40:41.240+0000][7][gc,phases   ] GC(78)   Other: 2.8ms
[2025-03-31T03:40:41.240+0000][7][gc,heap     ] GC(78) Eden regions: 152->0(152)
[2025-03-31T03:40:41.240+0000][7][gc,heap     ] GC(78) Survivor regions: 1->1(20)
[2025-03-31T03:40:41.240+0000][7][gc,heap     ] GC(78) Old regions: 20->20
[2025-03-31T03:40:41.240+0000][7][gc,heap     ] GC(78) Archive regions: 2->2
[2025-03-31T03:40:41.240+0000][7][gc,heap     ] GC(78) Humongous regions: 2->2
[2025-03-31T03:40:41.240+0000][7][gc,metaspace] GC(78) Metaspace: 108597K(110144K)->108597K(110144K) NonClass: 93739K(94656K)->93739K(94656K) Class: 14857K(15488K)->14857K(15488K)
[2025-03-31T03:40:41.241+0000][7][gc          ] GC(78) Pause Young (Normal) (G1 Evacuation Pause) 697M->89M(1024M) 41.431ms
[2025-03-31T03:40:41.241+0000][7][gc,cpu      ] GC(78) User=0.07s Sys=0.00s Real=0.04s
[2025-03-31T03:40:41.241+0000][7][safepoint   ] Safepoint "G1CollectForAllocation", Time since last: 509961529067 ns, Reaching safepoint: 740958 ns, At safepoint: 42169709 ns, Total: 42910667 ns
